{
	"format_version": "1.12.0",
	"minecraft:geometry": [
		{
			"description": {
				"identifier": "geometry.unknown",
				"texture_width": 64,
				"texture_height": 64,
				"visible_bounds_width": 2,
				"visible_bounds_height": 2.5,
				"visible_bounds_offset": [0, 0.75, 0]
			},
			"bones": [
				{
					"name": "body",
					"pivot": [0, 8, 0],
					"cubes": [
						{
							"origin": [-3, 7.75, -13.75],
							"size": [6, 8, 6],
							"pivot": [0, 15.25, -3.5],
							"rotation": [90, 0, 0],
							"uv": {
								"north": {"uv": [6, 15], "uv_size": [6, 8]},
								"east": {"uv": [0, 15], "uv_size": [6, 8]},
								"south": {"uv": [18, 15], "uv_size": [6, 8]},
								"west": {"uv": [12, 15], "uv_size": [6, 8]},
								"up": {"uv": [6, 9], "uv_size": [6, 6]},
								"down": {"uv": [12, 15], "uv_size": [6, -6]}
							}
						}
					]
				},
				{
					"name": "head",
					"pivot": [0, 9, -4],
					"cubes": [
						{
							"origin": [-2, 9, -6],
							"size": [4, 6, 3],
							"uv": {
								"north": {"uv": [3, 3], "uv_size": [4, 6]},
								"east": {"uv": [0, 3], "uv_size": [3, 6]},
								"south": {"uv": [10, 3], "uv_size": [4, 6]},
								"west": {"uv": [7, 3], "uv_size": [3, 6]},
								"up": {"uv": [3, 0], "uv_size": [4, 3]},
								"down": {"uv": [7, 3], "uv_size": [4, -3]}
							}
						}
					],
					"locators": {
						"lead": [0, 9, -4]
					}
				},
				{
					"name": "comb",
					"parent": "head",
					"pivot": [0, 9, -4],
					"cubes": [
						{
							"origin": [-1, 9, -7],
							"size": [2, 2, 2],
							"uv": {
								"north": {"uv": [16, 6], "uv_size": [2, 2]},
								"east": {"uv": [14, 6], "uv_size": [2, 2]},
								"south": {"uv": [20, 6], "uv_size": [2, 2]},
								"west": {"uv": [18, 6], "uv_size": [2, 2]},
								"up": {"uv": [16, 4], "uv_size": [2, 2]},
								"down": {"uv": [18, 6], "uv_size": [2, -2]}
							}
						}
					]
				},
				{
					"name": "beak_upper",
					"parent": "head",
					"pivot": [0, 0, 0],
					"cubes": [
						{
							"origin": [-2, 12, -8],
							"size": [4, 1, 2],
							"uv": {
								"north": {"uv": [16, 2], "uv_size": [4, 1]},
								"east": {"uv": [14, 2], "uv_size": [2, 1]},
								"south": {"uv": [22, 2], "uv_size": [4, 1]},
								"west": {"uv": [20, 2], "uv_size": [2, 1]},
								"up": {"uv": [16, 0], "uv_size": [4, 2]},
								"down": {"uv": [20, 2], "uv_size": [4, -2]}
							}
						}
					]
				},
				{
					"name": "beak_lower",
					"parent": "head",
					"pivot": [0, 9, -4],
					"cubes": [
						{
							"origin": [-2, 11, -8],
							"size": [4, 1, 2],
							"uv": {
								"north": {"uv": [16, 2], "uv_size": [4, 1]},
								"east": {"uv": [14, 2], "uv_size": [2, 1]},
								"south": {"uv": [22, 2], "uv_size": [4, 1]},
								"west": {"uv": [20, 2], "uv_size": [2, 1]},
								"up": {"uv": [16, 0], "uv_size": [4, 2]},
								"down": {"uv": [20, 2], "uv_size": [4, -2]}
							}
						}
					]
				},
				{
					"name": "leg0",
					"pivot": [-2, 5, 1],
					"cubes": [
						{
							"origin": [-3, 0, -2],
							"size": [3, 5, 3],
							"uv": {
								"north": {"uv": [29, 3], "uv_size": [3, 5]},
								"east": {"uv": [26, 3], "uv_size": [3, 5]},
								"south": {"uv": [35, 3], "uv_size": [3, 5]},
								"west": {"uv": [32, 3], "uv_size": [3, 5]},
								"up": {"uv": [29, 0], "uv_size": [3, 3]},
								"down": {"uv": [32, 3], "uv_size": [3, -3]}
							}
						}
					]
				},
				{
					"name": "leg1",
					"pivot": [1, 5, 1],
					"cubes": [
						{
							"origin": [0, 0, -2],
							"size": [3, 5, 3],
							"uv": {
								"north": {"uv": [29, 3], "uv_size": [3, 5]},
								"east": {"uv": [26, 3], "uv_size": [3, 5]},
								"south": {"uv": [35, 3], "uv_size": [3, 5]},
								"west": {"uv": [32, 3], "uv_size": [3, 5]},
								"up": {"uv": [29, 0], "uv_size": [3, 3]},
								"down": {"uv": [32, 3], "uv_size": [3, -3]}
							}
						}
					]
				},
				{
					"name": "wing0",
					"pivot": [-3.5, 9, 0],
					"cubes": [
						{
							"origin": [-4, 7, -3],
							"size": [1, 4, 6],
							"uv": {
								"north": {"uv": [30, 19], "uv_size": [1, 4]},
								"east": {"uv": [24, 19], "uv_size": [6, 4]},
								"south": {"uv": [37, 19], "uv_size": [1, 4]},
								"west": {"uv": [31, 19], "uv_size": [6, 4]},
								"up": {"uv": [30, 13], "uv_size": [1, 6]},
								"down": {"uv": [31, 19], "uv_size": [1, -6]}
							}
						}
					]
				},
				{
					"name": "wing1",
					"pivot": [3.5, 9, 0],
					"cubes": [
						{
							"origin": [3, 7, -3],
							"size": [1, 4, 6],
							"uv": {
								"north": {"uv": [30, 19], "uv_size": [1, 4]},
								"east": {"uv": [24, 19], "uv_size": [6, 4]},
								"south": {"uv": [37, 19], "uv_size": [1, 4]},
								"west": {"uv": [31, 19], "uv_size": [6, 4]},
								"up": {"uv": [30, 13], "uv_size": [1, 6]},
								"down": {"uv": [31, 19], "uv_size": [1, -6]}
							}
						}
					]
				},
				{
					"name": "Steve",
					"pivot": [0, 4.916, -11]
				},
				{
					"name": "LeftArm",
					"parent": "Steve",
					"pivot": [0, 4.916, -11],
					"cubes": [
						{
							"origin": [1.009, 11.1874, -11.2054],
							"size": [0.4108, 2.03, 0.4108],
							"inflate": 0.25,
							"uv": {
								"north": {"uv": [7, 10], "uv_size": [4, 12]},
								"east": {"uv": [3, 10], "uv_size": [4, 12]},
								"south": {"uv": [15, 10], "uv_size": [4, 12]},
								"west": {"uv": [11, 10], "uv_size": [4, 12]},
								"up": {"uv": [7, 6], "uv_size": [4, 4]},
								"down": {"uv": [11, 10], "uv_size": [4, -4]}
							}
						}
					]
				},
				{
					"name": "Head2",
					"parent": "Steve",
					"pivot": [0, 4.916, -11],
					"cubes": [
						{
							"origin": [-0.8096, 13.4168, -11.8096],
							"size": [1.6192, 1.6192, 1.6192],
							"uv": {
								"north": {"uv": [1, 12], "uv_size": [8, 8]},
								"east": {"uv": [0, 8], "uv_size": [8, 8]},
								"south": {"uv": [6, 14], "uv_size": [8, 8]},
								"west": {"uv": [1, 11], "uv_size": [12, 12]},
								"up": {"uv": [8, 14], "uv_size": [8, 8]},
								"down": {"uv": [6, 22], "uv_size": [8, -8]}
							}
						}
					]
				},
				{
					"name": "Body2",
					"parent": "Steve",
					"pivot": [0, 4.916, -11],
					"cubes": [
						{
							"origin": [-0.8096, 10.988, -11.4048],
							"size": [1.6192, 2.4288, 0.8096],
							"uv": {
								"north": {"uv": [4, 11], "uv_size": [8, 12]},
								"east": {"uv": [0, 11], "uv_size": [4, 12]},
								"south": {"uv": [16, 11], "uv_size": [8, 12]},
								"west": {"uv": [12, 11], "uv_size": [4, 12]},
								"up": {"uv": [4, 7], "uv_size": [8, 4]},
								"down": {"uv": [12, 11], "uv_size": [8, -4]}
							}
						}
					]
				},
				{
					"name": "RightArm",
					"parent": "Steve",
					"pivot": [0, 4.916, -11],
					"cubes": [
						{
							"origin": [-1.6192, 10.988, -11.4048],
							"size": [0.8096, 2.4288, 0.8096],
							"uv": {
								"north": {"uv": [8, 11], "uv_size": [4, 12]},
								"east": {"uv": [4, 11], "uv_size": [4, 12]},
								"south": {"uv": [16, 11], "uv_size": [4, 12]},
								"west": {"uv": [12, 11], "uv_size": [4, 12]},
								"up": {"uv": [8, 7], "uv_size": [4, 4]},
								"down": {"uv": [12, 11], "uv_size": [4, -4]}
							}
						}
					]
				},
				{
					"name": "LeftArm2",
					"parent": "Steve",
					"pivot": [0, 4.916, -11],
					"cubes": [
						{
							"origin": [0.8096, 10.988, -11.4048],
							"size": [0.8096, 2.4288, 0.8096],
							"uv": {
								"north": {"uv": [36, 52], "uv_size": [4, 12]},
								"east": {"uv": [32, 52], "uv_size": [4, 12]},
								"south": {"uv": [44, 52], "uv_size": [4, 12]},
								"west": {"uv": [40, 52], "uv_size": [4, 12]},
								"up": {"uv": [36, 48], "uv_size": [4, 4]},
								"down": {"uv": [40, 52], "uv_size": [4, -4]}
							}
						}
					]
				},
				{
					"name": "LeftLeg",
					"parent": "Steve",
					"pivot": [0, 4.916, -11],
					"cubes": [
						{
							"origin": [-0.02024, 8.5592, -11.4048],
							"size": [0.8096, 2.4288, 0.8096],
							"uv": {
								"north": {"uv": [20, 52], "uv_size": [4, 12]},
								"east": {"uv": [16, 52], "uv_size": [4, 12]},
								"south": {"uv": [28, 52], "uv_size": [4, 12]},
								"west": {"uv": [24, 52], "uv_size": [4, 12]},
								"up": {"uv": [20, 48], "uv_size": [4, 4]},
								"down": {"uv": [24, 52], "uv_size": [4, -4]}
							}
						},
						{
							"origin": [0.17916, 8.7586, -11.2054],
							"size": [0.4108, 2.03, 0.4108],
							"inflate": 0.25,
							"uv": {
								"north": {"uv": [8, 9], "uv_size": [4, 12]},
								"east": {"uv": [4, 9], "uv_size": [4, 12]},
								"south": {"uv": [16, 9], "uv_size": [4, 12]},
								"west": {"uv": [12, 9], "uv_size": [4, 12]},
								"up": {"uv": [8, 5], "uv_size": [4, 4]},
								"down": {"uv": [12, 9], "uv_size": [4, -4]}
							}
						}
					]
				},
				{
					"name": "RightLeg",
					"parent": "Steve",
					"pivot": [0, 4.916, -11],
					"cubes": [
						{
							"origin": [-0.78936, 8.5592, -11.4048],
							"size": [0.8096, 2.4288, 0.8096],
							"uv": {
								"north": {"uv": [4, 20], "uv_size": [4, 12]},
								"east": {"uv": [0, 20], "uv_size": [4, 12]},
								"south": {"uv": [12, 20], "uv_size": [4, 12]},
								"west": {"uv": [8, 20], "uv_size": [4, 12]},
								"up": {"uv": [4, 16], "uv_size": [4, 4]},
								"down": {"uv": [8, 20], "uv_size": [4, -4]}
							}
						},
						{
							"origin": [-0.58996, 8.7586, -11.2054],
							"size": [0.4108, 2.03, 0.4108],
							"inflate": 0.25,
							"uv": {
								"north": {"uv": [7, 11], "uv_size": [4, 12]},
								"east": {"uv": [3, 11], "uv_size": [4, 12]},
								"south": {"uv": [15, 11], "uv_size": [4, 12]},
								"west": {"uv": [11, 11], "uv_size": [4, 12]},
								"up": {"uv": [7, 7], "uv_size": [4, 4]},
								"down": {"uv": [11, 11], "uv_size": [4, -4]}
							}
						}
					]
				}
			]
		}
	]
}