{
	"format_version": "1.12.0",
	"minecraft:geometry": [
		{
			"description": {
				"identifier": "geometry.mutatedallay",
				"texture_width": 32,
				"texture_height": 32,
				"visible_bounds_width": 3,
				"visible_bounds_height": 2.5,
				"visible_bounds_offset": [0, 0.75, 0]
			},
			"bones": [
				{
					"name": "root",
					"pivot": [0, 0, 0]
				},
				{
					"name": "head",
					"parent": "root",
					"pivot": [0, 4, 0],
					"cubes": [
						{"origin": [-2.5, 4.01, -2.5], "size": [5, 5, 5], "uv": [0, 0]},
						{"origin": [1.5, 7.01, -3.5], "size": [2, 2, 2], "inflate": 0.01, "uv": [15, 0]},
						{"origin": [0.5, 8.01, -2.5], "size": [2, 2, 2], "inflate": 0.01, "uv": [15, 0]},
						{"origin": [0.5, 8.01, 0.5], "size": [2, 2, 2], "inflate": 0.01, "uv": [15, 0]},
						{"origin": [-0.5, 9.01, -1.5], "size": [2, 2, 2], "inflate": 0.01, "uv": [15, 0]},
						{"origin": [-0.5, 7.01, -0.5], "size": [2, 2, 2], "inflate": 0.02, "pivot": [0, 7, 2], "rotation": [0, -90, 0], "uv": [15, 0]},
						{"origin": [1.5, 7.01, -0.5], "size": [2, 2, 2], "inflate": 0.01, "uv": [15, 0]},
						{"origin": [3.5, 6.01, -1.5], "size": [2, 2, 2], "inflate": 0.01, "pivot": [4, 7, -1], "rotation": [0, -90, 0], "uv": [15, 0]},
						{"origin": [0.5, 5.01, -3.5], "size": [2, 2, 2], "inflate": 0.01, "uv": [15, 0]},
						{"origin": [1.5, 5.01, 0.5], "size": [2, 2, 2], "inflate": 0.01, "uv": [15, 0]}
					]
				},
				{
					"name": "body",
					"parent": "root",
					"pivot": [0, 4, 0],
					"cubes": [
						{"origin": [-1.5, 0, 1], "size": [2, 4, 0], "uv": [20, 4]},
						{"origin": [0.5, 0, 1], "size": [1, 4, 0], "uv": [12, 15]},
						{"origin": [1.5, 0, -1], "size": [0, 4, 2], "uv": [4, 19]},
						{"origin": [-1.5, 0, -1], "size": [0, 4, 2], "uv": [0, 19]},
						{"origin": [-1.5, -4, -1], "size": [3, 8, 2], "inflate": -0.2, "uv": [14, 13]}
					]
				},
				{
					"name": "rib2",
					"parent": "body",
					"pivot": [-1.5, 2, -1],
					"cubes": [
						{"origin": [-1.5, 0, -1], "size": [2, 4, 0], "uv": [20, 4]}
					]
				},
				{
					"name": "riblong3",
					"parent": "rib2",
					"pivot": [-1, 3.5, -0.5],
					"cubes": [
						{"origin": [-1.5, 3, -1], "size": [1, 1, 1], "inflate": -0.1, "uv": [4, 15]}
					]
				},
				{
					"name": "riblong2",
					"parent": "rib2",
					"pivot": [-1, 1.5, -0.5],
					"cubes": [
						{"origin": [-1.5, 1, -1], "size": [1, 1, 1], "inflate": -0.1, "uv": [4, 15]}
					]
				},
				{
					"name": "rib1",
					"parent": "body",
					"pivot": [1.5, 2, -1],
					"rotation": [0, 90, 0],
					"cubes": [
						{"origin": [0.5, 0, -1], "size": [1, 4, 0], "pivot": [1.5, 2, -1], "rotation": [0, -92.5, 0], "uv": [12, 19]}
					]
				},
				{
					"name": "riblong1",
					"parent": "rib1",
					"pivot": [1, 2.5, -1.5],
					"cubes": [
						{"origin": [0.5, 2, -2], "size": [1, 1, 1], "inflate": -0.1, "uv": [4, 15]}
					]
				},
				{
					"name": "rightItem",
					"parent": "body",
					"pivot": [0, -1, -2],
					"rotation": [-80, 0, 0]
				},
				{
					"name": "right_arm",
					"parent": "body",
					"pivot": [-1.75, 3.5, 0],
					"cubes": [
						{"origin": [-2.5, 0, -1], "size": [1, 4, 2], "uv": [0, 15]},
						{"origin": [-2.5, -4, -1], "size": [1, 4, 2], "uv": [0, 15]},
						{"origin": [-3.5, -3, -0.5], "size": [1, 4, 1], "pivot": [-3, 0, 0], "rotation": [0, 0, 60], "uv": [0, 0]},
						{"origin": [-5.5, -2, -0.5], "size": [1, 4, 1], "pivot": [-3, 0, 0], "rotation": [0, 0, 60], "uv": [0, 0]},
						{"origin": [-1.5, -4, -0.5], "size": [1, 4, 1], "pivot": [-3, 0, 0], "rotation": [0, 0, 60], "uv": [0, 0]}
					]
				},
				{
					"name": "left_arm",
					"parent": "body",
					"pivot": [1.75, 3.5, 0],
					"cubes": [
						{"origin": [1.5, 0, -1], "size": [1, 4, 2], "uv": [6, 15]}
					]
				},
				{
					"name": "left_wing",
					"parent": "body",
					"pivot": [0.5, 3, 1],
					"cubes": [
						{"origin": [0.5, -2, 1], "size": [0, 5, 8], "uv": [0, 2], "mirror": true},
						{"origin": [1.5, -1, 1], "size": [0, 5, 8], "pivot": [0, 0, 0], "rotation": [10, 0, 0], "uv": [0, 2], "mirror": true}
					]
				},
				{
					"name": "right_wing",
					"parent": "body",
					"pivot": [-0.5, 3, 1],
					"cubes": [
						{"origin": [-0.5, -2, 1], "size": [0, 5, 8], "uv": [0, 2]},
						{"origin": [-1.5, -1, 1], "size": [0, 5, 8], "pivot": [0, 0, 0], "rotation": [10, 0, 0], "uv": [0, 2]}
					]
				}
			]
		}
	]
}