{
	"format_version": "1.12.0",
	"minecraft:geometry": [
		{
			"description": {
				"identifier": "geometry.piglinzombieender",
				"texture_width": 128,
				"texture_height": 128,
				"visible_bounds_width": 3,
				"visible_bounds_height": 3.5,
				"visible_bounds_offset": [0, 1.25, 0]
			},
			"bones": [
				{
					"name": "bone2",
					"pivot": [0, 0, 0]
				},
				{
					"name": "LeftLeg",
					"parent": "bone2",
					"pivot": [1.9, 12, 2],
					"cubes": [
						{"origin": [0, 0, 0], "size": [4, 12, 4], "inflate": -0.4, "uv": [56, 0]},
						{"origin": [0, 0, 0], "size": [4, 12, 4], "inflate": -0.2, "uv": [112, 0]}
					]
				},
				{
					"name": "RightLeg",
					"parent": "bone2",
					"pivot": [-1.9, 12, 2],
					"cubes": [
						{"origin": [-4, 0, 0], "size": [4, 12, 4], "inflate": -0.4, "uv": [48, 59]},
						{"origin": [-4, 0, 0], "size": [4, 12, 4], "inflate": -0.2, "uv": [16, 59]}
					]
				},
				{
					"name": "Body",
					"parent": "bone2",
					"pivot": [0, 12, 0],
					"rotation": [17.5, 0, 0],
					"cubes": [
						{"origin": [-4, 17.4446, 0.60847], "size": [8, 6, 5], "uv": [0, 41]},
						{"origin": [-4, 17.4446, 0.60847], "size": [8, 6, 5], "inflate": -0.2, "uv": [31, 36]}
					]
				},
				{
					"name": "head",
					"parent": "Body",
					"pivot": [0, 23.4446, 3.60847],
					"cubes": [
						{"origin": [-5, 23.4446, -2.39153], "size": [10, 8, 8], "inflate": -0.02, "uv": [0, 16]},
						{"origin": [2, 28.4446, 4.60847], "size": [2, 2, 2], "uv": [0, 16]},
						{"origin": [1, 25.4446, 4.60847], "size": [1, 1, 2], "uv": [0, 16]},
						{"origin": [1, 31.4446, 3.60847], "size": [1, 1, 1], "uv": [0, 16]},
						{"origin": [3, 31.4446, 1.60847], "size": [2, 1, 2], "uv": [0, 16]},
						{"origin": [5, 26.4446, 3.60847], "size": [1, 2, 2], "uv": [0, 16]},
						{"origin": [5, 25.4446, -1.39153], "size": [1, 1, 1], "uv": [0, 16]},
						{"origin": [-5, 24.4446, -2.39153], "size": [10, 7, 8], "inflate": -0.2, "uv": [28, 8]},
						{"origin": [-5, 23.4446, -2.39153], "size": [10, 8, 8], "inflate": -0.4, "uv": [0, 0]},
						{"origin": [-2, 24.4446, -3.39153], "size": [4, 3, 2], "uv": [28, 0]}
					]
				},
				{
					"name": "mouthdown",
					"parent": "head",
					"pivot": [0, 24.4446, 5.60847],
					"cubes": [
						{"origin": [-2, 23.4446, -3.39153], "size": [4, 1, 1], "uv": [28, 5]},
						{"origin": [2, 23.4446, -3.39153], "size": [1, 2, 1], "uv": [0, 3]},
						{"origin": [-3, 23.4446, -3.39153], "size": [1, 2, 1], "uv": [0, 0]},
						{"origin": [-5, 23.4446, -2.39153], "size": [10, 1, 8], "uv": [0, 32]},
						{"origin": [-5, 23.4446, -2.39153], "size": [10, 3, 8], "inflate": -0.3, "uv": [0, 117]}
					]
				},
				{
					"name": "leftear",
					"parent": "head",
					"pivot": [5, 29.4446, 1.60847],
					"rotation": [0, 0, -30],
					"cubes": [
						{"origin": [4, 24.4446, -0.39153], "size": [1, 5, 4], "uv": [0, 68]}
					]
				},
				{
					"name": "rightear",
					"parent": "head",
					"pivot": [-5, 29.4446, 1.60847],
					"rotation": [0, 0, 30]
				},
				{
					"name": "hat",
					"parent": "head",
					"pivot": [0, 23.4446, 1.60847]
				},
				{
					"name": "bone",
					"parent": "Body",
					"pivot": [0, 17.4446, 3.60847],
					"rotation": [-17.5, 0, 0],
					"cubes": [
						{"origin": [-4, 10.4446, 1.60847], "size": [8, 8, 4], "inflate": -0.3, "uv": [50, 47]},
						{"origin": [-4, 10.4446, 1.60847], "size": [8, 8, 4], "inflate": -0.4, "uv": [26, 47]}
					]
				},
				{
					"name": "RightArm",
					"parent": "Body",
					"pivot": [-5, 21.4446, 3.60847],
					"cubes": [
						{"origin": [-8, 13.4446, 1.60847], "size": [4, 10, 4], "uv": [64, 16]},
						{"origin": [-8, 10.4446, 1.60847], "size": [4, 12, 4], "inflate": -0.2, "uv": [32, 59]}
					]
				},
				{
					"name": "bone3",
					"parent": "RightArm",
					"pivot": [0, -0.5554, 3.60847],
					"cubes": [
						{"origin": [-8, 1.8446, 1.60847], "size": [4, 9, 4], "inflate": -0.2, "uv": [32, 59]},
						{"origin": [-8, 1.4446, 1.60847], "size": [4, 9, 4], "uv": [64, 59]}
					]
				},
				{
					"name": "LeftArm",
					"parent": "Body",
					"pivot": [5, 21.4446, 3.60847],
					"cubes": [
						{"origin": [4, 11.4446, 1.60847], "size": [4, 12, 4], "inflate": -0.2, "uv": [60, 31]},
						{"origin": [4, 11.4446, 1.60847], "size": [4, 12, 4], "inflate": -0.4, "uv": [0, 52]}
					]
				}
			]
		}
	]
}