{
	"format_version": "1.12.0",
	"minecraft:geometry": [
		{
			"description": {
				"identifier": "geometry.geometry.humanoid",
				"texture_width": 64,
				"texture_height": 64,
				"visible_bounds_width": 3,
				"visible_bounds_height": 3.5,
				"visible_bounds_offset": [0, 1.25, 0]
			},
			"bones": [
				{
					"name": "bb_main",
					"pivot": [0, 0, 0],
					"locators": {
						"vfx_1": {
							"offset": [0, 0, 0],
							"rotation": [0, 0, -180]
						},
						"vfx_2": [0, 10, -19]
					}
				},
				{
					"name": "root",
					"pivot": [0, 0, 0]
				},
				{
					"name": "death_rotation",
					"parent": "root",
					"pivot": [0, 0, 0]
				},
				{
					"name": "total",
					"parent": "death_rotation",
					"pivot": [0, 3, 0]
				},
				{
					"name": "head_shulker",
					"parent": "total",
					"pivot": [0, 3, 0],
					"cubes": [
						{"origin": [-2.5, 0.5, -2.5], "size": [5, 5, 5], "uv": [0, 22]}
					]
				},
				{
					"name": "body_top",
					"parent": "total",
					"pivot": [0, 6, 0],
					"cubes": [
						{"origin": [-3.75, 3, -3.75], "size": [7.5, 3, 7.5], "pivot": [0, 4.5, 0], "rotation": [0, 0, -180], "uv": [0, 0]}
					]
				},
				{
					"name": "body_bottom",
					"parent": "total",
					"pivot": [0, 0, 0],
					"cubes": [
						{"origin": [-3.75, 0, -3.75], "size": [7.5, 3, 7.5], "uv": [0, 11]}
					]
				},
				{
					"name": "player",
					"parent": "root",
					"pivot": [0, 0, 0]
				},
				{
					"name": "player_body",
					"parent": "player",
					"pivot": [0, 24, 0],
					"mirror": true,
					"cubes": [
						{"origin": [-4, 12, -2], "size": [8, 12, 4], "uv": [40, 48]}
					]
				},
				{
					"name": "head",
					"parent": "player_body",
					"pivot": [0, 24, 0],
					"mirror": true,
					"cubes": [
						{"origin": [-4, 24, -4], "size": [8, 8, 8], "uv": [0, 48]}
					]
				},
				{
					"name": "leftArm",
					"parent": "player_body",
					"pivot": [-5, 22, 0],
					"mirror": true,
					"cubes": [
						{"origin": [-8, 12, -2], "size": [4, 12, 4], "uv": [48, 0], "mirror": false}
					]
				},
				{
					"name": "shulker2",
					"parent": "leftArm",
					"pivot": [0, 0, 0],
					"cubes": [
						{"origin": [-3.75, 0, -3.75], "size": [7.5, 3, 7.5], "uv": [0, 11]}
					]
				},
				{
					"name": "rightArm",
					"parent": "player_body",
					"pivot": [5, 22, 0],
					"mirror": true,
					"cubes": [
						{"origin": [4, 12, -2], "size": [4, 12, 4], "uv": [48, 0]}
					]
				},
				{
					"name": "shield",
					"parent": "rightArm",
					"pivot": [7, 14.25, -0.25],
					"rotation": [90, 0, -90],
					"cubes": [
						{"origin": [5.5, 20, -3.5], "size": [3, 3, 2], "pivot": [7, 21.5, -2.5], "rotation": [0, 0, 45], "uv": [32, 34]},
						{"origin": [1.76899, 4.5, -2.5], "size": [5.25, 16, 0], "pivot": [5.76899, 21.5, -2.5], "rotation": [0, 10, 0], "uv": [21, 22]},
						{"origin": [1.75, 20.5, -3], "size": [5, 2, 1], "pivot": [5.75, 21.5, -2.5], "rotation": [0, 10, 0], "uv": [0, 33]},
						{"origin": [-0.69004, 11.77493, -2.93012], "size": [2, 10, 1], "pivot": [5.30996, 22.77493, -2.93012], "rotation": [-2.18558, 9.76061, -12.68664], "uv": [29, 0]},
						{"origin": [0.82488, 3.17906, -3.19724], "size": [2, 10, 1], "pivot": [6.82488, 14.17906, -3.19724], "rotation": [-4.26175, 9.05478, -25.33761], "uv": [32, 12]},
						{"origin": [7.25, 20.5, -3], "size": [5, 2, 1], "pivot": [8.25, 21.5, -2.5], "rotation": [0, -10, 0], "uv": [0, 33], "mirror": true},
						{"origin": [12.25, 20.5, -3.5], "size": [2, 2, 2], "pivot": [8.25, 21.5, -2.5], "rotation": [0, -10, 0], "uv": [36, 0], "mirror": true},
						{"origin": [-0.25, 20.5, -3.5], "size": [2, 2, 2], "pivot": [5.75, 21.5, -2.5], "rotation": [0, 10, 0], "uv": [36, 0]},
						{"origin": [12.69004, 11.77493, -2.93012], "size": [2, 10, 1], "pivot": [8.69004, 22.77493, -2.93012], "rotation": [-2.18558, -9.76061, 12.68664], "uv": [29, 0], "mirror": true},
						{"origin": [6.98101, 4.5, -2.5], "size": [5.25, 16, 0], "pivot": [8.23101, 21.5, -2.5], "rotation": [0, -10, 0], "uv": [21, 22], "mirror": true},
						{"origin": [11.17512, 3.17906, -3.19724], "size": [2, 10, 1], "pivot": [7.17512, 14.17906, -3.19724], "rotation": [-4.26175, -9.05478, 25.33761], "uv": [32, 12], "mirror": true},
						{"origin": [6.25, 1.25, -3.5], "size": [2, 2, 2], "pivot": [7, 2.5, -2.5], "rotation": [0, 0, 45], "uv": [32, 28]},
						{"origin": [6.5, 10, -0.5], "size": [1, 8, 1], "uv": [13, 33]},
						{"origin": [6.5, 10, -1.5], "size": [1, 1, 1], "uv": [0, 4]},
						{"origin": [6, 9.5, -2.5], "size": [2, 2, 1], "uv": [0, 0]},
						{"origin": [6.5, 17, -1.5], "size": [1, 1, 1], "uv": [0, 4]},
						{"origin": [6, 16.5, -2.5], "size": [2, 2, 1], "uv": [0, 0]}
					]
				},
				{
					"name": "shield_head",
					"parent": "shield",
					"pivot": [6.75, 14, -4],
					"rotation": [0, 90, 90],
					"cubes": [
						{"origin": [16.25, 0.5, -5.5], "size": [5, 5, 5], "pivot": [7.75, 3, -4], "rotation": [90, 0, -90], "uv": [0, 22]}
					]
				},
				{
					"name": "shulker1",
					"parent": "rightArm",
					"pivot": [0, 6, 0],
					"cubes": [
						{"origin": [-3.75, 3, -3.75], "size": [7.5, 3, 7.5], "pivot": [0, 4.5, 0], "rotation": [0, 0, -180], "uv": [0, 0]}
					]
				},
				{
					"name": "leftLeg",
					"parent": "player",
					"pivot": [-1.9, 12, 0],
					"mirror": true,
					"cubes": [
						{"origin": [-3.9, 0, -2], "size": [4, 12, 4], "uv": [26, 48], "mirror": false}
					]
				},
				{
					"name": "rightLeg",
					"parent": "player",
					"pivot": [1.9, 12, 0],
					"mirror": true,
					"cubes": [
						{"origin": [-0.1, 0, -2], "size": [4, 12, 4], "uv": [24, 48]}
					]
				}
			]
		}
	]
}