{
	"format_version": "1.12.0",
	"minecraft:geometry": [
		{
			"description": {
				"identifier": "geometry.fireenderman",
				"texture_width": 64,
				"texture_height": 64,
				"visible_bounds_width": 2,
				"visible_bounds_height": 4.5,
				"visible_bounds_offset": [0, 1.75, 0]
			},
			"bones": [
				{
					"name": "all",
					"pivot": [0, 4, 0]
				},
				{
					"name": "LeftLeg",
					"parent": "all",
					"pivot": [2, 30, 0],
					"cubes": [
						{
							"origin": [1, 0, -1],
							"size": [2, 30, 2],
							"uv": {
								"north": {"uv": [50, 32], "uv_size": [-2, 30]},
								"east": {"uv": [52, 32], "uv_size": [-2, 30]},
								"south": {"uv": [54, 32], "uv_size": [-2, 30]},
								"west": {"uv": [48, 32], "uv_size": [-2, 30]},
								"up": {"uv": [50, 30], "uv_size": [-2, 2]},
								"down": {"uv": [52, 32], "uv_size": [-2, -2]}
							}
						}
					]
				},
				{
					"name": "RightLeg",
					"parent": "all",
					"pivot": [-2, 30, 0],
					"cubes": [
						{
							"origin": [-3, 0, -1],
							"size": [2, 30, 2],
							"uv": {
								"north": {"uv": [40, 32], "uv_size": [2, 30]},
								"east": {"uv": [38, 32], "uv_size": [2, 30]},
								"south": {"uv": [44, 32], "uv_size": [2, 30]},
								"west": {"uv": [42, 32], "uv_size": [2, 30]},
								"up": {"uv": [40, 30], "uv_size": [2, 2]},
								"down": {"uv": [42, 32], "uv_size": [2, -2]}
							}
						}
					]
				},
				{
					"name": "Body",
					"parent": "all",
					"pivot": [0, 30, 0],
					"cubes": [
						{
							"origin": [-4, 30, -2],
							"size": [8, 12, 4],
							"uv": {
								"north": {"uv": [4, 36], "uv_size": [8, 12]},
								"east": {"uv": [0, 36], "uv_size": [4, 12]},
								"south": {"uv": [16, 36], "uv_size": [8, 12]},
								"west": {"uv": [12, 36], "uv_size": [4, 12]},
								"up": {"uv": [4, 32], "uv_size": [8, 4]},
								"down": {"uv": [12, 36], "uv_size": [8, -4]}
							}
						}
					]
				},
				{
					"name": "head",
					"parent": "Body",
					"pivot": [0, 44, 0],
					"cubes": [
						{
							"origin": [-4, 44, -4],
							"size": [8, 8, 8],
							"inflate": -0.5,
							"uv": {
								"north": {"uv": [8, 24], "uv_size": [8, 8]},
								"east": {"uv": [0, 24], "uv_size": [8, 8]},
								"south": {"uv": [24, 24], "uv_size": [8, 8]},
								"west": {"uv": [16, 24], "uv_size": [8, 8]},
								"up": {"uv": [8, 16], "uv_size": [8, 8]},
								"down": {"uv": [16, 24], "uv_size": [8, -8]}
							}
						},
						{
							"origin": [-4, 51, -4],
							"size": [8, 1, 8],
							"inflate": -0.5,
							"uv": {
								"north": {"uv": [8, 24], "uv_size": [8, 8]},
								"east": {"uv": [0, 24], "uv_size": [8, 8]},
								"south": {"uv": [24, 24], "uv_size": [8, 8]},
								"west": {"uv": [16, 24], "uv_size": [8, 8]},
								"up": {"uv": [8, 16], "uv_size": [8, 8]},
								"down": {"uv": [8, 24], "uv_size": [8, -8]}
							}
						},
						{
							"origin": [3, 44, -4],
							"size": [1, 8, 8],
							"inflate": -0.5,
							"uv": {
								"north": {"uv": [8, 24], "uv_size": [8, 8]},
								"east": {"uv": [16, 24], "uv_size": [8, 8]},
								"south": {"uv": [24, 24], "uv_size": [8, 8]},
								"west": {"uv": [16, 24], "uv_size": [8, 8]},
								"up": {"uv": [8, 16], "uv_size": [8, 8]},
								"down": {"uv": [16, 24], "uv_size": [8, -8]}
							}
						},
						{
							"origin": [-4, 44, -4],
							"size": [1, 8, 8],
							"inflate": -0.5,
							"uv": {
								"north": {"uv": [8, 24], "uv_size": [8, 8]},
								"east": {"uv": [0, 24], "uv_size": [8, 8]},
								"south": {"uv": [24, 24], "uv_size": [8, 8]},
								"west": {"uv": [0, 24], "uv_size": [8, 8]},
								"up": {"uv": [8, 16], "uv_size": [8, 8]},
								"down": {"uv": [16, 24], "uv_size": [8, -8]}
							}
						},
						{
							"origin": [-4, 44, 3],
							"size": [8, 8, 1],
							"inflate": -0.5,
							"uv": {
								"north": {"uv": [24, 24], "uv_size": [8, 8]},
								"east": {"uv": [0, 24], "uv_size": [8, 8]},
								"south": {"uv": [24, 24], "uv_size": [8, 8]},
								"west": {"uv": [16, 24], "uv_size": [8, 8]},
								"up": {"uv": [8, 16], "uv_size": [8, 8]},
								"down": {"uv": [16, 24], "uv_size": [8, -8]}
							}
						}
					]
				},
				{
					"name": "jaw",
					"parent": "head",
					"pivot": [0, 49, 4],
					"cubes": [
						{
							"origin": [-4, 42, -4],
							"size": [8, 8, 8],
							"inflate": -0.51,
							"uv": {
								"north": {"uv": [8, 8], "uv_size": [8, 8]},
								"east": {"uv": [0, 8], "uv_size": [8, 8]},
								"south": {"uv": [24, 8], "uv_size": [8, 8]},
								"west": {"uv": [16, 8], "uv_size": [8, 8]},
								"up": {"uv": [8, 0], "uv_size": [8, 8]},
								"down": {"uv": [16, 8], "uv_size": [8, -8]}
							}
						},
						{
							"origin": [3, 42, -4],
							"size": [1, 8, 8],
							"inflate": -0.51,
							"uv": {
								"north": {"uv": [8, 8], "uv_size": [8, 8]},
								"east": {"uv": [24, 8], "uv_size": [-8, 8]},
								"south": {"uv": [24, 8], "uv_size": [8, 8]},
								"west": {"uv": [16, 8], "uv_size": [8, 8]},
								"up": {"uv": [8, 0], "uv_size": [8, 8]},
								"down": {"uv": [16, 8], "uv_size": [8, -8]}
							}
						},
						{
							"origin": [-4, 42, -4],
							"size": [1, 8, 8],
							"inflate": -0.51,
							"uv": {
								"north": {"uv": [8, 8], "uv_size": [8, 8]},
								"east": {"uv": [0, 8], "uv_size": [8, 8]},
								"south": {"uv": [24, 8], "uv_size": [8, 8]},
								"west": {"uv": [8, 8], "uv_size": [-8, 8]},
								"up": {"uv": [8, 0], "uv_size": [8, 8]},
								"down": {"uv": [16, 8], "uv_size": [8, -8]}
							}
						},
						{
							"origin": [-4, 42, 3],
							"size": [8, 8, 1],
							"inflate": -0.51,
							"uv": {
								"north": {"uv": [32, 8], "uv_size": [-8, 8]},
								"east": {"uv": [0, 8], "uv_size": [8, 8]},
								"south": {"uv": [24, 8], "uv_size": [8, 8]},
								"west": {"uv": [16, 8], "uv_size": [8, 8]},
								"up": {"uv": [8, 0], "uv_size": [8, 8]},
								"down": {"uv": [16, 8], "uv_size": [8, -8]}
							}
						}
					]
				},
				{
					"name": "LeftArm",
					"parent": "Body",
					"pivot": [4, 41, 0],
					"cubes": [
						{
							"origin": [4, 12, -1],
							"size": [2, 30, 2],
							"uv": {
								"north": {"uv": [34, 32], "uv_size": [-2, 30]},
								"east": {"uv": [36, 32], "uv_size": [-2, 30]},
								"south": {"uv": [38, 32], "uv_size": [-2, 30]},
								"west": {"uv": [32, 32], "uv_size": [-2, 30]},
								"up": {"uv": [34, 30], "uv_size": [-2, 2]},
								"down": {"uv": [36, 32], "uv_size": [-2, -2]}
							}
						}
					]
				},
				{
					"name": "RightArm",
					"parent": "Body",
					"pivot": [-4, 41, 0],
					"cubes": [
						{
							"origin": [-6, 12, -1],
							"size": [2, 30, 2],
							"uv": {
								"north": {"uv": [58, 31], "uv_size": [2, 30]},
								"east": {"uv": [56, 31], "uv_size": [2, 30]},
								"south": {"uv": [62, 31], "uv_size": [2, 30]},
								"west": {"uv": [60, 31], "uv_size": [2, 30]},
								"up": {"uv": [58, 29], "uv_size": [2, 2]},
								"down": {"uv": [60, 31], "uv_size": [2, -2]}
							}
						}
					]
				}
			]
		}
	]
}