{
	"format_version": "1.12.0",
	"minecraft:geometry": [
		{
			"description": {
				"identifier": "geometry.frog",
				"texture_width": 192,
				"texture_height": 192,
				"visible_bounds_width": 5,
				"visible_bounds_height": 3.25,
				"visible_bounds_offset": [0, 1.375, 0]
			},
			"bones": [
				{
					"name": "root",
					"pivot": [0, 0, 0]
				},
				{
					"name": "body",
					"parent": "root",
					"pivot": [0, 6.04, 12.08],
					"cubes": [
						{
							"origin": [-10.57, 3.02, -12.08],
							"size": [21.14, 9.06, 27.18],
							"uv": {
								"north": {"uv": [27, 63], "uv_size": [21, 9]},
								"east": {"uv": [0, 63], "uv_size": [27, 9]},
								"south": {"uv": [75, 63], "uv_size": [21, 9]},
								"west": {"uv": [48, 63], "uv_size": [27, 9]},
								"up": {"uv": [27, 36], "uv_size": [21, 27]},
								"down": {"uv": [48, 63], "uv_size": [21, -27]}
							}
						},
						{
							"origin": [-10.57, 9.06, -12.08],
							"size": [21.14, 0, 27.18],
							"uv": {
								"north": {"uv": [38, 192], "uv_size": [21, 0]},
								"east": {"uv": [11, 192], "uv_size": [27, 0]},
								"south": {"uv": [86, 192], "uv_size": [21, 0]},
								"west": {"uv": [59, 192], "uv_size": [27, 0]},
								"up": {"uv": [38, 165], "uv_size": [21, 27]},
								"down": {"uv": [59, 192], "uv_size": [21, -27]}
							}
						},
						{
							"origin": [-10.57, 15.1, -12.08],
							"size": [21.14, 0, 27.18],
							"uv": {
								"north": {"uv": [38, 192], "uv_size": [21, 0]},
								"east": {"uv": [11, 192], "uv_size": [27, 0]},
								"south": {"uv": [86, 192], "uv_size": [21, 0]},
								"west": {"uv": [59, 192], "uv_size": [27, 0]},
								"up": {"uv": [38, 165], "uv_size": [21, 27]},
								"down": {"uv": [59, 192], "uv_size": [21, -27]}
							}
						}
					]
				},
				{
					"name": "head",
					"parent": "body",
					"pivot": [0, 12.08, 9.06],
					"cubes": [
						{
							"origin": [-10.57, 9.06, -12.08],
							"size": [21.14, 9.06, 27.18],
							"uv": {
								"north": {"uv": [27, 27], "uv_size": [21, 9]},
								"east": {"uv": [0, 27], "uv_size": [27, 9]},
								"south": {"uv": [75, 27], "uv_size": [21, 9]},
								"west": {"uv": [48, 27], "uv_size": [27, 9]},
								"up": {"uv": [27, 0], "uv_size": [21, 27]},
								"down": {"uv": [48, 27], "uv_size": [21, -27]}
							}
						},
						{
							"origin": [-10, 24.08, -9.94],
							"size": [20, 3, 2],
							"uv": {
								"north": {"uv": [122, 71], "uv_size": [20, 3]},
								"east": {"uv": [120, 71], "uv_size": [2, 3]},
								"south": {"uv": [144, 71], "uv_size": [20, 3]},
								"west": {"uv": [142, 71], "uv_size": [2, 3]},
								"up": {"uv": [122, 69], "uv_size": [20, 2]},
								"down": {"uv": [142, 71], "uv_size": [20, -2]}
							}
						},
						{
							"origin": [10, 24.08, -9.94],
							"size": [2, 3, 11],
							"uv": {
								"north": {"uv": [93, 140], "uv_size": [2, 3]},
								"east": {"uv": [82, 140], "uv_size": [11, 3]},
								"south": {"uv": [106, 140], "uv_size": [2, 3]},
								"west": {"uv": [95, 140], "uv_size": [11, 3]},
								"up": {"uv": [93, 129], "uv_size": [2, 11]},
								"down": {"uv": [95, 140], "uv_size": [2, -11]}
							}
						},
						{
							"origin": [-12, 24.08, -9.94],
							"size": [2, 3, 11],
							"uv": {
								"north": {"uv": [139, 133], "uv_size": [2, 3]},
								"east": {"uv": [128, 133], "uv_size": [11, 3]},
								"south": {"uv": [152, 133], "uv_size": [2, 3]},
								"west": {"uv": [141, 133], "uv_size": [11, 3]},
								"up": {"uv": [139, 122], "uv_size": [2, 11]},
								"down": {"uv": [141, 133], "uv_size": [2, -11]}
							}
						},
						{
							"origin": [-10, 24.08, -0.94],
							"size": [20, 3, 2],
							"uv": {
								"north": {"uv": [109, 119], "uv_size": [20, 3]},
								"east": {"uv": [107, 119], "uv_size": [2, 3]},
								"south": {"uv": [131, 119], "uv_size": [20, 3]},
								"west": {"uv": [129, 119], "uv_size": [2, 3]},
								"up": {"uv": [109, 117], "uv_size": [20, 2]},
								"down": {"uv": [129, 119], "uv_size": [20, -2]}
							}
						},
						{
							"origin": [-10, 27.08, -9.94],
							"size": [20, 6, 2],
							"uv": {
								"north": {"uv": [2, 111], "uv_size": [20, 6]},
								"east": {"uv": [0, 111], "uv_size": [2, 6]},
								"south": {"uv": [24, 111], "uv_size": [20, 6]},
								"west": {"uv": [22, 111], "uv_size": [2, 6]},
								"up": {"uv": [2, 109], "uv_size": [20, 2]},
								"down": {"uv": [22, 111], "uv_size": [20, -2]}
							}
						},
						{
							"origin": [-10, 27.08, -11.94],
							"size": [20, 6, 2],
							"uv": {
								"north": {"uv": [24, 111], "uv_size": [20, 6]},
								"east": {"uv": [0, 111], "uv_size": [2, 6]},
								"south": {"uv": [2, 111], "uv_size": [20, 6]},
								"west": {"uv": [22, 111], "uv_size": [2, 6]},
								"up": {"uv": [2, 109], "uv_size": [20, 2]},
								"down": {"uv": [22, 111], "uv_size": [20, -2]}
							}
						},
						{
							"origin": [-12, 27.08, -9.94],
							"size": [2, 4, 11],
							"uv": {
								"north": {"uv": [11, 11], "uv_size": [2, 4]},
								"east": {"uv": [0, 11], "uv_size": [11, 4]},
								"south": {"uv": [24, 11], "uv_size": [2, 4]},
								"west": {"uv": [13, 11], "uv_size": [11, 4]},
								"up": {"uv": [11, 0], "uv_size": [2, 11]},
								"down": {"uv": [13, 11], "uv_size": [2, -11]}
							}
						},
						{
							"origin": [-10, 27.08, -0.94],
							"size": [20, 4, 2],
							"uv": {
								"north": {"uv": [65, 119], "uv_size": [20, 4]},
								"east": {"uv": [63, 119], "uv_size": [2, 4]},
								"south": {"uv": [87, 119], "uv_size": [20, 4]},
								"west": {"uv": [85, 119], "uv_size": [2, 4]},
								"up": {"uv": [65, 117], "uv_size": [20, 2]},
								"down": {"uv": [85, 119], "uv_size": [20, -2]}
							}
						},
						{
							"origin": [10, 27.08, -9.94],
							"size": [2, 4, 11],
							"uv": {
								"north": {"uv": [11, 47], "uv_size": [2, 4]},
								"east": {"uv": [0, 47], "uv_size": [11, 4]},
								"south": {"uv": [24, 47], "uv_size": [2, 4]},
								"west": {"uv": [13, 47], "uv_size": [11, 4]},
								"up": {"uv": [11, 36], "uv_size": [2, 11]},
								"down": {"uv": [13, 47], "uv_size": [2, -11]}
							}
						},
						{
							"origin": [-5, 18.08, 1.06],
							"size": [10, 2, 12],
							"uv": {
								"north": {"uv": [160, 190], "uv_size": [10, 2]},
								"east": {"uv": [148, 190], "uv_size": [12, 2]},
								"south": {"uv": [182, 190], "uv_size": [10, 2]},
								"west": {"uv": [170, 190], "uv_size": [12, 2]},
								"up": {"uv": [160, 178], "uv_size": [10, 12]},
								"down": {"uv": [170, 190], "uv_size": [10, -12]}
							}
						}
					],
					"locators": {
						"lead": [0, 18.12, 0]
					}
				},
				{
					"name": "eyes",
					"parent": "head",
					"pivot": [-1.51, 12.08, 15.1]
				},
				{
					"name": "right_eye",
					"parent": "eyes",
					"pivot": [-6.04, 21.14, -4.53],
					"cubes": [
						{
							"origin": [-10.57, 18.12, -9.06],
							"size": [9.06, 6.04, 9.06],
							"uv": {
								"north": {"uv": [45, 126], "uv_size": [9, 6]},
								"east": {"uv": [36, 126], "uv_size": [9, 6]},
								"south": {"uv": [63, 126], "uv_size": [9, 6]},
								"west": {"uv": [54, 126], "uv_size": [9, 6]},
								"up": {"uv": [45, 117], "uv_size": [9, 9]},
								"down": {"uv": [54, 126], "uv_size": [9, -9]}
							}
						}
					]
				},
				{
					"name": "left_eye",
					"parent": "eyes",
					"pivot": [6.04, 21.14, -4.53],
					"cubes": [
						{
							"origin": [1.51, 18.12, -9.06],
							"size": [9.06, 6.04, 9.06],
							"uv": {
								"north": {"uv": [9, 126], "uv_size": [9, 6]},
								"east": {"uv": [0, 126], "uv_size": [9, 6]},
								"south": {"uv": [27, 126], "uv_size": [9, 6]},
								"west": {"uv": [18, 126], "uv_size": [9, 6]},
								"up": {"uv": [9, 117], "uv_size": [9, 9]},
								"down": {"uv": [18, 126], "uv_size": [9, -9]}
							}
						}
					]
				},
				{
					"name": "croaking_body",
					"parent": "body",
					"pivot": [0, 9.06, -3.02],
					"cubes": [
						{
							"origin": [-10.368, 3.524, -11.576],
							"size": [20.736, 5.636, 8.656],
							"inflate": -0.1,
							"uv": {
								"north": {"uv": [8, 104], "uv_size": [20, 5]},
								"east": {"uv": [0, 104], "uv_size": [8, 5]},
								"south": {"uv": [36, 104], "uv_size": [20, 5]},
								"west": {"uv": [28, 104], "uv_size": [8, 5]},
								"up": {"uv": [8, 96], "uv_size": [20, 8]},
								"down": {"uv": [28, 104], "uv_size": [20, -8]}
							}
						}
					]
				},
				{
					"name": "tongue",
					"parent": "body",
					"pivot": [0, 9.362, 15.1],
					"cubes": [
						{
							"origin": [-6.04, 9.362, -6.342],
							"size": [12.08, 0, 21.14],
							"uv": {
								"north": {"uv": [111, 69], "uv_size": [12, 0]},
								"east": {"uv": [90, 69], "uv_size": [21, 0]},
								"south": {"uv": [144, 69], "uv_size": [12, 0]},
								"west": {"uv": [123, 69], "uv_size": [21, 0]},
								"up": {"uv": [111, 48], "uv_size": [12, 21]},
								"down": {"uv": [123, 69], "uv_size": [12, -21]}
							}
						}
					]
				},
				{
					"name": "left_arm",
					"parent": "body",
					"pivot": [12.08, 9.06, -7.55],
					"cubes": [
						{
							"origin": [9.06, 0, -10.57],
							"size": [6.04, 9.06, 9.06],
							"uv": {
								"north": {"uv": [107, 131], "uv_size": [6, 9]},
								"east": {"uv": [98, 131], "uv_size": [9, 9]},
								"south": {"uv": [122, 131], "uv_size": [6, 9]},
								"west": {"uv": [113, 131], "uv_size": [9, 9]},
								"up": {"uv": [107, 122], "uv_size": [6, 9]},
								"down": {"uv": [113, 131], "uv_size": [6, -9]}
							}
						},
						{
							"origin": [9.06, 3, -10.57],
							"size": [6.04, 3.06, 9.06],
							"inflate": 0.5,
							"uv": {
								"north": {"uv": [137, 101], "uv_size": [6, 3]},
								"east": {"uv": [128, 101], "uv_size": [9, 3]},
								"south": {"uv": [152, 101], "uv_size": [6, 3]},
								"west": {"uv": [143, 101], "uv_size": [9, 3]},
								"up": {"uv": [137, 92], "uv_size": [6, 9]},
								"down": {"uv": [143, 101], "uv_size": [6, -9]}
							}
						},
						{
							"origin": [0, -0.0302, -22.65],
							"size": [24.16, 0, 24.16],
							"uv": {
								"north": {"uv": [111, 48], "uv_size": [24, 0]},
								"east": {"uv": [87, 48], "uv_size": [24, 0]},
								"south": {"uv": [159, 48], "uv_size": [24, 0]},
								"west": {"uv": [135, 48], "uv_size": [24, 0]},
								"up": {"uv": [111, 24], "uv_size": [24, 24]},
								"down": {"uv": [135, 48], "uv_size": [24, -24]}
							}
						}
					]
				},
				{
					"name": "right_arm",
					"parent": "body",
					"pivot": [-12.08, 9.06, -7.55],
					"cubes": [
						{
							"origin": [-15.1, 0, -10.57],
							"size": [6.04, 9.06, 9.06],
							"uv": {
								"north": {"uv": [129, 83], "uv_size": [6, 9]},
								"east": {"uv": [120, 83], "uv_size": [9, 9]},
								"south": {"uv": [144, 83], "uv_size": [6, 9]},
								"west": {"uv": [135, 83], "uv_size": [9, 9]},
								"up": {"uv": [129, 74], "uv_size": [6, 9]},
								"down": {"uv": [135, 83], "uv_size": [6, -9]}
							}
						},
						{
							"origin": [-15.1, 3, -10.57],
							"size": [6.04, 3.06, 9.06],
							"inflate": 0.5,
							"uv": {
								"north": {"uv": [72, 132], "uv_size": [6, 3]},
								"east": {"uv": [63, 132], "uv_size": [9, 3]},
								"south": {"uv": [87, 132], "uv_size": [6, 3]},
								"west": {"uv": [78, 132], "uv_size": [9, 3]},
								"up": {"uv": [72, 123], "uv_size": [6, 9]},
								"down": {"uv": [78, 132], "uv_size": [6, -9]}
							}
						},
						{
							"origin": [-24.16, -0.0302, -22.65],
							"size": [24.16, 0, 24.16],
							"uv": {
								"north": {"uv": [111, 24], "uv_size": [24, 0]},
								"east": {"uv": [87, 24], "uv_size": [24, 0]},
								"south": {"uv": [159, 24], "uv_size": [24, 0]},
								"west": {"uv": [135, 24], "uv_size": [24, 0]},
								"up": {"uv": [111, 0], "uv_size": [24, 24]},
								"down": {"uv": [135, 24], "uv_size": [24, -24]}
							}
						}
					]
				},
				{
					"name": "left_leg",
					"parent": "root",
					"pivot": [10.57, 9.06, 12.08],
					"cubes": [
						{
							"origin": [7.55, 0, 6.04],
							"size": [9.06, 9.06, 12.08],
							"uv": {
								"north": {"uv": [110, 108], "uv_size": [9, 9]},
								"east": {"uv": [98, 108], "uv_size": [12, 9]},
								"south": {"uv": [131, 108], "uv_size": [9, 9]},
								"west": {"uv": [119, 108], "uv_size": [12, 9]},
								"up": {"uv": [110, 96], "uv_size": [9, 12]},
								"down": {"uv": [119, 108], "uv_size": [9, -12]}
							}
						},
						{
							"origin": [4.53, -0.0302, 0],
							"size": [24.16, 0, 24.16],
							"uv": {
								"north": {"uv": [72, 96], "uv_size": [24, 0]},
								"east": {"uv": [48, 96], "uv_size": [24, 0]},
								"south": {"uv": [120, 96], "uv_size": [24, 0]},
								"west": {"uv": [96, 96], "uv_size": [24, 0]},
								"up": {"uv": [72, 72], "uv_size": [24, 24]},
								"down": {"uv": [96, 96], "uv_size": [24, -24]}
							}
						}
					]
				},
				{
					"name": "right_leg",
					"parent": "root",
					"pivot": [-10.57, 9.06, 12.08],
					"cubes": [
						{
							"origin": [-16.61, 0, 6.04],
							"size": [9.06, 9.06, 12.08],
							"uv": {
								"north": {"uv": [68, 108], "uv_size": [9, 9]},
								"east": {"uv": [56, 108], "uv_size": [12, 9]},
								"south": {"uv": [89, 108], "uv_size": [9, 9]},
								"west": {"uv": [77, 108], "uv_size": [12, 9]},
								"up": {"uv": [68, 96], "uv_size": [9, 12]},
								"down": {"uv": [77, 108], "uv_size": [9, -12]}
							}
						},
						{
							"origin": [-28.69, -0.0302, 0],
							"size": [24.16, 0, 24.16],
							"uv": {
								"north": {"uv": [24, 96], "uv_size": [24, 0]},
								"east": {"uv": [0, 96], "uv_size": [24, 0]},
								"south": {"uv": [72, 96], "uv_size": [24, 0]},
								"west": {"uv": [48, 96], "uv_size": [24, 0]},
								"up": {"uv": [24, 72], "uv_size": [24, 24]},
								"down": {"uv": [48, 96], "uv_size": [24, -24]}
							}
						}
					]
				}
			]
		}
	]
}