{"format_version":"1.12.0","minecraft:geometry":[{"description":{"identifier":"geometry.unknown","texture_width":128,"texture_height":128,"visible_bounds_width":5,"visible_bounds_height":2.5,"visible_bounds_offset":[0,0.75,0]},"bones":[{"name":"Rocket","pivot":[2,8,0],"rotation":[0,-90,0]},{"name":"group","parent":"Rocket","pivot":[1.5,2,1],"cubes":[{"origin":[1.5,6,-4.5],"size":[1,0.25,1.25],"uv":{"north":{"uv":[38,76],"uv_size":[4,1]},"east":{"uv":[68,75],"uv_size":[5,1]},"south":{"uv":[68,76],"uv_size":[4,1]},"west":{"uv":[73,75],"uv_size":[5,1]},"up":{"uv":[60,66],"uv_size":[4,5]},"down":{"uv":[64,71],"uv_size":[4,-5]}}},{"origin":[1.5,6.25,-4.5],"size":[1,0.25,1.5],"uv":{"north":{"uv":[72,76],"uv_size":[4,1]},"east":{"uv":[74,10],"uv_size":[6,1]},"south":{"uv":[76,76],"uv_size":[4,1]},"west":{"uv":[74,11],"uv_size":[6,1]},"up":{"uv":[64,23],"uv_size":[4,6]},"down":{"uv":[18,71],"uv_size":[4,-6]}}},{"origin":[1,6.5,-4.75],"size":[2,0.25,8.25],"uv":{"north":{"uv":[73,48],"uv_size":[8,1]},"east":{"uv":[60,54],"uv_size":[33,1]},"south":{"uv":[73,49],"uv_size":[8,1]},"west":{"uv":[60,55],"uv_size":[33,1]},"up":{"uv":[10,45],"uv_size":[8,33]},"down":{"uv":[52,85],"uv_size":[8,-33]}}},{"origin":[1,6.5,3.5],"size":[2,0.25,0.5],"uv":{"north":{"uv":[73,50],"uv_size":[8,1]},"east":{"uv":[38,72],"uv_size":[2,1]},"south":{"uv":[2,74],"uv_size":[8,1]},"west":{"uv":[38,73],"uv_size":[2,1]},"up":{"uv":[44,41],"uv_size":[8,2]},"down":{"uv":[52,51],"uv_size":[8,-2]}}},{"origin":[0.75,6.75,-4.75],"size":[2.5,0.25,8.25],"uv":{"north":{"uv":[34,33],"uv_size":[10,1]},"east":{"uv":[60,56],"uv_size":[33,1]},"south":{"uv":[64,31],"uv_size":[10,1]},"west":{"uv":[60,57],"uv_size":[33,1]},"up":{"uv":[24,24],"uv_size":[10,33]},"down":{"uv":[0,66],"uv_size":[10,-33]}}},{"origin":[0.5,7,-4.75],"size":[3,2,8.25],"uv":{"north":{"uv":[12,0],"uv_size":[12,8]},"east":{"uv":[44,33],"uv_size":[33,8]},"south":{"uv":[52,8],"uv_size":[12,8]},"west":{"uv":[52,0],"uv_size":[33,8]},"up":{"uv":[0,0],"uv_size":[12,33]},"down":{"uv":[12,45],"uv_size":[12,-33]}}},{"origin":[0.75,6.75,3.5],"size":[2.5,0.25,0.5],"uv":{"north":{"uv":[71,20],"uv_size":[10,1]},"east":{"uv":[76,74],"uv_size":[2,1]},"south":{"uv":[72,70],"uv_size":[10,1]},"west":{"uv":[19,77],"uv_size":[2,1]},"up":{"uv":[64,29],"uv_size":[10,2]},"down":{"uv":[66,43],"uv_size":[10,-2]}}},{"origin":[0.5,7,3.5],"size":[3,2,0.5],"uv":{"north":{"uv":[52,16],"uv_size":[12,8]},"east":{"uv":[10,33],"uv_size":[2,8]},"south":{"uv":[52,24],"uv_size":[12,8]},"west":{"uv":[40,67],"uv_size":[2,8]},"up":{"uv":[12,8],"uv_size":[12,2]},"down":{"uv":[12,12],"uv_size":[12,-2]}}},{"origin":[3.5,7.5,-4.5],"size":[0.25,1,1.5],"uv":{"north":{"uv":[42,76],"uv_size":[1,4]},"east":{"uv":[24,20],"uv_size":[6,4]},"south":{"uv":[43,76],"uv_size":[1,4]},"west":{"uv":[0,66],"uv_size":[6,4]},"up":{"uv":[64,73],"uv_size":[1,6]},"down":{"uv":[65,79],"uv_size":[1,-6]}}},{"origin":[3.75,7.5,-4.5],"size":[0.25,1,1.25],"uv":{"north":{"uv":[76,23],"uv_size":[1,4]},"east":{"uv":[66,43],"uv_size":[5,4]},"south":{"uv":[76,60],"uv_size":[1,4]},"west":{"uv":[66,47],"uv_size":[5,4]},"up":{"uv":[4,76],"uv_size":[1,5]},"down":{"uv":[5,81],"uv_size":[1,-5]}}},{"origin":[0.75,9,-4.75],"size":[2.5,0.25,8.25],"uv":{"north":{"uv":[72,71],"uv_size":[10,1]},"east":{"uv":[60,58],"uv_size":[33,1]},"south":{"uv":[73,45],"uv_size":[10,1]},"west":{"uv":[60,59],"uv_size":[33,1]},"up":{"uv":[34,34],"uv_size":[10,33]},"down":{"uv":[34,33],"uv_size":[10,-33]}}},{"origin":[1,9.25,-4.75],"size":[2,0.25,8.25],"uv":{"north":{"uv":[44,43],"uv_size":[8,1]},"east":{"uv":[52,32],"uv_size":[33,1]},"south":{"uv":[52,51],"uv_size":[8,1]},"west":{"uv":[60,53],"uv_size":[33,1]},"up":{"uv":[44,44],"uv_size":[8,33]},"down":{"uv":[44,33],"uv_size":[8,-33]}}},{"origin":[1.5,9.5,-4.5],"size":[1,0.25,1.5],"uv":{"north":{"uv":[76,27],"uv_size":[4,1]},"east":{"uv":[74,29],"uv_size":[6,1]},"south":{"uv":[76,28],"uv_size":[4,1]},"west":{"uv":[74,30],"uv_size":[6,1]},"up":{"uv":[22,65],"uv_size":[4,6]},"down":{"uv":[6,72],"uv_size":[4,-6]}}},{"origin":[1.5,9.75,-4.5],"size":[1,0.25,1.25],"uv":{"north":{"uv":[76,41],"uv_size":[4,1]},"east":{"uv":[26,76],"uv_size":[5,1]},"south":{"uv":[76,42],"uv_size":[4,1]},"west":{"uv":[31,76],"uv_size":[5,1]},"up":{"uv":[32,67],"uv_size":[4,5]},"down":{"uv":[36,72],"uv_size":[4,-5]}}},{"origin":[0.25,7.5,-4.5],"size":[0.25,1,1.5],"uv":{"north":{"uv":[6,76],"uv_size":[1,5]},"east":{"uv":[26,63],"uv_size":[6,5]},"south":{"uv":[7,76],"uv_size":[1,5]},"west":{"uv":[64,8],"uv_size":[6,5]},"up":{"uv":[2,75],"uv_size":[1,6]},"down":{"uv":[3,81],"uv_size":[1,-6]}}},{"origin":[0,7.5,-4.5],"size":[0.25,1,1.25],"uv":{"north":{"uv":[8,76],"uv_size":[1,5]},"east":{"uv":[64,13],"uv_size":[5,5]},"south":{"uv":[9,76],"uv_size":[1,5]},"west":{"uv":[64,18],"uv_size":[5,5]},"up":{"uv":[36,76],"uv_size":[1,5]},"down":{"uv":[37,81],"uv_size":[1,-5]}}},{"origin":[0.75,9,3.5],"size":[2.5,0.25,0.5],"uv":{"north":{"uv":[73,46],"uv_size":[10,1]},"east":{"uv":[21,77],"uv_size":[2,1]},"south":{"uv":[73,47],"uv_size":[10,1]},"west":{"uv":[23,77],"uv_size":[2,1]},"up":{"uv":[66,51],"uv_size":[10,2]},"down":{"uv":[68,70],"uv_size":[10,-2]}}},{"origin":[1,9.25,3.5],"size":[2,0.25,0.5],"uv":{"north":{"uv":[32,74],"uv_size":[8,1]},"east":{"uv":[25,77],"uv_size":[2,1]},"south":{"uv":[68,74],"uv_size":[8,1]},"west":{"uv":[27,77],"uv_size":[2,1]},"up":{"uv":[68,23],"uv_size":[8,2]},"down":{"uv":[68,27],"uv_size":[8,-2]}}},{"origin":[1,6.75,4],"size":[2,2.5,0.5],"uv":{"north":{"uv":[24,0],"uv_size":[8,10]},"east":{"uv":[32,0],"uv_size":[2,10]},"south":{"uv":[24,10],"uv_size":[8,10]},"west":{"uv":[32,10],"uv_size":[2,10]},"up":{"uv":[68,27],"uv_size":[8,2]},"down":{"uv":[68,62],"uv_size":[8,-2]}}},{"origin":[3,7,4],"size":[0.25,2,0.5],"uv":{"north":{"uv":[60,73],"uv_size":[1,8]},"east":{"uv":[42,67],"uv_size":[2,8]},"south":{"uv":[61,73],"uv_size":[1,8]},"west":{"uv":[26,68],"uv_size":[2,8]},"up":{"uv":[29,77],"uv_size":[1,2]},"down":{"uv":[30,79],"uv_size":[1,-2]}}},{"origin":[0.75,7,4],"size":[0.25,2,0.5],"uv":{"north":{"uv":[62,73],"uv_size":[1,8]},"east":{"uv":[28,68],"uv_size":[2,8]},"south":{"uv":[63,73],"uv_size":[1,8]},"west":{"uv":[30,68],"uv_size":[2,8]},"up":{"uv":[31,77],"uv_size":[1,2]},"down":{"uv":[32,79],"uv_size":[1,-2]}}},{"origin":[1,7,4.5],"size":[2,2,0.5],"uv":{"north":{"uv":[52,41],"uv_size":[8,8]},"east":{"uv":[69,13],"uv_size":[2,8]},"south":{"uv":[18,57],"uv_size":[8,8]},"west":{"uv":[0,70],"uv_size":[2,8]},"up":{"uv":[68,62],"uv_size":[8,2]},"down":{"uv":[68,66],"uv_size":[8,-2]}}},{"origin":[1.25,7.25,5],"size":[1.5,1.5,0.5],"uv":{"north":{"uv":[18,45],"uv_size":[6,6]},"east":{"uv":[18,71],"uv_size":[2,6]},"south":{"uv":[18,51],"uv_size":[6,6]},"west":{"uv":[20,71],"uv_size":[2,6]},"up":{"uv":[60,71],"uv_size":[6,2]},"down":{"uv":[71,14],"uv_size":[6,-2]}}},{"origin":[1.5,7.5,5.5],"size":[1,1,0.5],"uv":{"north":{"uv":[30,20],"uv_size":[4,4]},"east":{"uv":[10,41],"uv_size":[2,4]},"south":{"uv":[2,70],"uv_size":[4,4]},"west":{"uv":[32,63],"uv_size":[2,4]},"up":{"uv":[6,72],"uv_size":[4,2]},"down":{"uv":[74,10],"uv_size":[4,-2]}}},{"origin":[1.25,7,-5.25],"size":[1.5,0.25,0.5],"uv":{"north":{"uv":[74,31],"uv_size":[6,1]},"east":{"uv":[33,77],"uv_size":[2,1]},"south":{"uv":[4,75],"uv_size":[6,1]},"west":{"uv":[38,77],"uv_size":[2,1]},"up":{"uv":[71,14],"uv_size":[6,2]},"down":{"uv":[71,18],"uv_size":[6,-2]}}},{"origin":[1.25,8.75,-5.25],"size":[1.5,0.25,0.5],"uv":{"north":{"uv":[32,75],"uv_size":[6,1]},"east":{"uv":[40,77],"uv_size":[2,1]},"south":{"uv":[38,75],"uv_size":[6,1]},"west":{"uv":[44,77],"uv_size":[2,1]},"up":{"uv":[71,18],"uv_size":[6,2]},"down":{"uv":[71,45],"uv_size":[6,-2]}}},{"origin":[1,7.25,-5.25],"size":[2,1.5,0.5],"uv":{"north":{"uv":[26,57],"uv_size":[8,6]},"east":{"uv":[22,71],"uv_size":[2,6]},"south":{"uv":[60,60],"uv_size":[8,6]},"west":{"uv":[24,71],"uv_size":[2,6]},"up":{"uv":[68,66],"uv_size":[8,2]},"down":{"uv":[69,23],"uv_size":[8,-2]}}},{"origin":[1.25,7.25,-5.75],"size":[1.5,1.5,0.5],"uv":{"north":{"uv":[60,41],"uv_size":[6,6]},"east":{"uv":[66,71],"uv_size":[2,6]},"south":{"uv":[60,47],"uv_size":[6,6]},"west":{"uv":[71,45],"uv_size":[2,6]},"up":{"uv":[32,72],"uv_size":[6,2]},"down":{"uv":[72,74],"uv_size":[6,-2]}}},{"origin":[1.5,7.5,-6],"size":[1,1,0.25],"uv":{"north":{"uv":[68,70],"uv_size":[4,4]},"east":{"uv":[76,64],"uv_size":[1,4]},"south":{"uv":[70,8],"uv_size":[4,4]},"west":{"uv":[18,77],"uv_size":[1,4]},"up":{"uv":[76,51],"uv_size":[4,1]},"down":{"uv":[76,53],"uv_size":[4,-1]}}}]}]}]}