{
  "required": true,
  "minVersion": "0.8",
  "package": "net.vukrosic.custommobswordsmod.mixin",
  "compatibilityLevel": "JAVA_17",
  "mixins": [
    "LivingEntityMixin",
    "ItemEntityMixin",
    "WorldMixin",
    "ServerPlayerInteractionManagerMixin",
    "ServerWorldMixin",
    "PlayerEntityMixin",
    "BedBlockMixin",
    "PlayerEntityModelMixin",
    "BipedEntityModelMixin",
    "EnderPearlEntityMixin"
  ],
  "client": [
    "ExampleMixin",
    "InGameHudMixin",
    "ClientWorldMixin",
    "CompassAnglePredicateProviderMixin",
    "ItemEntityRendererMixin",
    "AbstractClientPlayerEntityMixin"
  ],
  "injectors": {
    "defaultRequire": 1
  }
}
