{
	"format_version": "1.8.0",
	"animations": {
		"animation.geometry.chicken.phase1_idle": {
			"loop": true,
			"animation_length": 3,
			"bones": {
				"body": {
					"scale": "1+Math.cos(query.anim_time*120)*0.005"
				},
				"right_wings": {
					"rotation": ["Math.cos(query.anim_time*120)*0.5", 0, "Math.cos(60+query.anim_time*120)*-1"]
				},
				"left_wings": {
					"rotation": ["Math.cos(query.anim_time*120)*-0.5", 0, "Math.cos(60+query.anim_time*120)*1"]
				},
				"head": {
					"rotation": ["Math.cos(30+query.anim_time*120)*0.5", "Math.cos(60+query.anim_time*120)*1", 0]
				},
				"stone": {
					"scale": 0
				},
				"laser": {
					"scale": 0
				},
				"player": {
					"scale": 0
				}
			}
		},
		"animation.geometry.chicken.phase1_walk": {
			"loop": true,
			"animation_length": 2,
			"bones": {
				"body": {
					"rotation": {
						"0.0": [0, 0, 0],
						"0.5": [2.49762, 0.10901, -2.49762],
						"1.5": [2.49762, -0.10901, 2.49762],
						"2.0": [0, 0, 0]
					},
					"scale": 1.005
				},
				"right_wings": {
					"rotation": {
						"0.0": [0.5, 0, -0.5],
						"0.5": [0.49952, -0.02181, 1.9999],
						"1.5": [0.49952, 0.02181, -2.9999],
						"2.0": [0.5, 0, -0.5]
					}
				},
				"left_wings": {
					"rotation": {
						"0.0": [-0.5, 0, 0.5],
						"0.5": [-0.49952, 0.02181, 2.9999],
						"1.5": [-0.49952, -0.02181, -1.9999],
						"2.0": [-0.5, 0, 0.5]
					}
				},
				"head": {
					"rotation": {
						"0.0": [0.43, 0.5, 0],
						"0.5": [0.4514, 0.48077, 2.50002],
						"1.5": [0.40778, 0.51828, -2.50003],
						"2.0": [0.43, 0.5, 0]
					}
				},
				"right_legs": {
					"rotation": {
						"0.0": [0, 0, 0],
						"0.5": [47.5, 0, 0],
						"1.5": [-30, 0, 0],
						"2.0": [0, 0, 0]
					}
				},
				"left_legs": {
					"rotation": {
						"0.0": [0, 0, 0],
						"0.5": [-30, 0, 0],
						"1.5": [47.5, 0, 0],
						"2.0": [0, 0, 0]
					}
				},
				"total": {
					"position": {
						"0.0": [0, 0, 0],
						"0.5": [0, -1, 0],
						"1.0": [0, 0, 0],
						"1.5": [0, -1, 0],
						"2.0": [0, 0, 0]
					}
				},
				"stone": {
					"scale": 0
				},
				"laser": {
					"scale": 0
				},
				"player": {
					"scale": 0
				}
			}
		},
		"animation.geometry.chicken.phase1_attack": {
			"animation_length": 1.58333,
			"bones": {
				"body": {
					"rotation": {
						"0.0": [0, 0, 0],
						"0.5": [-12.5, 0, 0],
						"0.9583": [12.5, 0, 0],
						"1.4583": [0, 0, 0]
					},
					"position": {
						"0.0": [0, 0, 0],
						"0.5": [0, 0, 3],
						"0.9583": [0, 0, -1],
						"1.4583": [0, 0, 0]
					},
					"scale": 1.005
				},
				"right_wings": {
					"rotation": {
						"0.125": [0.5, 0, -0.5],
						"0.625": [-17.217, 2.5155, 31.6389],
						"1.0833": [22.783, 2.5155, 31.6389],
						"1.5833": [0.5, 0, -0.5]
					},
					"position": {
						"0.125": [0, 0, 0],
						"0.625": [0, 0, -1],
						"1.0833": [0, 0, 1],
						"1.5833": [0, 0, 0]
					}
				},
				"left_wings": {
					"rotation": {
						"0.125": [-0.5, 0, 0.5],
						"0.625": [-17.78302, -2.51549, -31.63895],
						"1.0833": [24.71698, -2.51549, -31.63895],
						"1.5833": [-0.5, 0, 0.5]
					},
					"position": {
						"0.125": [0, 0, 0],
						"0.625": [0, 0, -1],
						"1.0833": [0, 0, 1],
						"1.5833": [0, 0, 0]
					}
				},
				"head": {
					"rotation": {
						"0.0417": [0.43, 0.5, 0],
						"0.5417": [-7.07, 0.5, 0],
						"1.0": [17.93, 0.5, 0],
						"1.5": [0.43, 0.5, 0]
					},
					"position": {
						"0.0417": [0, 0, 0],
						"0.5417": [0, 0, 2],
						"1.0": [0, 0, -1],
						"1.5": [0, 0, 0]
					}
				},
				"stone": {
					"scale": 0
				},
				"laser": {
					"scale": 0
				},
				"player": {
					"scale": 0
				}
			}
		},
		"animation.geometry.chicken.phase2_idle": {
			"loop": true,
			"animation_length": 3,
			"bones": {
				"body": {
					"scale": "1+Math.cos(query.anim_time*120)*0.005"
				},
				"right_wings": {
					"rotation": ["Math.cos(query.anim_time*120)*0.5", 0, "Math.cos(60+query.anim_time*120)*-1"]
				},
				"left_wings": {
					"rotation": ["Math.cos(query.anim_time*120)*-0.5", 0, "Math.cos(60+query.anim_time*120)*1"]
				},
				"head": {
					"rotation": ["Math.cos(30+query.anim_time*120)*0.5", "Math.cos(60+query.anim_time*120)*1", 0]
				},
				"stone": {
					"scale": 0
				},
				"laser": {
					"scale": 0
				},
				"player": {
					"scale": 0
				}
			}
		},
		"animation.geometry.chicken.phase2_walk": {
			"loop": true,
			"animation_length": 2,
			"bones": {
				"body": {
					"rotation": {
						"0.0": [0, 0, 0],
						"0.5": [2.49762, 0.10901, -2.49762],
						"1.5": [2.49762, -0.10901, 2.49762],
						"2.0": [0, 0, 0]
					},
					"scale": 1.005
				},
				"right_wings": {
					"rotation": {
						"0.0": [0.5, 0, -0.5],
						"0.5": [0.49952, -0.02181, 1.9999],
						"1.5": [0.49952, 0.02181, -2.9999],
						"2.0": [0.5, 0, -0.5]
					}
				},
				"left_wings": {
					"rotation": {
						"0.0": [-0.5, 0, 0.5],
						"0.5": [-0.49952, 0.02181, 2.9999],
						"1.5": [-0.49952, -0.02181, -1.9999],
						"2.0": [-0.5, 0, 0.5]
					}
				},
				"head": {
					"rotation": {
						"0.0": [0.43, 0.5, 0],
						"0.5": [0.4514, 0.48077, 2.50002],
						"1.5": [0.40778, 0.51828, -2.50003],
						"2.0": [0.43, 0.5, 0]
					}
				},
				"right_legs": {
					"rotation": {
						"0.0": [0, 0, 0],
						"0.5": [47.5, 0, 0],
						"1.5": [-30, 0, 0],
						"2.0": [0, 0, 0]
					}
				},
				"left_legs": {
					"rotation": {
						"0.0": [0, 0, 0],
						"0.5": [-30, 0, 0],
						"1.5": [47.5, 0, 0],
						"2.0": [0, 0, 0]
					}
				},
				"total": {
					"position": {
						"0.0": [0, 0, 0],
						"0.5": [0, -1, 0],
						"1.0": [0, 0, 0],
						"1.5": [0, -1, 0],
						"2.0": [0, 0, 0]
					}
				},
				"stone": {
					"scale": 0
				},
				"laser": {
					"scale": 0
				},
				"player": {
					"scale": 0
				}
			}
		},
		"animation.geometry.chicken.phase2_attack": {
			"animation_length": 1.58333,
			"bones": {
				"body": {
					"rotation": {
						"0.0": [0, 0, 0],
						"0.5": [-12.5, 0, 0],
						"0.9583": [12.5, 0, 0],
						"1.4583": [0, 0, 0]
					},
					"position": {
						"0.0": [0, 0, 0],
						"0.5": [0, 0, 3],
						"0.9583": [0, 0, -1],
						"1.4583": [0, 0, 0]
					},
					"scale": 1.005
				},
				"right_wings": {
					"rotation": {
						"0.125": [0.5, 0, -0.5],
						"0.625": [-17.217, 2.5155, 31.6389],
						"1.0833": [22.783, 2.5155, 31.6389],
						"1.5833": [0.5, 0, -0.5]
					},
					"position": {
						"0.125": [0, 0, 0],
						"0.625": [0, 0, -1],
						"1.0833": [0, 0, 1],
						"1.5833": [0, 0, 0]
					}
				},
				"left_wings": {
					"rotation": {
						"0.125": [-0.5, 0, 0.5],
						"0.625": [-17.78302, -2.51549, -31.63895],
						"1.0833": [24.71698, -2.51549, -31.63895],
						"1.5833": [-0.5, 0, 0.5]
					},
					"position": {
						"0.125": [0, 0, 0],
						"0.625": [0, 0, -1],
						"1.0833": [0, 0, 1],
						"1.5833": [0, 0, 0]
					}
				},
				"head": {
					"rotation": {
						"0.0417": [0.43, 0.5, 0],
						"0.5417": [-7.07, 0.5, 0],
						"1.0": [17.93, 0.5, 0],
						"1.5": [0.43, 0.5, 0]
					},
					"position": {
						"0.0417": [0, 0, 0],
						"0.5417": [0, 0, 2],
						"1.0": [0, 0, -1],
						"1.5": [0, 0, 0]
					}
				},
				"stone": {
					"scale": 0
				},
				"laser": {
					"scale": 0
				},
				"player": {
					"scale": 0
				}
			}
		},
		"animation.geometry.chicken.phase3_idle": {
			"loop": true,
			"animation_length": 3,
			"bones": {
				"body": {
					"scale": "1+Math.cos(query.anim_time*120)*0.005"
				},
				"right_wings": {
					"rotation": ["Math.cos(query.anim_time*120)*0.5", 0, "Math.cos(60+query.anim_time*120)*-1"]
				},
				"left_wings": {
					"rotation": ["Math.cos(query.anim_time*120)*-0.5", 0, "Math.cos(60+query.anim_time*120)*1"]
				},
				"head": {
					"rotation": ["Math.cos(30+query.anim_time*120)*0.5", "Math.cos(60+query.anim_time*120)*1", 0]
				},
				"stone": {
					"scale": 0
				},
				"laser": {
					"scale": 0
				},
				"player": {
					"scale": 0
				}
			}
		},
		"animation.geometry.chicken.phase3_walk": {
			"loop": true,
			"animation_length": 2,
			"bones": {
				"body": {
					"rotation": {
						"0.0": [0, 0, 0],
						"0.5": [2.49762, 0.10901, -2.49762],
						"1.5": [2.49762, -0.10901, 2.49762],
						"2.0": [0, 0, 0]
					},
					"scale": 1.005
				},
				"right_wings": {
					"rotation": {
						"0.0": [0.5, 0, -0.5],
						"0.5": [0.49952, -0.02181, 1.9999],
						"1.5": [0.49952, 0.02181, -2.9999],
						"2.0": [0.5, 0, -0.5]
					}
				},
				"left_wings": {
					"rotation": {
						"0.0": [-0.5, 0, 0.5],
						"0.5": [-0.49952, 0.02181, 2.9999],
						"1.5": [-0.49952, -0.02181, -1.9999],
						"2.0": [-0.5, 0, 0.5]
					}
				},
				"head": {
					"rotation": {
						"0.0": [0.43, 0.5, 0],
						"0.5": [0.4514, 0.48077, 2.50002],
						"1.5": [0.40778, 0.51828, -2.50003],
						"2.0": [0.43, 0.5, 0]
					}
				},
				"right_legs": {
					"rotation": {
						"0.0": [0, 0, 0],
						"0.5": [47.5, 0, 0],
						"1.5": [-30, 0, 0],
						"2.0": [0, 0, 0]
					}
				},
				"left_legs": {
					"rotation": {
						"0.0": [0, 0, 0],
						"0.5": [-30, 0, 0],
						"1.5": [47.5, 0, 0],
						"2.0": [0, 0, 0]
					}
				},
				"total": {
					"position": {
						"0.0": [0, 0, 0],
						"0.5": [0, -1, 0],
						"1.0": [0, 0, 0],
						"1.5": [0, -1, 0],
						"2.0": [0, 0, 0]
					}
				},
				"stone": {
					"scale": 0
				},
				"laser": {
					"scale": 0
				},
				"player": {
					"scale": 0
				}
			}
		},
		"animation.geometry.chicken.phase3_attack": {
			"animation_length": 1.58333,
			"bones": {
				"body": {
					"rotation": {
						"0.0": [0, 0, 0],
						"0.5": [-12.5, 0, 0],
						"0.9583": [12.5, 0, 0],
						"1.4583": [0, 0, 0]
					},
					"position": {
						"0.0": [0, 0, 0],
						"0.5": [0, 0, 3],
						"0.9583": [0, 0, -1],
						"1.4583": [0, 0, 0]
					},
					"scale": 1.005
				},
				"right_wings": {
					"rotation": {
						"0.125": [0.5, 0, -0.5],
						"0.625": [-17.217, 2.5155, 31.6389],
						"1.0833": [22.783, 2.5155, 31.6389],
						"1.5833": [0.5, 0, -0.5]
					},
					"position": {
						"0.125": [0, 0, 0],
						"0.625": [0, 0, -1],
						"1.0833": [0, 0, 1],
						"1.5833": [0, 0, 0]
					}
				},
				"left_wings": {
					"rotation": {
						"0.125": [-0.5, 0, 0.5],
						"0.625": [-17.78302, -2.51549, -31.63895],
						"1.0833": [24.71698, -2.51549, -31.63895],
						"1.5833": [-0.5, 0, 0.5]
					},
					"position": {
						"0.125": [0, 0, 0],
						"0.625": [0, 0, -1],
						"1.0833": [0, 0, 1],
						"1.5833": [0, 0, 0]
					}
				},
				"head": {
					"rotation": {
						"0.0417": [0.43, 0.5, 0],
						"0.5417": [-7.07, 0.5, 0],
						"1.0": [17.93, 0.5, 0],
						"1.5": [0.43, 0.5, 0]
					},
					"position": {
						"0.0417": [0, 0, 0],
						"0.5417": [0, 0, 2],
						"1.0": [0, 0, -1],
						"1.5": [0, 0, 0]
					}
				},
				"stone": {
					"scale": 0
				},
				"laser": {
					"scale": 0
				},
				"player": {
					"scale": 0
				}
			}
		},
		"animation.geometry.chicken.phase4_idle": {
			"loop": true,
			"animation_length": 2,
			"bones": {
				"body": {
					"position": [0, "Math.cos(query.anim_time*720)*0.05", 0]
				},
				"right_wings": {
					"rotation": ["Math.cos(query.anim_time*180)*1", 0, "Math.cos(30+query.anim_time*180)*-1"]
				},
				"left_wings": {
					"rotation": ["Math.cos(30+query.anim_time*180)*-1", 0, "Math.cos(query.anim_time*180)*1"]
				},
				"head": {
					"rotation": ["Math.cos(60+query.anim_time*180)*0.5", "Math.cos(30+query.anim_time*180)*1", "Math.cos(90+query.anim_time*180)*-0.5"]
				},
				"wave1": {
					"scale": 0
				},
				"wave2": {
					"scale": 0
				},
				"wave3": {
					"scale": 0
				},
				"wave4": {
					"scale": 0
				},
				"wave5": {
					"scale": 0
				},
				"wave6": {
					"scale": 0
				},
				"stone": {
					"scale": 0
				},
				"laser": {
					"scale": 0
				},
				"player": {
					"scale": 0
				}
			}
		},
		"animation.geometry.chicken.phase4_walk": {
			"loop": true,
			"animation_length": 2,
			"bones": {
				"body": {
					"position": [0, "Math.cos(query.anim_time*720)*0.5", 0]
				},
				"right_wings": {
					"rotation": [1, 0, -0.87],
					"position": [0, "Math.cos(60+query.anim_time*720)*0.25", 0]
				},
				"left_wings": {
					"rotation": [-0.87, 0, 1],
					"position": [0, "Math.cos(30+query.anim_time*720)*0.25", 0]
				},
				"head": {
					"rotation": [0.25, 0.87, 0],
					"position": [0, "Math.cos(90+query.anim_time*720)*0.1", 0]
				},
				"wave1": {
					"position": {
						"0.0": [0, 0, -2.5],
						"0.5": [0, 0, 6],
						"0.5417": [0, 0, -2.46],
						"1.0": [0, 0, -2.5],
						"1.5": [0, 0, 6]
					},
					"scale": {
						"0.0": [1, 1, 1],
						"0.25": [1.25, 1.25, 1.25],
						"0.5": [0, 0, 0],
						"1.0": [1, 1, 1],
						"1.25": [1.25, 1.25, 1.25],
						"1.5": [0, 0, 0]
					}
				},
				"wave2": {
					"position": {
						"0.25": [0, 0, -4.5],
						"0.75": [0, 0, 6],
						"0.7917": [0, 0, -4.37],
						"1.25": [0, 0, -4.5],
						"1.75": [0, 0, 6]
					},
					"scale": {
						"0.25": [1, 1, 1],
						"0.5": [1.25, 1.25, 1.25],
						"0.75": [0, 0, 0],
						"1.25": [1, 1, 1],
						"1.5": [1.25, 1.25, 1.25],
						"1.75": [0, 0, 0]
					}
				},
				"wave3": {
					"position": {
						"0.5": [0, 0, -6.5],
						"1.0": [0, 0, 6],
						"1.0833": [0, 0, -6.33],
						"1.5": [0, 0, -6.5],
						"2.0": [0, 0, 6]
					},
					"scale": {
						"0.5": [1, 1, 1],
						"0.75": [1.25, 1.25, 1.25],
						"1.0": [0, 0, 0],
						"1.5": [1, 1, 1],
						"1.75": [1.25, 1.25, 1.25],
						"2.0": [0, 0, 0]
					}
				},
				"wave4": {
					"position": {
						"0.0": [0, 0, -2.5],
						"0.5": [0, 0, 6],
						"0.5417": [0, 0, -2.46],
						"1.0": [0, 0, -2.5],
						"1.5": [0, 0, 6]
					},
					"scale": {
						"0.0": [1, 1, 1],
						"0.25": [1.25, 1.25, 1.25],
						"0.5": [0, 0, 0],
						"1.0": [1, 1, 1],
						"1.25": [1.25, 1.25, 1.25],
						"1.5": [0, 0, 0]
					}
				},
				"wave5": {
					"position": {
						"0.25": [0, 0, -4.5],
						"0.75": [0, 0, 6],
						"0.7917": [0, 0, -4.37],
						"1.25": [0, 0, -4.5],
						"1.75": [0, 0, 6]
					},
					"scale": {
						"0.25": [1, 1, 1],
						"0.5": [1.25, 1.25, 1.25],
						"0.75": [0, 0, 0],
						"1.25": [1, 1, 1],
						"1.5": [1.25, 1.25, 1.25],
						"1.75": [0, 0, 0]
					}
				},
				"wave6": {
					"position": {
						"0.5": [0, 0, -6.5],
						"1.0": [0, 0, 6],
						"1.0833": [0, 0, -6.33],
						"1.5": [0, 0, -6.5],
						"2.0": [0, 0, 6]
					},
					"scale": {
						"0.5": [1, 1, 1],
						"0.75": [1.25, 1.25, 1.25],
						"1.0": [0, 0, 0],
						"1.5": [1, 1, 1],
						"1.75": [1.25, 1.25, 1.25],
						"2.0": [0, 0, 0]
					}
				},
				"wheel": {
					"rotation": {
						"0.0": [0, 0, 0],
						"2.0": [720, 0, 0]
					},
					"position": [0, 0, 0]
				},
				"stone": {
					"scale": 0
				},
				"laser": {
					"scale": 0
				},
				"player": {
					"scale": 0
				}
			}
		},
		"animation.geometry.chicken.phase4_attack": {
			"animation_length": 1.58333,
			"bones": {
				"body": {
					"rotation": {
						"0.0": [0, 0, 0],
						"0.5": [-17.5, 0, 0],
						"0.9583": [17.5, 0, 0],
						"1.4583": [0, 0, 0]
					},
					"position": {
						"0.0": [0, 0, 0],
						"0.5": [0, -1, 4],
						"0.9583": [0, -1, -3],
						"1.4583": [0, 0, 0]
					},
					"scale": 1.005
				},
				"right_wings": {
					"rotation": {
						"0.125": [0.5, 0, -0.5],
						"0.625": [-17.217, 2.5155, 31.6389],
						"1.0833": [22.783, 2.5155, 31.6389],
						"1.5833": [0.5, 0, -0.5]
					},
					"position": {
						"0.125": [0, 0, 0],
						"0.625": [0, 0, -1],
						"1.0833": [0, 0, 1],
						"1.5833": [0, 0, 0]
					}
				},
				"left_wings": {
					"rotation": {
						"0.125": [-0.5, 0, 0.5],
						"0.625": [-17.78302, -2.51549, -31.63895],
						"1.0833": [24.71698, -2.51549, -31.63895],
						"1.5833": [-0.5, 0, 0.5]
					},
					"position": {
						"0.125": [0, 0, 0],
						"0.625": [0, 0, -1],
						"1.0833": [0, 0, 1],
						"1.5833": [0, 0, 0]
					}
				},
				"head": {
					"rotation": {
						"0.0417": [0.43, 0.5, 0],
						"0.5417": [-14.57, 0.5, 0],
						"1.0": [35.43, 0.5, 0],
						"1.5": [0.43, 0.5, 0]
					},
					"position": {
						"0.0417": [0, 0, 0],
						"0.5417": [0, 0, 2],
						"1.0": [0, 0, -1],
						"1.5": [0, 0, 0]
					}
				},
				"wave1": {
					"scale": 0
				},
				"wave2": {
					"scale": 0
				},
				"wave3": {
					"scale": 0
				},
				"wave4": {
					"scale": 0
				},
				"wave5": {
					"scale": 0
				},
				"wave6": {
					"scale": 0
				},
				"stone": {
					"scale": 0
				},
				"laser": {
					"scale": 0
				},
				"player": {
					"scale": 0
				}
			}
		},
		"animation.geometry.chicken.phase5_template": {
			"loop": true,
			"animation_length": 2,
			"bones": {
				"body": {
					"position": [0, 0.05, 0]
				},
				"right_wings": {
					"rotation": [1, 0, -0.87]
				},
				"left_wings": {
					"rotation": [-0.87, 0, 1]
				},
				"head": {
					"rotation": [0.25, 0.87, 0]
				},
				"wave1": {
					"scale": 0
				},
				"wave2": {
					"scale": 0
				},
				"wave3": {
					"scale": 0
				},
				"wave4": {
					"scale": 0
				},
				"wave5": {
					"scale": 0
				},
				"wave6": {
					"scale": 0
				},
				"stone": {
					"scale": 0
				},
				"laser": {
					"scale": 0
				},
				"player": {
					"scale": 0
				}
			}
		},
		"animation.geometry.chicken.phase5_idle": {
			"loop": true,
			"animation_length": 2,
			"bones": {
				"body": {
					"position": [0, "Math.cos(query.anim_time*720)*0.05", 0]
				},
				"right_wings": {
					"rotation": ["Math.cos(query.anim_time*180)*1", 0, "Math.cos(30+query.anim_time*180)*-1"]
				},
				"left_wings": {
					"rotation": ["Math.cos(30+query.anim_time*180)*-1", 0, "Math.cos(query.anim_time*180)*1"]
				},
				"head": {
					"rotation": ["Math.cos(60+query.anim_time*180)*0.5", "Math.cos(30+query.anim_time*180)*1", "Math.cos(90+query.anim_time*180)*-0.5"]
				},
				"wave1": {
					"scale": 0
				},
				"wave2": {
					"scale": 0
				},
				"wave3": {
					"scale": 0
				},
				"wave4": {
					"scale": 0
				},
				"wave5": {
					"scale": 0
				},
				"wave6": {
					"scale": 0
				},
				"stone": {
					"scale": 0
				},
				"laser": {
					"scale": 0
				},
				"player": {
					"scale": 0
				}
			}
		},
		"animation.geometry.chicken.phase5_walk": {
			"loop": true,
			"animation_length": 2,
			"bones": {
				"body": {
					"position": [0, "Math.cos(query.anim_time*720)*0.5", 0]
				},
				"right_wings": {
					"rotation": [1, 0, -0.87],
					"position": [0, "Math.cos(60+query.anim_time*720)*0.25", 0]
				},
				"left_wings": {
					"rotation": [-0.87, 0, 1],
					"position": [0, "Math.cos(30+query.anim_time*720)*0.25", 0]
				},
				"head": {
					"rotation": [0.25, 0.87, 0],
					"position": [0, "Math.cos(90+query.anim_time*720)*0.1", 0]
				},
				"wave1": {
					"position": {
						"0.0": [0, 0, -2.5],
						"0.5": [0, 0, 6],
						"0.5417": [0, 0, -2.46],
						"1.0": [0, 0, -2.5],
						"1.5": [0, 0, 6]
					},
					"scale": {
						"0.0": [1, 1, 1],
						"0.25": [1.25, 1.25, 1.25],
						"0.5": [0, 0, 0],
						"1.0": [1, 1, 1],
						"1.25": [1.25, 1.25, 1.25],
						"1.5": [0, 0, 0]
					}
				},
				"wave2": {
					"position": {
						"0.25": [0, 0, -4.5],
						"0.75": [0, 0, 6],
						"0.7917": [0, 0, -4.37],
						"1.25": [0, 0, -4.5],
						"1.75": [0, 0, 6]
					},
					"scale": {
						"0.25": [1, 1, 1],
						"0.5": [1.25, 1.25, 1.25],
						"0.75": [0, 0, 0],
						"1.25": [1, 1, 1],
						"1.5": [1.25, 1.25, 1.25],
						"1.75": [0, 0, 0]
					}
				},
				"wave3": {
					"position": {
						"0.5": [0, 0, -6.5],
						"1.0": [0, 0, 6],
						"1.0833": [0, 0, -6.33],
						"1.5": [0, 0, -6.5],
						"2.0": [0, 0, 6]
					},
					"scale": {
						"0.5": [1, 1, 1],
						"0.75": [1.25, 1.25, 1.25],
						"1.0": [0, 0, 0],
						"1.5": [1, 1, 1],
						"1.75": [1.25, 1.25, 1.25],
						"2.0": [0, 0, 0]
					}
				},
				"wave4": {
					"position": {
						"0.0": [0, 0, -2.5],
						"0.5": [0, 0, 6],
						"0.5417": [0, 0, -2.46],
						"1.0": [0, 0, -2.5],
						"1.5": [0, 0, 6]
					},
					"scale": {
						"0.0": [1, 1, 1],
						"0.25": [1.25, 1.25, 1.25],
						"0.5": [0, 0, 0],
						"1.0": [1, 1, 1],
						"1.25": [1.25, 1.25, 1.25],
						"1.5": [0, 0, 0]
					}
				},
				"wave5": {
					"position": {
						"0.25": [0, 0, -4.5],
						"0.75": [0, 0, 6],
						"0.7917": [0, 0, -4.37],
						"1.25": [0, 0, -4.5],
						"1.75": [0, 0, 6]
					},
					"scale": {
						"0.25": [1, 1, 1],
						"0.5": [1.25, 1.25, 1.25],
						"0.75": [0, 0, 0],
						"1.25": [1, 1, 1],
						"1.5": [1.25, 1.25, 1.25],
						"1.75": [0, 0, 0]
					}
				},
				"wave6": {
					"position": {
						"0.5": [0, 0, -6.5],
						"1.0": [0, 0, 6],
						"1.0833": [0, 0, -6.33],
						"1.5": [0, 0, -6.5],
						"2.0": [0, 0, 6]
					},
					"scale": {
						"0.5": [1, 1, 1],
						"0.75": [1.25, 1.25, 1.25],
						"1.0": [0, 0, 0],
						"1.5": [1, 1, 1],
						"1.75": [1.25, 1.25, 1.25],
						"2.0": [0, 0, 0]
					}
				},
				"wheel": {
					"rotation": {
						"0.0": [0, 0, 0],
						"2.0": [720, 0, 0]
					},
					"position": [0, 0, 0]
				},
				"stone": {
					"scale": 0
				},
				"laser": {
					"scale": 0
				},
				"player": {
					"scale": 0
				}
			}
		},
		"animation.geometry.chicken.phase5_attack": {
			"animation_length": 1.58333,
			"bones": {
				"body": {
					"rotation": {
						"0.0": [0, 0, 0],
						"0.5": [-20, 0, 0],
						"0.9583": [20, 0, 0],
						"1.4583": [0, 0, 0]
					},
					"position": {
						"0.0": [0, 0, 0],
						"0.5": [0, -2, 5],
						"0.9583": [0, -2, -4],
						"1.4583": [0, 0, 0]
					},
					"scale": 1.005
				},
				"right_wings": {
					"rotation": {
						"0.125": [0.5, 0, -0.5],
						"0.625": [-17.217, 2.5155, 31.6389],
						"1.0833": [22.783, 2.5155, 31.6389],
						"1.5833": [0.5, 0, -0.5]
					},
					"position": {
						"0.125": [0, 0, 0],
						"0.625": [0, 0, -1],
						"1.0833": [0, 0, 1],
						"1.5833": [0, 0, 0]
					}
				},
				"left_wings": {
					"rotation": {
						"0.125": [-0.5, 0, 0.5],
						"0.625": [-17.78302, -2.51549, -31.63895],
						"1.0833": [24.71698, -2.51549, -31.63895],
						"1.5833": [-0.5, 0, 0.5]
					},
					"position": {
						"0.125": [0, 0, 0],
						"0.625": [0, 0, -1],
						"1.0833": [0, 0, 1],
						"1.5833": [0, 0, 0]
					}
				},
				"head": {
					"rotation": {
						"0.0417": [0.43, 0.5, 0],
						"0.5417": [-17.07, 0.5, 0],
						"1.0": [40.43, 0.5, 0],
						"1.5": [0.43, 0.5, 0]
					},
					"position": {
						"0.0417": [0, 0, 0],
						"0.5417": [0, 0, 2],
						"1.0": [0, 0, -1],
						"1.5": [0, 0, 0]
					}
				},
				"wave1": {
					"scale": 0
				},
				"wave2": {
					"scale": 0
				},
				"wave3": {
					"scale": 0
				},
				"wave4": {
					"scale": 0
				},
				"wave5": {
					"scale": 0
				},
				"wave6": {
					"scale": 0
				},
				"stone": {
					"scale": 0
				},
				"laser": {
					"scale": 0
				},
				"player": {
					"scale": 0
				}
			}
		},
		"animation.geometry.chicken.phase5_laser_first_part": {
			"loop": "hold_on_last_frame",
			"animation_length": 1.625,
			"bones": {
				"body": {
					"rotation": {
						"0.2083": [0, 0, 0],
						"0.5833": [-10, 0, 0],
						"1.1667": [7.5, 0, 0],
						"1.625": [0, 0, 0]
					},
					"position": {
						"0.2083": [0, 0.05, 0],
						"0.5833": [0, -0.95, 2],
						"1.1667": [0, -0.95, -2],
						"1.625": [0, 0.05, 0]
					},
					"scale": {
						"0.75": [1, 1, 1],
						"1.1667": [1.1, 1.1, 1.1],
						"1.625": [1, 1, 1]
					}
				},
				"right_wings": {
					"rotation": [1, 0, -0.87]
				},
				"left_wings": {
					"rotation": [-0.87, 0, 1]
				},
				"head": {
					"rotation": {
						"0.2083": [0.25, 0.87, 0],
						"0.5833": [-12.25, 0.87, 0],
						"1.1667": [-7.25, 0.87, 0],
						"1.625": [0.25, 0.87, 0]
					},
					"position": {
						"0.2083": [0, 0, 0],
						"0.5833": [0, -1, 0],
						"1.1667": [0, -1, -2],
						"1.625": [0, 0, 0]
					}
				},
				"wave1": {
					"scale": 0
				},
				"wave2": {
					"scale": 0
				},
				"wave3": {
					"scale": 0
				},
				"wave4": {
					"scale": 0
				},
				"wave5": {
					"scale": 0
				},
				"wave6": {
					"scale": 0
				},
				"mouth": {
					"rotation": {
						"0.0": [0, 0, 0],
						"0.375": [45, 0, 0],
						"1.1667": [52.5, 0, 0],
						"1.625": [0, 0, 0]
					}
				},
				"stone": {
					"rotation": {
						"0.375": [0, 0, 0],
						"1.625": [85.74079, 19.30591, -145.44544]
					},
					"position": [0, -1.75, -2.5],
					"scale": {
						"0.375": [0, 0, 0],
						"0.75": [1, 1, 1],
						"1.1667": [1.2, 1.2, 1.2],
						"1.625": [0, 0, 0]
					}
				},
				"ring1": {
					"rotation": {
						"0.375": [0, 0, 0],
						"1.625": [48.68765, 67.01059, -40.31407]
					}
				},
				"ring2": {
					"rotation": {
						"0.375": [0, 0, 0],
						"1.625": [-60, 5, 270]
					}
				},
				"laser": {
					"scale": 0
				},
				"player": {
					"scale": 0
				}
			}
		},
		"animation.geometry.chicken.phase5_laser_second_part": {
			"loop": "hold_on_last_frame",
			"animation_length": 0.5,
			"bones": {
				"body": {
					"rotation": {
						"0.0": [7.5, 0, 0],
						"0.4583": [0, 0, 0]
					},
					"position": {
						"0.0": [0, -0.95, -2],
						"0.4583": [0, 0.05, 0]
					},
					"scale": {
						"0.0": [1.1, 1.1, 1.1],
						"0.4583": [1, 1, 1]
					}
				},
				"right_wings": {
					"rotation": [1, 0, -0.87]
				},
				"left_wings": {
					"rotation": [-0.87, 0, 1]
				},
				"head": {
					"rotation": {
						"0.0": [-7.25, 0.87, 0],
						"0.4583": [0.25, 0.87, 0]
					},
					"position": {
						"0.0": [0, -1, -2],
						"0.4583": [0, 0, 0]
					}
				},
				"wave1": {
					"scale": 0
				},
				"wave2": {
					"scale": 0
				},
				"wave3": {
					"scale": 0
				},
				"wave4": {
					"scale": 0
				},
				"wave5": {
					"scale": 0
				},
				"wave6": {
					"scale": 0
				},
				"mouth": {
					"rotation": {
						"0.0": [52.5, 0, 0],
						"0.4583": [0, 0, 0]
					}
				},
				"stone": {
					"rotation": [85.74079, 19.30591, -145.44544],
					"scale": {
						"0.0": [1.2, 1.2, 1.2],
						"0.4583": [0, 0, 0]
					}
				},
				"ring1": {
					"rotation": {
						"0.0": [0, 0, 0],
						"0.4583": [48.68765, 67.01059, -40.31407]
					}
				},
				"ring2": {
					"rotation": {
						"0.0": [0, 0, 0],
						"0.4583": [-60, 5, 270]
					}
				},
				"laser": {
					"position": {
						"0.0": [0, -2, 9],
						"0.4583": [0, -2, -80]
					},
					"scale": {
						"0.0": {
							"pre": [0, 0, 0],
							"post": [1, 1, 1]
						},
						"0.4583": [1, 1, 1],
						"0.5": [0, 0, 0]
					}
				},
				"player": {
					"scale": 0
				}
			}
		},
		"animation.geometry.chicken.phase5_skills_attack": {
			"loop": "hold_on_last_frame",
			"animation_length": 4,
			"bones": {
				"body": {
					"rotation": {
						"0.0": {
							"vector": [0, 0, 0]
						},
						"0.3333": {
							"vector": [-12.5, 0, 0]
						},
						"0.75": {
							"vector": [35, 0, 0]
						},
						"1.25": {
							"vector": [-30, 0, 0]
						},
						"1.75": {
							"vector": [-30, 0, 0]
						},
						"2.0": {
							"vector": [0, 0, 0]
						}
					},
					"position": {
						"0.0": {
							"vector": [0, 0.05, 0]
						},
						"0.3333": {
							"vector": [0, -0.95, 2]
						},
						"0.75": {
							"vector": [0, -0.95, -4]
						},
						"1.25": {
							"vector": [0, -0.95, 1]
						},
						"1.75": {
							"vector": [0, -0.95, 1]
						},
						"2.0": {
							"vector": [0, 0.05, 0]
						}
					},
					"scale": {
						"2.25": {
							"vector": [1, 1, 1]
						},
						"2.4167": {
							"vector": [1.05, 1.05, 1.05]
						},
						"2.5833": {
							"vector": [1, 1, 1]
						}
					}
				},
				"right_wings": {
					"rotation": {
						"vector": [1, 0, -0.87]
					}
				},
				"left_wings": {
					"rotation": {
						"vector": [-0.87, 0, 1]
					}
				},
				"head": {
					"rotation": {
						"0.0": {
							"vector": [0.25, 0.87, 0]
						},
						"0.3333": {
							"vector": [-24.75, 0.87, 0]
						},
						"0.625": {
							"vector": [25.75, 0.87, 0]
						},
						"1.25": {
							"vector": [-29.75, 0.87, 0]
						},
						"1.75": {
							"vector": [-29.75, 0.87, 0]
						},
						"2.0": {
							"vector": [0.25, 0.87, 0]
						}
					},
					"position": {
						"0.0": {
							"vector": [0, 0, 0]
						},
						"0.3333": {
							"vector": [0, 0, 1]
						},
						"0.75": {
							"vector": [0, 1, -1]
						},
						"1.25": {
							"vector": [0, -1, 0]
						},
						"1.5": {
							"vector": [0, 0, -1]
						},
						"1.75": {
							"vector": [0, -1, 0]
						},
						"2.0": {
							"vector": [0, 0, 0]
						}
					}
				},
				"wave1": {
					"scale": {
						"vector": [0, 0, 0]
					}
				},
				"wave2": {
					"scale": {
						"vector": [0, 0, 0]
					}
				},
				"wave3": {
					"scale": {
						"vector": [0, 0, 0]
					}
				},
				"wave4": {
					"scale": {
						"vector": [0, 0, 0]
					}
				},
				"wave5": {
					"scale": {
						"vector": [0, 0, 0]
					}
				},
				"wave6": {
					"scale": {
						"vector": [0, 0, 0]
					}
				},
				"stone": {
					"scale": {
						"vector": [0, 0, 0]
					}
				},
				"laser": {
					"scale": {
						"vector": [0, 0, 0]
					}
				},
				"mouth": {
					"rotation": {
						"0.0833": {
							"vector": [0, 0, 0]
						},
						"0.5": {
							"vector": [47.5, 0, 0]
						},
						"1.75": {
							"vector": [47.5, 0, 0]
						},
						"2.0": {
							"vector": [0, 0, 0]
						}
					}
				},
				"steve_head": {
					"rotation": {
						"0.0": {
							"vector": [0, 0, 0]
						},
						"0.5": {
							"vector": [-25, 0, 0]
						}
					}
				},
				"steve": {
					"rotation": {
						"0.0": {
							"vector": [0, 0, 0]
						},
						"0.5": {
							"vector": [-17.5, 0, 0]
						}
					}
				},
				"leftArm": {
					"rotation": {
						"0.0": {
							"vector": [0, 0, 0]
						},
						"0.5": {
							"vector": [-149.15589, 11.31335, -16.60179]
						}
					},
					"position": {
						"0.0": {
							"vector": [0, 0, 0]
						},
						"0.5": {
							"vector": [0, 1, 0]
						}
					}
				},
				"rightArm": {
					"rotation": {
						"0.0": {
							"vector": [0, 0, 0]
						},
						"0.5": {
							"vector": [-167.34067, -21.2842, 37.69778]
						},
						"1.25": {
							"vector": [-158.00295, -11.32809, 5.37733]
						}
					},
					"position": {
						"0.0": {
							"vector": [0, 0, 0]
						},
						"0.5": {
							"vector": [0, 1, 0]
						}
					}
				},
				"leftLeg": {
					"rotation": {
						"0.0": {
							"vector": [0, 0, 0]
						},
						"0.5": {
							"vector": [22.5, 0, 0]
						},
						"0.875": {
							"vector": [-45.58688, 14.58607, 27.45645]
						},
						"1.25": {
							"vector": [-52.31056, 20.25437, 14.97401]
						}
					},
					"position": {
						"0.0": {
							"vector": [0, 0, 0]
						},
						"0.5": {
							"vector": [0, 1, 1]
						},
						"0.875": {
							"vector": [0, 1.5, 0.5]
						},
						"1.25": {
							"vector": [0, 2, 0]
						}
					}
				},
				"rightLeg": {
					"rotation": {
						"0.0": {
							"vector": [0, 0, 0]
						},
						"0.5": {
							"vector": [-11, 0, 0]
						},
						"0.875": {
							"vector": [-46.89386, -3.22332, -57.35169]
						},
						"1.25": {
							"vector": [6.78112, -5.71617, -34.58897]
						}
					},
					"position": {
						"0.0": {
							"vector": [0, 0, 0]
						},
						"0.5": {
							"vector": [0, 2, -2]
						},
						"0.875": {
							"vector": [0, 1, 0.5]
						},
						"1.25": {
							"vector": [0, 2, -1]
						}
					}
				},
				"player": {
					"rotation": {
						"0.75": {
							"vector": [0, 0, 0]
						},
						"1.25": {
							"vector": [-107.5, 0, 0]
						}
					},
					"position": {
						"0.75": {
							"vector": [0, -2, -19]
						},
						"1.0": {
							"vector": [0, 16, -19]
						},
						"1.25": {
							"vector": [0, 27, -11]
						},
						"1.5": {
							"vector": [0, 28, -10]
						},
						"1.75": {
							"vector": [0, 23, -3]
						}
					},
					"scale": {
						"0.75": {
							"vector": [0, 0, 0]
						},
						"0.7917": {
							"vector": [0.3, 0.3, 0.3]
						},
						"1.5": {
							"vector": [0.3, 0.3, 0.3]
						},
						"1.75": {
							"vector": [0, 0, 0]
						}
					}
				}
			}
		}
	}
}