{
	"format_version": "1.8.0",
	"animations": {
		"animation.geometry.chicken.phase1_idle": {
			"loop": true,
			"animation_length": 3,
			"bones": {
				"body": {
					"scale": {
						"vector": ["1+Math.cos(query.anim_time*120)*0.005", "1+Math.cos(query.anim_time*120)*0.005", "1+Math.cos(query.anim_time*120)*0.005"]
					}
				},
				"right_wings": {
					"rotation": {
						"vector": ["Math.cos(query.anim_time*120)*0.5", 0, "Math.cos(60+query.anim_time*120)*-1"]
					}
				},
				"left_wings": {
					"rotation": {
						"vector": ["Math.cos(query.anim_time*120)*-0.5", 0, "Math.cos(60+query.anim_time*120)*1"]
					}
				},
				"head": {
					"rotation": {
						"vector": ["Math.cos(30+query.anim_time*120)*0.5", "Math.cos(60+query.anim_time*120)*1", 0]
					}
				},
				"stone": {
					"scale": {
						"vector": [0, 0, 0]
					}
				},
				"laser": {
					"scale": {
						"vector": [0, 0, 0]
					}
				},
				"player": {
					"scale": {
						"vector": [0, 0, 0]
					}
				}
			}
		},
		"animation.geometry.chicken.phase1_walk": {
			"loop": true,
			"animation_length": 2,
			"bones": {
				"body": {
					"rotation": {
						"0.0": {
							"vector": [0, 0, 0]
						},
						"0.5": {
							"vector": [2.49762, 0.10901, -2.49762],
							"easing": "easeOutQuad"
						},
						"1.5": {
							"vector": [2.49762, -0.10901, 2.49762],
							"easing": "easeInOutQuad"
						},
						"2.0": {
							"vector": [0, 0, 0],
							"easing": "easeInQuad"
						}
					},
					"scale": {
						"vector": [1.005, 1.005, 1.005]
					}
				},
				"right_wings": {
					"rotation": {
						"0.0": {
							"vector": [0.5, 0, -0.5]
						},
						"0.5": {
							"vector": [0.49952, -0.02181, 1.9999],
							"easing": "easeOutQuad"
						},
						"1.5": {
							"vector": [0.49952, 0.02181, -2.9999],
							"easing": "easeInOutQuad"
						},
						"2.0": {
							"vector": [0.5, 0, -0.5],
							"easing": "easeInQuad"
						}
					}
				},
				"left_wings": {
					"rotation": {
						"0.0": {
							"vector": [-0.5, 0, 0.5]
						},
						"0.5": {
							"vector": [-0.49952, 0.02181, 2.9999],
							"easing": "easeOutQuad"
						},
						"1.5": {
							"vector": [-0.49952, -0.02181, -1.9999],
							"easing": "easeInOutQuad"
						},
						"2.0": {
							"vector": [-0.5, 0, 0.5],
							"easing": "easeInQuad"
						}
					}
				},
				"head": {
					"rotation": {
						"0.0": {
							"vector": [0.43, 0.5, 0]
						},
						"0.5": {
							"vector": [0.4514, 0.48077, 2.50002],
							"easing": "easeOutQuad"
						},
						"1.5": {
							"vector": [0.40778, 0.51828, -2.50003],
							"easing": "easeInOutQuad"
						},
						"2.0": {
							"vector": [0.43, 0.5, 0],
							"easing": "easeInQuad"
						}
					}
				},
				"right_legs": {
					"rotation": {
						"0.0": {
							"vector": [0, 0, 0]
						},
						"0.5": {
							"vector": [47.5, 0, 0],
							"easing": "easeOutQuad"
						},
						"1.5": {
							"vector": [-30, 0, 0],
							"easing": "easeInOutQuad"
						},
						"2.0": {
							"vector": [0, 0, 0],
							"easing": "easeInQuad"
						}
					}
				},
				"left_legs": {
					"rotation": {
						"0.0": {
							"vector": [0, 0, 0]
						},
						"0.5": {
							"vector": [-30, 0, 0],
							"easing": "easeOutQuad"
						},
						"1.5": {
							"vector": [47.5, 0, 0],
							"easing": "easeInOutQuad"
						},
						"2.0": {
							"vector": [0, 0, 0],
							"easing": "easeInQuad"
						}
					}
				},
				"total": {
					"position": {
						"0.0": {
							"vector": [0, 0, 0]
						},
						"0.5": {
							"vector": [0, -1, 0],
							"easing": "easeInOutQuad"
						},
						"1.0": {
							"vector": [0, 0, 0],
							"easing": "easeInOutQuad"
						},
						"1.5": {
							"vector": [0, -1, 0],
							"easing": "easeInOutQuad"
						},
						"2.0": {
							"vector": [0, 0, 0],
							"easing": "easeInOutQuad"
						}
					}
				},
				"stone": {
					"scale": {
						"vector": [0, 0, 0]
					}
				},
				"laser": {
					"scale": {
						"vector": [0, 0, 0]
					}
				},
				"player": {
					"scale": {
						"vector": [0, 0, 0]
					}
				}
			}
		},
		"animation.geometry.chicken.phase1_attack": {
			"animation_length": 1.58333,
			"bones": {
				"body": {
					"rotation": {
						"0.0": {
							"vector": [0, 0, 0]
						},
						"0.5": {
							"vector": [-12.5, 0, 0],
							"easing": "easeOutQuad"
						},
						"0.9583": {
							"vector": [12.5, 0, 0],
							"easing": "easeInOutQuart"
						},
						"1.4583": {
							"vector": [0, 0, 0],
							"easing": "easeInQuad"
						}
					},
					"position": {
						"0.0": {
							"vector": [0, 0, 0]
						},
						"0.5": {
							"vector": [0, 0, 3],
							"easing": "easeOutQuad"
						},
						"0.9583": {
							"vector": [0, 0, -1],
							"easing": "easeInOutQuart"
						},
						"1.4583": {
							"vector": [0, 0, 0],
							"easing": "easeInQuad"
						}
					},
					"scale": {
						"vector": [1.005, 1.005, 1.005]
					}
				},
				"right_wings": {
					"rotation": {
						"0.125": {
							"vector": [0.5, 0, -0.5]
						},
						"0.625": {
							"vector": [-17.217, 2.5155, 31.6389],
							"easing": "easeOutQuad"
						},
						"1.0833": {
							"vector": [22.783, 2.5155, 31.6389],
							"easing": "easeInOutQuart"
						},
						"1.5833": {
							"vector": [0.5, 0, -0.5],
							"easing": "easeInQuad"
						}
					},
					"position": {
						"0.125": {
							"vector": [0, 0, 0]
						},
						"0.625": {
							"vector": [0, 0, -1],
							"easing": "easeOutQuad"
						},
						"1.0833": {
							"vector": [0, 0, 1],
							"easing": "easeInOutQuart"
						},
						"1.5833": {
							"vector": [0, 0, 0],
							"easing": "easeInQuad"
						}
					}
				},
				"left_wings": {
					"rotation": {
						"0.125": {
							"vector": [-0.5, 0, 0.5]
						},
						"0.625": {
							"vector": [-17.78302, -2.51549, -31.63895],
							"easing": "easeOutQuad"
						},
						"1.0833": {
							"vector": [24.71698, -2.51549, -31.63895],
							"easing": "easeInOutQuart"
						},
						"1.5833": {
							"vector": [-0.5, 0, 0.5],
							"easing": "easeInQuad"
						}
					},
					"position": {
						"0.125": {
							"vector": [0, 0, 0]
						},
						"0.625": {
							"vector": [0, 0, -1],
							"easing": "easeOutQuad"
						},
						"1.0833": {
							"vector": [0, 0, 1],
							"easing": "easeInOutQuart"
						},
						"1.5833": {
							"vector": [0, 0, 0],
							"easing": "easeInQuad"
						}
					}
				},
				"head": {
					"rotation": {
						"0.0417": {
							"vector": [0.43, 0.5, 0]
						},
						"0.5417": {
							"vector": [-7.07, 0.5, 0],
							"easing": "easeOutQuad"
						},
						"1.0": {
							"vector": [17.93, 0.5, 0],
							"easing": "easeInOutQuart"
						},
						"1.5": {
							"vector": [0.43, 0.5, 0],
							"easing": "easeInQuad"
						}
					},
					"position": {
						"0.0417": {
							"vector": [0, 0, 0]
						},
						"0.5417": {
							"vector": [0, 0, 2],
							"easing": "easeOutQuad"
						},
						"1.0": {
							"vector": [0, 0, -1],
							"easing": "easeInOutQuart"
						},
						"1.5": {
							"vector": [0, 0, 0],
							"easing": "easeInQuad"
						}
					}
				},
				"stone": {
					"scale": {
						"vector": [0, 0, 0]
					}
				},
				"laser": {
					"scale": {
						"vector": [0, 0, 0]
					}
				},
				"player": {
					"scale": {
						"vector": [0, 0, 0]
					}
				}
			}
		},
		"animation.geometry.chicken.phase2_idle": {
			"loop": true,
			"animation_length": 3,
			"bones": {
				"body": {
					"scale": {
						"vector": ["1+Math.cos(query.anim_time*120)*0.005", "1+Math.cos(query.anim_time*120)*0.005", "1+Math.cos(query.anim_time*120)*0.005"]
					}
				},
				"right_wings": {
					"rotation": {
						"vector": ["Math.cos(query.anim_time*120)*0.5", 0, "Math.cos(60+query.anim_time*120)*-1"]
					}
				},
				"left_wings": {
					"rotation": {
						"vector": ["Math.cos(query.anim_time*120)*-0.5", 0, "Math.cos(60+query.anim_time*120)*1"]
					}
				},
				"head": {
					"rotation": {
						"vector": ["Math.cos(30+query.anim_time*120)*0.5", "Math.cos(60+query.anim_time*120)*1", 0]
					}
				},
				"total": {
					"position": {
						"vector": [0, 3.5, 0]
					},
					"scale": {
						"vector": [1.5, 1.5, 1.5]
					}
				},
				"stone": {
					"scale": {
						"vector": [0, 0, 0]
					}
				},
				"laser": {
					"scale": {
						"vector": [0, 0, 0]
					}
				},
				"player": {
					"scale": {
						"vector": [0, 0, 0]
					}
				}
			}
		},
		"animation.geometry.chicken.phase2_walk": {
			"loop": true,
			"animation_length": 2,
			"bones": {
				"body": {
					"rotation": {
						"0.0": {
							"vector": [0, 0, 0]
						},
						"0.5": {
							"vector": [2.49762, 0.10901, -2.49762],
							"easing": "easeOutQuad"
						},
						"1.5": {
							"vector": [2.49762, -0.10901, 2.49762],
							"easing": "easeInOutQuad"
						},
						"2.0": {
							"vector": [0, 0, 0],
							"easing": "easeInQuad"
						}
					},
					"scale": {
						"vector": [1.005, 1.005, 1.005]
					}
				},
				"right_wings": {
					"rotation": {
						"0.0": {
							"vector": [0.5, 0, -0.5]
						},
						"0.5": {
							"vector": [0.49952, -0.02181, 1.9999],
							"easing": "easeOutQuad"
						},
						"1.5": {
							"vector": [0.49952, 0.02181, -2.9999],
							"easing": "easeInOutQuad"
						},
						"2.0": {
							"vector": [0.5, 0, -0.5],
							"easing": "easeInQuad"
						}
					}
				},
				"left_wings": {
					"rotation": {
						"0.0": {
							"vector": [-0.5, 0, 0.5]
						},
						"0.5": {
							"vector": [-0.49952, 0.02181, 2.9999],
							"easing": "easeOutQuad"
						},
						"1.5": {
							"vector": [-0.49952, -0.02181, -1.9999],
							"easing": "easeInOutQuad"
						},
						"2.0": {
							"vector": [-0.5, 0, 0.5],
							"easing": "easeInQuad"
						}
					}
				},
				"head": {
					"rotation": {
						"0.0": {
							"vector": [0.43, 0.5, 0]
						},
						"0.5": {
							"vector": [0.4514, 0.48077, 2.50002],
							"easing": "easeOutQuad"
						},
						"1.5": {
							"vector": [0.40778, 0.51828, -2.50003],
							"easing": "easeInOutQuad"
						},
						"2.0": {
							"vector": [0.43, 0.5, 0],
							"easing": "easeInQuad"
						}
					}
				},
				"right_legs": {
					"rotation": {
						"0.0": {
							"vector": [0, 0, 0]
						},
						"0.5": {
							"vector": [47.5, 0, 0],
							"easing": "easeOutQuad"
						},
						"1.5": {
							"vector": [-30, 0, 0],
							"easing": "easeInOutQuad"
						},
						"2.0": {
							"vector": [0, 0, 0],
							"easing": "easeInQuad"
						}
					}
				},
				"left_legs": {
					"rotation": {
						"0.0": {
							"vector": [0, 0, 0]
						},
						"0.5": {
							"vector": [-30, 0, 0],
							"easing": "easeOutQuad"
						},
						"1.5": {
							"vector": [47.5, 0, 0],
							"easing": "easeInOutQuad"
						},
						"2.0": {
							"vector": [0, 0, 0],
							"easing": "easeInQuad"
						}
					}
				},
				"total": {
					"position": {
						"0.0": {
							"vector": [0, 3.5, 0]
						},
						"0.5": {
							"vector": [0, 2, 0],
							"easing": "easeInOutQuad"
						},
						"1.0": {
							"vector": [0, 3.5, 0],
							"easing": "easeInOutQuad"
						},
						"1.5": {
							"vector": [0, 2, 0],
							"easing": "easeInOutQuad"
						},
						"2.0": {
							"vector": [0, 3.5, 0],
							"easing": "easeInOutQuad"
						}
					},
					"scale": {
						"vector": [1.5, 1.5, 1.5]
					}
				},
				"stone": {
					"scale": {
						"vector": [0, 0, 0]
					}
				},
				"laser": {
					"scale": {
						"vector": [0, 0, 0]
					}
				},
				"player": {
					"scale": {
						"vector": [0, 0, 0]
					}
				}
			}
		},
		"animation.geometry.chicken.phase2_attack": {
			"animation_length": 1.58333,
			"bones": {
				"body": {
					"rotation": {
						"0.0": {
							"vector": [0, 0, 0]
						},
						"0.5": {
							"vector": [-12.5, 0, 0],
							"easing": "easeOutQuad"
						},
						"0.9583": {
							"vector": [12.5, 0, 0],
							"easing": "easeInOutQuart"
						},
						"1.4583": {
							"vector": [0, 0, 0],
							"easing": "easeInQuad"
						}
					},
					"position": {
						"0.0": {
							"vector": [0, 0, 0]
						},
						"0.5": {
							"vector": [0, 0, 3],
							"easing": "easeOutQuad"
						},
						"0.9583": {
							"vector": [0, 0, -1],
							"easing": "easeInOutQuart"
						},
						"1.4583": {
							"vector": [0, 0, 0],
							"easing": "easeInQuad"
						}
					},
					"scale": {
						"vector": [1.005, 1.005, 1.005]
					}
				},
				"right_wings": {
					"rotation": {
						"0.125": {
							"vector": [0.5, 0, -0.5]
						},
						"0.625": {
							"vector": [-17.217, 2.5155, 31.6389],
							"easing": "easeOutQuad"
						},
						"1.0833": {
							"vector": [22.783, 2.5155, 31.6389],
							"easing": "easeInOutQuart"
						},
						"1.5833": {
							"vector": [0.5, 0, -0.5],
							"easing": "easeInQuad"
						}
					},
					"position": {
						"0.125": {
							"vector": [0, 0, 0]
						},
						"0.625": {
							"vector": [0, 0, -1],
							"easing": "easeOutQuad"
						},
						"1.0833": {
							"vector": [0, 0, 1],
							"easing": "easeInOutQuart"
						},
						"1.5833": {
							"vector": [0, 0, 0],
							"easing": "easeInQuad"
						}
					}
				},
				"left_wings": {
					"rotation": {
						"0.125": {
							"vector": [-0.5, 0, 0.5]
						},
						"0.625": {
							"vector": [-17.78302, -2.51549, -31.63895],
							"easing": "easeOutQuad"
						},
						"1.0833": {
							"vector": [24.71698, -2.51549, -31.63895],
							"easing": "easeInOutQuart"
						},
						"1.5833": {
							"vector": [-0.5, 0, 0.5],
							"easing": "easeInQuad"
						}
					},
					"position": {
						"0.125": {
							"vector": [0, 0, 0]
						},
						"0.625": {
							"vector": [0, 0, -1],
							"easing": "easeOutQuad"
						},
						"1.0833": {
							"vector": [0, 0, 1],
							"easing": "easeInOutQuart"
						},
						"1.5833": {
							"vector": [0, 0, 0],
							"easing": "easeInQuad"
						}
					}
				},
				"head": {
					"rotation": {
						"0.0417": {
							"vector": [0.43, 0.5, 0]
						},
						"0.5417": {
							"vector": [-7.07, 0.5, 0],
							"easing": "easeOutQuad"
						},
						"1.0": {
							"vector": [17.93, 0.5, 0],
							"easing": "easeInOutQuart"
						},
						"1.5": {
							"vector": [0.43, 0.5, 0],
							"easing": "easeInQuad"
						}
					},
					"position": {
						"0.0417": {
							"vector": [0, 0, 0]
						},
						"0.5417": {
							"vector": [0, 0, 2],
							"easing": "easeOutQuad"
						},
						"1.0": {
							"vector": [0, 0, -1],
							"easing": "easeInOutQuart"
						},
						"1.5": {
							"vector": [0, 0, 0],
							"easing": "easeInQuad"
						}
					}
				},
				"total": {
					"position": {
						"vector": [0, 3.5, 0]
					},
					"scale": {
						"vector": [1.5, 1.5, 1.5]
					}
				},
				"stone": {
					"scale": {
						"vector": [0, 0, 0]
					}
				},
				"laser": {
					"scale": {
						"vector": [0, 0, 0]
					}
				},
				"player": {
					"scale": {
						"vector": [0, 0, 0]
					}
				}
			}
		},
		"animation.geometry.chicken.phase3_idle": {
			"loop": true,
			"animation_length": 3,
			"bones": {
				"body": {
					"scale": {
						"vector": ["1+Math.cos(query.anim_time*120)*0.005", "1+Math.cos(query.anim_time*120)*0.005", "1+Math.cos(query.anim_time*120)*0.005"]
					}
				},
				"right_wings": {
					"rotation": {
						"vector": ["Math.cos(query.anim_time*120)*0.5", 0, "Math.cos(60+query.anim_time*120)*-1"]
					}
				},
				"left_wings": {
					"rotation": {
						"vector": ["Math.cos(query.anim_time*120)*-0.5", 0, "Math.cos(60+query.anim_time*120)*1"]
					}
				},
				"head": {
					"rotation": {
						"vector": ["Math.cos(30+query.anim_time*120)*0.5", "Math.cos(60+query.anim_time*120)*1", 0]
					}
				},
				"total": {
					"position": {
						"vector": [0, 7, 0]
					},
					"scale": {
						"vector": [2, 2, 2]
					}
				},
				"stone": {
					"scale": {
						"vector": [0, 0, 0]
					}
				},
				"laser": {
					"scale": {
						"vector": [0, 0, 0]
					}
				},
				"player": {
					"scale": {
						"vector": [0, 0, 0]
					}
				}
			}
		},
		"animation.geometry.chicken.phase3_walk": {
			"loop": true,
			"animation_length": 2,
			"bones": {
				"body": {
					"rotation": {
						"0.0": {
							"vector": [0, 0, 0]
						},
						"0.5": {
							"vector": [2.49762, 0.10901, -2.49762],
							"easing": "easeOutQuad"
						},
						"1.5": {
							"vector": [2.49762, -0.10901, 2.49762],
							"easing": "easeInOutQuad"
						},
						"2.0": {
							"vector": [0, 0, 0],
							"easing": "easeInQuad"
						}
					},
					"scale": {
						"vector": [1.005, 1.005, 1.005]
					}
				},
				"right_wings": {
					"rotation": {
						"0.0": {
							"vector": [0.5, 0, -0.5]
						},
						"0.5": {
							"vector": [0.49952, -0.02181, 1.9999],
							"easing": "easeOutQuad"
						},
						"1.5": {
							"vector": [0.49952, 0.02181, -2.9999],
							"easing": "easeInOutQuad"
						},
						"2.0": {
							"vector": [0.5, 0, -0.5],
							"easing": "easeInQuad"
						}
					}
				},
				"left_wings": {
					"rotation": {
						"0.0": {
							"vector": [-0.5, 0, 0.5]
						},
						"0.5": {
							"vector": [-0.49952, 0.02181, 2.9999],
							"easing": "easeOutQuad"
						},
						"1.5": {
							"vector": [-0.49952, -0.02181, -1.9999],
							"easing": "easeInOutQuad"
						},
						"2.0": {
							"vector": [-0.5, 0, 0.5],
							"easing": "easeInQuad"
						}
					}
				},
				"head": {
					"rotation": {
						"0.0": {
							"vector": [0.43, 0.5, 0]
						},
						"0.5": {
							"vector": [0.4514, 0.48077, 2.50002],
							"easing": "easeOutQuad"
						},
						"1.5": {
							"vector": [0.40778, 0.51828, -2.50003],
							"easing": "easeInOutQuad"
						},
						"2.0": {
							"vector": [0.43, 0.5, 0],
							"easing": "easeInQuad"
						}
					}
				},
				"right_legs": {
					"rotation": {
						"0.0": {
							"vector": [0, 0, 0]
						},
						"0.5": {
							"vector": [47.5, 0, 0],
							"easing": "easeOutQuad"
						},
						"1.5": {
							"vector": [-30, 0, 0],
							"easing": "easeInOutQuad"
						},
						"2.0": {
							"vector": [0, 0, 0],
							"easing": "easeInQuad"
						}
					}
				},
				"left_legs": {
					"rotation": {
						"0.0": {
							"vector": [0, 0, 0]
						},
						"0.5": {
							"vector": [-30, 0, 0],
							"easing": "easeOutQuad"
						},
						"1.5": {
							"vector": [47.5, 0, 0],
							"easing": "easeInOutQuad"
						},
						"2.0": {
							"vector": [0, 0, 0],
							"easing": "easeInQuad"
						}
					}
				},
				"total": {
					"position": {
						"0.0": {
							"vector": [0, 7.25, 0]
						},
						"0.5": {
							"vector": [0, 5.25, 0],
							"easing": "easeInOutQuad"
						},
						"1.0": {
							"vector": [0, 7.25, 0],
							"easing": "easeInOutQuad"
						},
						"1.5": {
							"vector": [0, 5.25, 0],
							"easing": "easeInOutQuad"
						},
						"2.0": {
							"vector": [0, 7.25, 0],
							"easing": "easeInOutQuad"
						}
					},
					"scale": {
						"vector": [2, 2, 2]
					}
				},
				"stone": {
					"scale": {
						"vector": [0, 0, 0]
					}
				},
				"laser": {
					"scale": {
						"vector": [0, 0, 0]
					}
				},
				"player": {
					"scale": {
						"vector": [0, 0, 0]
					}
				}
			}
		},
		"animation.geometry.chicken.phase3_attack": {
			"animation_length": 1.58333,
			"bones": {
				"body": {
					"rotation": {
						"0.0": {
							"vector": [0, 0, 0]
						},
						"0.5": {
							"vector": [-12.5, 0, 0],
							"easing": "easeOutQuad"
						},
						"0.9583": {
							"vector": [12.5, 0, 0],
							"easing": "easeInOutQuart"
						},
						"1.4583": {
							"vector": [0, 0, 0],
							"easing": "easeInQuad"
						}
					},
					"position": {
						"0.0": {
							"vector": [0, 0, 0]
						},
						"0.5": {
							"vector": [0, 0, 3],
							"easing": "easeOutQuad"
						},
						"0.9583": {
							"vector": [0, 0, -1],
							"easing": "easeInOutQuart"
						},
						"1.4583": {
							"vector": [0, 0, 0],
							"easing": "easeInQuad"
						}
					},
					"scale": {
						"vector": [1.005, 1.005, 1.005]
					}
				},
				"right_wings": {
					"rotation": {
						"0.125": {
							"vector": [0.5, 0, -0.5]
						},
						"0.625": {
							"vector": [-17.217, 2.5155, 31.6389],
							"easing": "easeOutQuad"
						},
						"1.0833": {
							"vector": [22.783, 2.5155, 31.6389],
							"easing": "easeInOutQuart"
						},
						"1.5833": {
							"vector": [0.5, 0, -0.5],
							"easing": "easeInQuad"
						}
					},
					"position": {
						"0.125": {
							"vector": [0, 0, 0]
						},
						"0.625": {
							"vector": [0, 0, -1],
							"easing": "easeOutQuad"
						},
						"1.0833": {
							"vector": [0, 0, 1],
							"easing": "easeInOutQuart"
						},
						"1.5833": {
							"vector": [0, 0, 0],
							"easing": "easeInQuad"
						}
					}
				},
				"left_wings": {
					"rotation": {
						"0.125": {
							"vector": [-0.5, 0, 0.5]
						},
						"0.625": {
							"vector": [-17.78302, -2.51549, -31.63895],
							"easing": "easeOutQuad"
						},
						"1.0833": {
							"vector": [24.71698, -2.51549, -31.63895],
							"easing": "easeInOutQuart"
						},
						"1.5833": {
							"vector": [-0.5, 0, 0.5],
							"easing": "easeInQuad"
						}
					},
					"position": {
						"0.125": {
							"vector": [0, 0, 0]
						},
						"0.625": {
							"vector": [0, 0, -1],
							"easing": "easeOutQuad"
						},
						"1.0833": {
							"vector": [0, 0, 1],
							"easing": "easeInOutQuart"
						},
						"1.5833": {
							"vector": [0, 0, 0],
							"easing": "easeInQuad"
						}
					}
				},
				"head": {
					"rotation": {
						"0.0417": {
							"vector": [0.43, 0.5, 0]
						},
						"0.5417": {
							"vector": [-7.07, 0.5, 0],
							"easing": "easeOutQuad"
						},
						"1.0": {
							"vector": [17.93, 0.5, 0],
							"easing": "easeInOutQuart"
						},
						"1.5": {
							"vector": [0.43, 0.5, 0],
							"easing": "easeInQuad"
						}
					},
					"position": {
						"0.0417": {
							"vector": [0, 0, 0]
						},
						"0.5417": {
							"vector": [0, 0, 2],
							"easing": "easeOutQuad"
						},
						"1.0": {
							"vector": [0, 0, -1],
							"easing": "easeInOutQuart"
						},
						"1.5": {
							"vector": [0, 0, 0],
							"easing": "easeInQuad"
						}
					}
				},
				"total": {
					"position": {
						"vector": [0, 7.25, 0]
					},
					"scale": {
						"vector": [2, 2, 2]
					}
				},
				"stone": {
					"scale": {
						"vector": [0, 0, 0]
					}
				},
				"laser": {
					"scale": {
						"vector": [0, 0, 0]
					}
				},
				"player": {
					"scale": {
						"vector": [0, 0, 0]
					}
				}
			}
		},
		"animation.geometry.chicken.phase4_idle": {
			"loop": true,
			"animation_length": 2,
			"bones": {
				"total": {
					"position": {
						"vector": [0, 10.55, 0]
					},
					"scale": {
						"vector": [2.5, 2.5, 2.5]
					}
				},
				"body": {
					"position": {
						"vector": [0, "Math.cos(query.anim_time*720)*0.05", 0]
					}
				},
				"right_wings": {
					"rotation": {
						"vector": ["Math.cos(query.anim_time*180)*1", 0, "Math.cos(30+query.anim_time*180)*-1"]
					}
				},
				"left_wings": {
					"rotation": {
						"vector": ["Math.cos(30+query.anim_time*180)*-1", 0, "Math.cos(query.anim_time*180)*1"]
					}
				},
				"head": {
					"rotation": {
						"vector": ["Math.cos(60+query.anim_time*180)*0.5", "Math.cos(30+query.anim_time*180)*1", "Math.cos(90+query.anim_time*180)*-0.5"]
					}
				},
				"wave1": {
					"scale": {
						"vector": [0, 0, 0]
					}
				},
				"wave2": {
					"scale": {
						"vector": [0, 0, 0]
					}
				},
				"wave3": {
					"scale": {
						"vector": [0, 0, 0]
					}
				},
				"wave4": {
					"scale": {
						"vector": [0, 0, 0]
					}
				},
				"wave5": {
					"scale": {
						"vector": [0, 0, 0]
					}
				},
				"wave6": {
					"scale": {
						"vector": [0, 0, 0]
					}
				},
				"stone": {
					"scale": {
						"vector": [0, 0, 0]
					}
				},
				"laser": {
					"scale": {
						"vector": [0, 0, 0]
					}
				},
				"player": {
					"scale": {
						"vector": [0, 0, 0]
					}
				}
			}
		},
		"animation.geometry.chicken.phase4_walk": {
			"loop": true,
			"animation_length": 2,
			"bones": {
				"total": {
					"position": {
						"vector": [0, 10.55, 0]
					},
					"scale": {
						"vector": [2.5, 2.5, 2.5]
					}
				},
				"body": {
					"position": {
						"vector": [0, "Math.cos(query.anim_time*720)*0.5", 0]
					}
				},
				"right_wings": {
					"rotation": {
						"vector": [1, 0, -0.87]
					},
					"position": {
						"vector": [0, "Math.cos(60+query.anim_time*720)*0.25", 0]
					}
				},
				"left_wings": {
					"rotation": {
						"vector": [-0.87, 0, 1]
					},
					"position": {
						"vector": [0, "Math.cos(30+query.anim_time*720)*0.25", 0]
					}
				},
				"head": {
					"rotation": {
						"vector": [0.25, 0.87, 0]
					},
					"position": {
						"vector": [0, "Math.cos(90+query.anim_time*720)*0.1", 0]
					}
				},
				"wave1": {
					"position": {
						"0.0": {
							"vector": [0, 0, -2.5]
						},
						"0.5": {
							"vector": [0, 0, 6]
						},
						"0.5417": {
							"vector": [0, 0, -2.46]
						},
						"1.0": {
							"vector": [0, 0, -2.5]
						},
						"1.5": {
							"vector": [0, 0, 6]
						}
					},
					"scale": {
						"0.0": {
							"vector": [1, 1, 1]
						},
						"0.25": {
							"vector": [1.25, 1.25, 1.25],
							"easing": "easeOutQuad"
						},
						"0.5": {
							"vector": [0, 0, 0],
							"easing": "easeInOutQuad"
						},
						"1.0": {
							"vector": [1, 1, 1],
							"easing": "easeInOutQuad"
						},
						"1.25": {
							"vector": [1.25, 1.25, 1.25],
							"easing": "easeInOutQuad"
						},
						"1.5": {
							"vector": [0, 0, 0],
							"easing": "easeInQuad"
						}
					}
				},
				"wave2": {
					"position": {
						"0.25": {
							"vector": [0, 0, -4.5]
						},
						"0.75": {
							"vector": [0, 0, 6]
						},
						"0.7917": {
							"vector": [0, 0, -4.37]
						},
						"1.25": {
							"vector": [0, 0, -4.5]
						},
						"1.75": {
							"vector": [0, 0, 6]
						}
					},
					"scale": {
						"0.25": {
							"vector": [1, 1, 1]
						},
						"0.5": {
							"vector": [1.25, 1.25, 1.25],
							"easing": "easeOutQuad"
						},
						"0.75": {
							"vector": [0, 0, 0],
							"easing": "easeInOutQuad"
						},
						"1.25": {
							"vector": [1, 1, 1],
							"easing": "easeInOutQuad"
						},
						"1.5": {
							"vector": [1.25, 1.25, 1.25],
							"easing": "easeInOutQuad"
						},
						"1.75": {
							"vector": [0, 0, 0],
							"easing": "easeInQuad"
						}
					}
				},
				"wave3": {
					"position": {
						"0.5": {
							"vector": [0, 0, -6.5]
						},
						"1.0": {
							"vector": [0, 0, 6]
						},
						"1.0833": {
							"vector": [0, 0, -6.33]
						},
						"1.5": {
							"vector": [0, 0, -6.5]
						},
						"2.0": {
							"vector": [0, 0, 6]
						}
					},
					"scale": {
						"0.5": {
							"vector": [1, 1, 1]
						},
						"0.75": {
							"vector": [1.25, 1.25, 1.25],
							"easing": "easeOutQuad"
						},
						"1.0": {
							"vector": [0, 0, 0],
							"easing": "easeInOutQuad"
						},
						"1.5": {
							"vector": [1, 1, 1],
							"easing": "easeInOutQuad"
						},
						"1.75": {
							"vector": [1.25, 1.25, 1.25],
							"easing": "easeInOutQuad"
						},
						"2.0": {
							"vector": [0, 0, 0],
							"easing": "easeInQuad"
						}
					}
				},
				"wave4": {
					"position": {
						"0.0": {
							"vector": [0, 0, -2.5]
						},
						"0.5": {
							"vector": [0, 0, 6]
						},
						"0.5417": {
							"vector": [0, 0, -2.46]
						},
						"1.0": {
							"vector": [0, 0, -2.5]
						},
						"1.5": {
							"vector": [0, 0, 6]
						}
					},
					"scale": {
						"0.0": {
							"vector": [1, 1, 1]
						},
						"0.25": {
							"vector": [1.25, 1.25, 1.25],
							"easing": "easeOutQuad"
						},
						"0.5": {
							"vector": [0, 0, 0],
							"easing": "easeInOutQuad"
						},
						"1.0": {
							"vector": [1, 1, 1],
							"easing": "easeInOutQuad"
						},
						"1.25": {
							"vector": [1.25, 1.25, 1.25],
							"easing": "easeInOutQuad"
						},
						"1.5": {
							"vector": [0, 0, 0],
							"easing": "easeInQuad"
						}
					}
				},
				"wave5": {
					"position": {
						"0.25": {
							"vector": [0, 0, -4.5]
						},
						"0.75": {
							"vector": [0, 0, 6]
						},
						"0.7917": {
							"vector": [0, 0, -4.37]
						},
						"1.25": {
							"vector": [0, 0, -4.5]
						},
						"1.75": {
							"vector": [0, 0, 6]
						}
					},
					"scale": {
						"0.25": {
							"vector": [1, 1, 1]
						},
						"0.5": {
							"vector": [1.25, 1.25, 1.25],
							"easing": "easeOutQuad"
						},
						"0.75": {
							"vector": [0, 0, 0],
							"easing": "easeInOutQuad"
						},
						"1.25": {
							"vector": [1, 1, 1],
							"easing": "easeInOutQuad"
						},
						"1.5": {
							"vector": [1.25, 1.25, 1.25],
							"easing": "easeInOutQuad"
						},
						"1.75": {
							"vector": [0, 0, 0],
							"easing": "easeInQuad"
						}
					}
				},
				"wave6": {
					"position": {
						"0.5": {
							"vector": [0, 0, -6.5]
						},
						"1.0": {
							"vector": [0, 0, 6]
						},
						"1.0833": {
							"vector": [0, 0, -6.33]
						},
						"1.5": {
							"vector": [0, 0, -6.5]
						},
						"2.0": {
							"vector": [0, 0, 6]
						}
					},
					"scale": {
						"0.5": {
							"vector": [1, 1, 1]
						},
						"0.75": {
							"vector": [1.25, 1.25, 1.25],
							"easing": "easeOutQuad"
						},
						"1.0": {
							"vector": [0, 0, 0],
							"easing": "easeInOutQuad"
						},
						"1.5": {
							"vector": [1, 1, 1],
							"easing": "easeInOutQuad"
						},
						"1.75": {
							"vector": [1.25, 1.25, 1.25],
							"easing": "easeInOutQuad"
						},
						"2.0": {
							"vector": [0, 0, 0],
							"easing": "easeInQuad"
						}
					}
				},
				"wheel": {
					"rotation": {
						"0.0": {
							"vector": [0, 0, 0]
						},
						"2.0": {
							"vector": [720, 0, 0]
						}
					},
					"position": {
						"vector": [0, 0, 0]
					}
				},
				"stone": {
					"scale": {
						"vector": [0, 0, 0]
					}
				},
				"laser": {
					"scale": {
						"vector": [0, 0, 0]
					}
				},
				"player": {
					"scale": {
						"vector": [0, 0, 0]
					}
				}
			}
		},
		"animation.geometry.chicken.phase4_attack": {
			"animation_length": 1.58333,
			"bones": {
				"body": {
					"rotation": {
						"0.0": {
							"vector": [0, 0, 0]
						},
						"0.5": {
							"vector": [-17.5, 0, 0],
							"easing": "easeOutQuad"
						},
						"0.9583": {
							"vector": [17.5, 0, 0],
							"easing": "easeInOutQuart"
						},
						"1.4583": {
							"vector": [0, 0, 0],
							"easing": "easeInQuad"
						}
					},
					"position": {
						"0.0": {
							"vector": [0, 0, 0]
						},
						"0.5": {
							"vector": [0, -1, 4],
							"easing": "easeOutQuad"
						},
						"0.9583": {
							"vector": [0, -1, -3],
							"easing": "easeInOutQuart"
						},
						"1.4583": {
							"vector": [0, 0, 0],
							"easing": "easeInQuad"
						}
					},
					"scale": {
						"vector": [1.005, 1.005, 1.005]
					}
				},
				"right_wings": {
					"rotation": {
						"0.125": {
							"vector": [0.5, 0, -0.5]
						},
						"0.625": {
							"vector": [-17.217, 2.5155, 31.6389],
							"easing": "easeOutQuad"
						},
						"1.0833": {
							"vector": [22.783, 2.5155, 31.6389],
							"easing": "easeInOutQuart"
						},
						"1.5833": {
							"vector": [0.5, 0, -0.5],
							"easing": "easeInQuad"
						}
					},
					"position": {
						"0.125": {
							"vector": [0, 0, 0]
						},
						"0.625": {
							"vector": [0, 0, -1],
							"easing": "easeOutQuad"
						},
						"1.0833": {
							"vector": [0, 0, 1],
							"easing": "easeInOutQuart"
						},
						"1.5833": {
							"vector": [0, 0, 0],
							"easing": "easeInQuad"
						}
					}
				},
				"left_wings": {
					"rotation": {
						"0.125": {
							"vector": [-0.5, 0, 0.5]
						},
						"0.625": {
							"vector": [-17.78302, -2.51549, -31.63895],
							"easing": "easeOutQuad"
						},
						"1.0833": {
							"vector": [24.71698, -2.51549, -31.63895],
							"easing": "easeInOutQuart"
						},
						"1.5833": {
							"vector": [-0.5, 0, 0.5],
							"easing": "easeInQuad"
						}
					},
					"position": {
						"0.125": {
							"vector": [0, 0, 0]
						},
						"0.625": {
							"vector": [0, 0, -1],
							"easing": "easeOutQuad"
						},
						"1.0833": {
							"vector": [0, 0, 1],
							"easing": "easeInOutQuart"
						},
						"1.5833": {
							"vector": [0, 0, 0],
							"easing": "easeInQuad"
						}
					}
				},
				"head": {
					"rotation": {
						"0.0417": {
							"vector": [0.43, 0.5, 0]
						},
						"0.5417": {
							"vector": [-14.57, 0.5, 0],
							"easing": "easeOutQuad"
						},
						"1.0": {
							"vector": [35.43, 0.5, 0],
							"easing": "easeInOutQuart"
						},
						"1.5": {
							"vector": [0.43, 0.5, 0],
							"easing": "easeInQuad"
						}
					},
					"position": {
						"0.0417": {
							"vector": [0, 0, 0]
						},
						"0.5417": {
							"vector": [0, 0, 2],
							"easing": "easeOutQuad"
						},
						"1.0": {
							"vector": [0, 0, -1],
							"easing": "easeInOutQuart"
						},
						"1.5": {
							"vector": [0, 0, 0],
							"easing": "easeInQuad"
						}
					}
				},
				"total": {
					"position": {
						"vector": [0, 10.55, 0]
					},
					"scale": {
						"vector": [2.5, 2.5, 2.5]
					}
				},
				"wave1": {
					"scale": {
						"vector": [0, 0, 0]
					}
				},
				"wave2": {
					"scale": {
						"vector": [0, 0, 0]
					}
				},
				"wave3": {
					"scale": {
						"vector": [0, 0, 0]
					}
				},
				"wave4": {
					"scale": {
						"vector": [0, 0, 0]
					}
				},
				"wave5": {
					"scale": {
						"vector": [0, 0, 0]
					}
				},
				"wave6": {
					"scale": {
						"vector": [0, 0, 0]
					}
				},
				"stone": {
					"scale": {
						"vector": [0, 0, 0]
					}
				},
				"laser": {
					"scale": {
						"vector": [0, 0, 0]
					}
				},
				"player": {
					"scale": {
						"vector": [0, 0, 0]
					}
				}
			}
		},
		"animation.geometry.chicken.phase5_template": {
			"loop": true,
			"animation_length": 2,
			"bones": {
				"total": {
					"position": {
						"vector": [0, 14, 0]
					},
					"scale": {
						"vector": [3, 3, 3]
					}
				},
				"body": {
					"position": {
						"vector": [0, 0.05, 0]
					}
				},
				"right_wings": {
					"rotation": {
						"vector": [1, 0, -0.87]
					}
				},
				"left_wings": {
					"rotation": {
						"vector": [-0.87, 0, 1]
					}
				},
				"head": {
					"rotation": {
						"vector": [0.25, 0.87, 0]
					}
				},
				"wave1": {
					"scale": {
						"vector": [0, 0, 0]
					}
				},
				"wave2": {
					"scale": {
						"vector": [0, 0, 0]
					}
				},
				"wave3": {
					"scale": {
						"vector": [0, 0, 0]
					}
				},
				"wave4": {
					"scale": {
						"vector": [0, 0, 0]
					}
				},
				"wave5": {
					"scale": {
						"vector": [0, 0, 0]
					}
				},
				"wave6": {
					"scale": {
						"vector": [0, 0, 0]
					}
				},
				"stone": {
					"scale": {
						"vector": [0, 0, 0]
					}
				},
				"laser": {
					"scale": {
						"vector": [0, 0, 0]
					}
				},
				"player": {
					"scale": {
						"vector": [0, 0, 0]
					}
				}
			}
		},
		"animation.geometry.chicken.phase5_idle": {
			"loop": true,
			"animation_length": 2,
			"bones": {
				"total": {
					"position": {
						"vector": [0, 14, 0]
					},
					"scale": {
						"vector": [3, 3, 3]
					}
				},
				"body": {
					"position": {
						"vector": [0, "Math.cos(query.anim_time*720)*0.05", 0]
					}
				},
				"right_wings": {
					"rotation": {
						"vector": ["Math.cos(query.anim_time*180)*1", 0, "Math.cos(30+query.anim_time*180)*-1"]
					}
				},
				"left_wings": {
					"rotation": {
						"vector": ["Math.cos(30+query.anim_time*180)*-1", 0, "Math.cos(query.anim_time*180)*1"]
					}
				},
				"head": {
					"rotation": {
						"vector": ["Math.cos(60+query.anim_time*180)*0.5", "Math.cos(30+query.anim_time*180)*1", "Math.cos(90+query.anim_time*180)*-0.5"]
					}
				},
				"wave1": {
					"scale": {
						"vector": [0, 0, 0]
					}
				},
				"wave2": {
					"scale": {
						"vector": [0, 0, 0]
					}
				},
				"wave3": {
					"scale": {
						"vector": [0, 0, 0]
					}
				},
				"wave4": {
					"scale": {
						"vector": [0, 0, 0]
					}
				},
				"wave5": {
					"scale": {
						"vector": [0, 0, 0]
					}
				},
				"wave6": {
					"scale": {
						"vector": [0, 0, 0]
					}
				},
				"stone": {
					"scale": {
						"vector": [0, 0, 0]
					}
				},
				"laser": {
					"scale": {
						"vector": [0, 0, 0]
					}
				},
				"player": {
					"scale": {
						"vector": [0, 0, 0]
					}
				}
			}
		},
		"animation.geometry.chicken.phase5_walk": {
			"loop": true,
			"animation_length": 2,
			"bones": {
				"total": {
					"position": {
						"vector": [0, 14, 0]
					},
					"scale": {
						"vector": [3, 3, 3]
					}
				},
				"body": {
					"position": {
						"vector": [0, "Math.cos(query.anim_time*720)*0.5", 0]
					}
				},
				"right_wings": {
					"rotation": {
						"vector": [1, 0, -0.87]
					},
					"position": {
						"vector": [0, "Math.cos(60+query.anim_time*720)*0.25", 0]
					}
				},
				"left_wings": {
					"rotation": {
						"vector": [-0.87, 0, 1]
					},
					"position": {
						"vector": [0, "Math.cos(30+query.anim_time*720)*0.25", 0]
					}
				},
				"head": {
					"rotation": {
						"vector": [0.25, 0.87, 0]
					},
					"position": {
						"vector": [0, "Math.cos(90+query.anim_time*720)*0.1", 0]
					}
				},
				"wave1": {
					"position": {
						"0.0": {
							"vector": [0, 0, -2.5]
						},
						"0.5": {
							"vector": [0, 0, 6]
						},
						"0.5417": {
							"vector": [0, 0, -2.46]
						},
						"1.0": {
							"vector": [0, 0, -2.5]
						},
						"1.5": {
							"vector": [0, 0, 6]
						}
					},
					"scale": {
						"0.0": {
							"vector": [1, 1, 1]
						},
						"0.25": {
							"vector": [1.25, 1.25, 1.25],
							"easing": "easeOutQuad"
						},
						"0.5": {
							"vector": [0, 0, 0],
							"easing": "easeInOutQuad"
						},
						"1.0": {
							"vector": [1, 1, 1],
							"easing": "easeInOutQuad"
						},
						"1.25": {
							"vector": [1.25, 1.25, 1.25],
							"easing": "easeInOutQuad"
						},
						"1.5": {
							"vector": [0, 0, 0],
							"easing": "easeInQuad"
						}
					}
				},
				"wave2": {
					"position": {
						"0.25": {
							"vector": [0, 0, -4.5]
						},
						"0.75": {
							"vector": [0, 0, 6]
						},
						"0.7917": {
							"vector": [0, 0, -4.37]
						},
						"1.25": {
							"vector": [0, 0, -4.5]
						},
						"1.75": {
							"vector": [0, 0, 6]
						}
					},
					"scale": {
						"0.25": {
							"vector": [1, 1, 1]
						},
						"0.5": {
							"vector": [1.25, 1.25, 1.25],
							"easing": "easeOutQuad"
						},
						"0.75": {
							"vector": [0, 0, 0],
							"easing": "easeInOutQuad"
						},
						"1.25": {
							"vector": [1, 1, 1],
							"easing": "easeInOutQuad"
						},
						"1.5": {
							"vector": [1.25, 1.25, 1.25],
							"easing": "easeInOutQuad"
						},
						"1.75": {
							"vector": [0, 0, 0],
							"easing": "easeInQuad"
						}
					}
				},
				"wave3": {
					"position": {
						"0.5": {
							"vector": [0, 0, -6.5]
						},
						"1.0": {
							"vector": [0, 0, 6]
						},
						"1.0833": {
							"vector": [0, 0, -6.33]
						},
						"1.5": {
							"vector": [0, 0, -6.5]
						},
						"2.0": {
							"vector": [0, 0, 6]
						}
					},
					"scale": {
						"0.5": {
							"vector": [1, 1, 1]
						},
						"0.75": {
							"vector": [1.25, 1.25, 1.25],
							"easing": "easeOutQuad"
						},
						"1.0": {
							"vector": [0, 0, 0],
							"easing": "easeInOutQuad"
						},
						"1.5": {
							"vector": [1, 1, 1],
							"easing": "easeInOutQuad"
						},
						"1.75": {
							"vector": [1.25, 1.25, 1.25],
							"easing": "easeInOutQuad"
						},
						"2.0": {
							"vector": [0, 0, 0],
							"easing": "easeInQuad"
						}
					}
				},
				"wave4": {
					"position": {
						"0.0": {
							"vector": [0, 0, -2.5]
						},
						"0.5": {
							"vector": [0, 0, 6]
						},
						"0.5417": {
							"vector": [0, 0, -2.46]
						},
						"1.0": {
							"vector": [0, 0, -2.5]
						},
						"1.5": {
							"vector": [0, 0, 6]
						}
					},
					"scale": {
						"0.0": {
							"vector": [1, 1, 1]
						},
						"0.25": {
							"vector": [1.25, 1.25, 1.25],
							"easing": "easeOutQuad"
						},
						"0.5": {
							"vector": [0, 0, 0],
							"easing": "easeInOutQuad"
						},
						"1.0": {
							"vector": [1, 1, 1],
							"easing": "easeInOutQuad"
						},
						"1.25": {
							"vector": [1.25, 1.25, 1.25],
							"easing": "easeInOutQuad"
						},
						"1.5": {
							"vector": [0, 0, 0],
							"easing": "easeInQuad"
						}
					}
				},
				"wave5": {
					"position": {
						"0.25": {
							"vector": [0, 0, -4.5]
						},
						"0.75": {
							"vector": [0, 0, 6]
						},
						"0.7917": {
							"vector": [0, 0, -4.37]
						},
						"1.25": {
							"vector": [0, 0, -4.5]
						},
						"1.75": {
							"vector": [0, 0, 6]
						}
					},
					"scale": {
						"0.25": {
							"vector": [1, 1, 1]
						},
						"0.5": {
							"vector": [1.25, 1.25, 1.25],
							"easing": "easeOutQuad"
						},
						"0.75": {
							"vector": [0, 0, 0],
							"easing": "easeInOutQuad"
						},
						"1.25": {
							"vector": [1, 1, 1],
							"easing": "easeInOutQuad"
						},
						"1.5": {
							"vector": [1.25, 1.25, 1.25],
							"easing": "easeInOutQuad"
						},
						"1.75": {
							"vector": [0, 0, 0],
							"easing": "easeInQuad"
						}
					}
				},
				"wave6": {
					"position": {
						"0.5": {
							"vector": [0, 0, -6.5]
						},
						"1.0": {
							"vector": [0, 0, 6]
						},
						"1.0833": {
							"vector": [0, 0, -6.33]
						},
						"1.5": {
							"vector": [0, 0, -6.5]
						},
						"2.0": {
							"vector": [0, 0, 6]
						}
					},
					"scale": {
						"0.5": {
							"vector": [1, 1, 1]
						},
						"0.75": {
							"vector": [1.25, 1.25, 1.25],
							"easing": "easeOutQuad"
						},
						"1.0": {
							"vector": [0, 0, 0],
							"easing": "easeInOutQuad"
						},
						"1.5": {
							"vector": [1, 1, 1],
							"easing": "easeInOutQuad"
						},
						"1.75": {
							"vector": [1.25, 1.25, 1.25],
							"easing": "easeInOutQuad"
						},
						"2.0": {
							"vector": [0, 0, 0],
							"easing": "easeInQuad"
						}
					}
				},
				"wheel": {
					"rotation": {
						"0.0": {
							"vector": [0, 0, 0]
						},
						"2.0": {
							"vector": [720, 0, 0]
						}
					},
					"position": {
						"vector": [0, 0, 0]
					}
				},
				"stone": {
					"scale": {
						"vector": [0, 0, 0]
					}
				},
				"laser": {
					"scale": {
						"vector": [0, 0, 0]
					}
				},
				"player": {
					"scale": {
						"vector": [0, 0, 0]
					}
				}
			}
		},
		"animation.geometry.chicken.phase5_attack": {
			"animation_length": 1.58333,
			"bones": {
				"body": {
					"rotation": {
						"0.0": {
							"vector": [0, 0, 0]
						},
						"0.5": {
							"vector": [-20, 0, 0],
							"easing": "easeOutQuad"
						},
						"0.9583": {
							"vector": [20, 0, 0],
							"easing": "easeInOutQuart"
						},
						"1.4583": {
							"vector": [0, 0, 0],
							"easing": "easeInQuad"
						}
					},
					"position": {
						"0.0": {
							"vector": [0, 0, 0]
						},
						"0.5": {
							"vector": [0, -2, 5],
							"easing": "easeOutQuad"
						},
						"0.9583": {
							"vector": [0, -2, -4],
							"easing": "easeInOutQuart"
						},
						"1.4583": {
							"vector": [0, 0, 0],
							"easing": "easeInQuad"
						}
					},
					"scale": {
						"vector": [1.005, 1.005, 1.005]
					}
				},
				"right_wings": {
					"rotation": {
						"0.125": {
							"vector": [0.5, 0, -0.5]
						},
						"0.625": {
							"vector": [-17.217, 2.5155, 31.6389],
							"easing": "easeOutQuad"
						},
						"1.0833": {
							"vector": [22.783, 2.5155, 31.6389],
							"easing": "easeInOutQuart"
						},
						"1.5833": {
							"vector": [0.5, 0, -0.5],
							"easing": "easeInQuad"
						}
					},
					"position": {
						"0.125": {
							"vector": [0, 0, 0]
						},
						"0.625": {
							"vector": [0, 0, -1],
							"easing": "easeOutQuad"
						},
						"1.0833": {
							"vector": [0, 0, 1],
							"easing": "easeInOutQuart"
						},
						"1.5833": {
							"vector": [0, 0, 0],
							"easing": "easeInQuad"
						}
					}
				},
				"left_wings": {
					"rotation": {
						"0.125": {
							"vector": [-0.5, 0, 0.5]
						},
						"0.625": {
							"vector": [-17.78302, -2.51549, -31.63895],
							"easing": "easeOutQuad"
						},
						"1.0833": {
							"vector": [24.71698, -2.51549, -31.63895],
							"easing": "easeInOutQuart"
						},
						"1.5833": {
							"vector": [-0.5, 0, 0.5],
							"easing": "easeInQuad"
						}
					},
					"position": {
						"0.125": {
							"vector": [0, 0, 0]
						},
						"0.625": {
							"vector": [0, 0, -1],
							"easing": "easeOutQuad"
						},
						"1.0833": {
							"vector": [0, 0, 1],
							"easing": "easeInOutQuart"
						},
						"1.5833": {
							"vector": [0, 0, 0],
							"easing": "easeInQuad"
						}
					}
				},
				"head": {
					"rotation": {
						"0.0417": {
							"vector": [0.43, 0.5, 0]
						},
						"0.5417": {
							"vector": [-17.07, 0.5, 0],
							"easing": "easeOutQuad"
						},
						"1.0": {
							"vector": [40.43, 0.5, 0],
							"easing": "easeInOutQuart"
						},
						"1.5": {
							"vector": [0.43, 0.5, 0],
							"easing": "easeInQuad"
						}
					},
					"position": {
						"0.0417": {
							"vector": [0, 0, 0]
						},
						"0.5417": {
							"vector": [0, 0, 2],
							"easing": "easeOutQuad"
						},
						"1.0": {
							"vector": [0, 0, -1],
							"easing": "easeInOutQuart"
						},
						"1.5": {
							"vector": [0, 0, 0],
							"easing": "easeInQuad"
						}
					}
				},
				"total": {
					"position": {
						"vector": [0, 14, 0]
					},
					"scale": {
						"vector": [3, 3, 3]
					}
				},
				"wave1": {
					"scale": {
						"vector": [0, 0, 0]
					}
				},
				"wave2": {
					"scale": {
						"vector": [0, 0, 0]
					}
				},
				"wave3": {
					"scale": {
						"vector": [0, 0, 0]
					}
				},
				"wave4": {
					"scale": {
						"vector": [0, 0, 0]
					}
				},
				"wave5": {
					"scale": {
						"vector": [0, 0, 0]
					}
				},
				"wave6": {
					"scale": {
						"vector": [0, 0, 0]
					}
				},
				"stone": {
					"scale": {
						"vector": [0, 0, 0]
					}
				},
				"laser": {
					"scale": {
						"vector": [0, 0, 0]
					}
				},
				"player": {
					"scale": {
						"vector": [0, 0, 0]
					}
				}
			}
		},
		"animation.geometry.chicken.phase5_laser_first_part": {
			"loop": "hold_on_last_frame",
			"animation_length": 1.625,
			"bones": {
				"total": {
					"position": {
						"vector": [0, 14, 0]
					},
					"scale": {
						"vector": [3, 3, 3]
					}
				},
				"body": {
					"rotation": {
						"0.2083": {
							"vector": [0, 0, 0]
						},
						"0.5833": {
							"vector": [-10, 0, 0],
							"easing": "easeOutQuad"
						},
						"1.1667": {
							"vector": [7.5, 0, 0],
							"easing": "easeInOutQuad"
						},
						"1.625": {
							"vector": [0, 0, 0],
							"easing": "easeInQuad"
						}
					},
					"position": {
						"0.2083": {
							"vector": [0, 0.05, 0]
						},
						"0.5833": {
							"vector": [0, -0.95, 2],
							"easing": "easeOutQuad"
						},
						"1.1667": {
							"vector": [0, -0.95, -2],
							"easing": "easeInOutQuad"
						},
						"1.625": {
							"vector": [0, 0.05, 0],
							"easing": "easeInQuad"
						}
					},
					"scale": {
						"0.75": {
							"vector": [1, 1, 1]
						},
						"1.1667": {
							"vector": [1.1, 1.1, 1.1],
							"easing": "easeOutQuad"
						},
						"1.625": {
							"vector": [1, 1, 1],
							"easing": "easeInQuad"
						}
					}
				},
				"right_wings": {
					"rotation": {
						"vector": [1, 0, -0.87]
					}
				},
				"left_wings": {
					"rotation": {
						"vector": [-0.87, 0, 1]
					}
				},
				"head": {
					"rotation": {
						"0.2083": {
							"vector": [0.25, 0.87, 0]
						},
						"0.5833": {
							"vector": [-12.25, 0.87, 0],
							"easing": "easeInOutQuad"
						},
						"1.1667": {
							"vector": [-7.25, 0.87, 0],
							"easing": "easeInCubic"
						},
						"1.625": {
							"vector": [0.25, 0.87, 0],
							"easing": "easeOutQuad"
						}
					},
					"position": {
						"0.2083": {
							"vector": [0, 0, 0]
						},
						"0.5833": {
							"vector": [0, -1, 0],
							"easing": "easeOutQuad"
						},
						"1.1667": {
							"vector": [0, -1, -2],
							"easing": "easeInOutQuad"
						},
						"1.625": {
							"vector": [0, 0, 0],
							"easing": "easeInQuad"
						}
					}
				},
				"wave1": {
					"scale": {
						"vector": [0, 0, 0]
					}
				},
				"wave2": {
					"scale": {
						"vector": [0, 0, 0]
					}
				},
				"wave3": {
					"scale": {
						"vector": [0, 0, 0]
					}
				},
				"wave4": {
					"scale": {
						"vector": [0, 0, 0]
					}
				},
				"wave5": {
					"scale": {
						"vector": [0, 0, 0]
					}
				},
				"wave6": {
					"scale": {
						"vector": [0, 0, 0]
					}
				},
				"mouth": {
					"rotation": {
						"0.0": {
							"vector": [0, 0, 0]
						},
						"0.375": {
							"vector": [45, 0, 0],
							"easing": "easeOutQuad"
						},
						"1.1667": {
							"vector": [52.5, 0, 0],
							"easing": "easeInOutQuad"
						},
						"1.625": {
							"vector": [0, 0, 0],
							"easing": "easeInQuad"
						}
					}
				},
				"stone": {
					"rotation": {
						"0.375": {
							"vector": [0, 0, 0]
						},
						"1.625": {
							"vector": [85.74079, 19.30591, -145.44544],
							"easing": "easeInOutQuad"
						}
					},
					"position": {
						"vector": [0, -1.75, -2.5]
					},
					"scale": {
						"0.375": {
							"vector": [0, 0, 0]
						},
						"0.75": {
							"vector": [1, 1, 1],
							"easing": "easeOutBack"
						},
						"1.1667": {
							"vector": [1.2, 1.2, 1.2],
							"easing": "easeInOutQuad"
						},
						"1.625": {
							"vector": [0, 0, 0],
							"easing": "easeInQuad"
						}
					}
				},
				"ring1": {
					"rotation": {
						"0.375": {
							"vector": [0, 0, 0]
						},
						"1.625": {
							"vector": [48.68765, 67.01059, -40.31407],
							"easing": "easeInOutQuad"
						}
					}
				},
				"ring2": {
					"rotation": {
						"0.375": {
							"vector": [0, 0, 0]
						},
						"1.625": {
							"vector": [-60, 5, 270],
							"easing": "easeInOutQuad"
						}
					}
				},
				"laser": {
					"scale": {
						"vector": [0, 0, 0]
					}
				},
				"player": {
					"scale": {
						"vector": [0, 0, 0]
					}
				}
			}
		},
		"animation.geometry.chicken.phase5_laser_second_part": {
			"loop": "hold_on_last_frame",
			"animation_length": 0.5,
			"bones": {
				"total": {
					"position": {
						"vector": [0, 14, 0]
					},
					"scale": {
						"vector": [3, 3, 3]
					}
				},
				"body": {
					"rotation": {
						"0.0": {
							"vector": [7.5, 0, 0],
							"easing": "easeInOutQuad"
						},
						"0.4583": {
							"vector": [0, 0, 0],
							"easing": "easeInQuad"
						}
					},
					"position": {
						"0.0": {
							"vector": [0, -0.95, -2],
							"easing": "easeInOutQuad"
						},
						"0.4583": {
							"vector": [0, 0.05, 0],
							"easing": "easeInQuad"
						}
					},
					"scale": {
						"0.0": {
							"vector": [1.1, 1.1, 1.1],
							"easing": "easeOutQuad"
						},
						"0.4583": {
							"vector": [1, 1, 1],
							"easing": "easeInQuad"
						}
					}
				},
				"right_wings": {
					"rotation": {
						"vector": [1, 0, -0.87]
					}
				},
				"left_wings": {
					"rotation": {
						"vector": [-0.87, 0, 1]
					}
				},
				"head": {
					"rotation": {
						"0.0": {
							"vector": [-7.25, 0.87, 0],
							"easing": "easeInCubic"
						},
						"0.4583": {
							"vector": [0.25, 0.87, 0],
							"easing": "easeOutQuad"
						}
					},
					"position": {
						"0.0": {
							"vector": [0, -1, -2],
							"easing": "easeInOutQuad"
						},
						"0.4583": {
							"vector": [0, 0, 0],
							"easing": "easeInQuad"
						}
					}
				},
				"wave1": {
					"scale": {
						"vector": [0, 0, 0]
					}
				},
				"wave2": {
					"scale": {
						"vector": [0, 0, 0]
					}
				},
				"wave3": {
					"scale": {
						"vector": [0, 0, 0]
					}
				},
				"wave4": {
					"scale": {
						"vector": [0, 0, 0]
					}
				},
				"wave5": {
					"scale": {
						"vector": [0, 0, 0]
					}
				},
				"wave6": {
					"scale": {
						"vector": [0, 0, 0]
					}
				},
				"mouth": {
					"rotation": {
						"0.0": {
							"vector": [52.5, 0, 0],
							"easing": "easeInOutQuad"
						},
						"0.4583": {
							"vector": [0, 0, 0],
							"easing": "easeInQuad"
						}
					}
				},
				"stone": {
					"rotation": {
						"vector": [85.74079, 19.30591, -145.44544],
						"easing": "easeInOutQuad"
					},
					"scale": {
						"0.0": {
							"vector": [1.2, 1.2, 1.2],
							"easing": "easeInOutQuad"
						},
						"0.4583": {
							"vector": [0, 0, 0],
							"easing": "easeInQuad"
						}
					}
				},
				"ring1": {
					"rotation": {
						"0.0": {
							"vector": [0, 0, 0]
						},
						"0.4583": {
							"vector": [48.68765, 67.01059, -40.31407],
							"easing": "easeInOutQuad"
						}
					}
				},
				"ring2": {
					"rotation": {
						"0.0": {
							"vector": [0, 0, 0]
						},
						"0.4583": {
							"vector": [-60, 5, 270],
							"easing": "easeInOutQuad"
						}
					}
				},
				"laser": {
					"position": {
						"0.0": {
							"vector": [0, -2, 9]
						},
						"0.4583": {
							"vector": [0, -2, -80],
							"easing": "easeInOutQuad"
						}
					},
					"scale": {
						"0.0": {"pre": {
								"vector": [0, 0, 0]
							}, "post": {
								"vector": [1, 1, 1]
							}},
						"0.4583": {
							"vector": [1, 1, 1],
							"easing": "easeOutBack"
						},
						"0.5": {
							"vector": [0, 0, 0]
						}
					}
				},
				"player": {
					"scale": {
						"vector": [0, 0, 0]
					}
				}
			}
		},
		"animation.geometry.chicken.phase5_skills_attack": {
			"loop": "hold_on_last_frame",
			"animation_length": 4,
			"bones": {
				"total": {
					"position": {
						"vector": [0, 14, 0]
					},
					"scale": {
						"vector": [3, 3, 3]
					}
				},
				"body": {
					"rotation": {
						"0.0": {
							"vector": [0, 0, 0]
						},
						"0.3333": {
							"vector": [-12.5, 0, 0],
							"easing": "easeOutQuad"
						},
						"0.75": {
							"vector": [35, 0, 0],
							"easing": "easeInOutQuad"
						},
						"1.25": {
							"vector": [-30, 0, 0],
							"easing": "easeInOutQuad"
						},
						"1.75": {
							"vector": [-30, 0, 0]
						},
						"2.0": {
							"vector": [0, 0, 0],
							"easing": "easeInQuad"
						}
					},
					"position": {
						"0.0": {
							"vector": [0, 0.05, 0]
						},
						"0.3333": {
							"vector": [0, -0.95, 2],
							"easing": "easeOutQuad"
						},
						"0.75": {
							"vector": [0, -0.95, -4],
							"easing": "easeInOutQuad"
						},
						"1.25": {
							"vector": [0, -0.95, 1],
							"easing": "easeInOutQuad"
						},
						"1.75": {
							"vector": [0, -0.95, 1]
						},
						"2.0": {
							"vector": [0, 0.05, 0],
							"easing": "easeInQuad"
						}
					},
					"scale": {
						"2.25": {
							"vector": [1, 1, 1]
						},
						"2.4167": {
							"vector": [1.05, 1.05, 1.05],
							"easing": "easeOutCubic"
						},
						"2.5833": {
							"vector": [1, 1, 1],
							"easing": "easeInCubic"
						}
					}
				},
				"right_wings": {
					"rotation": {
						"vector": [1, 0, -0.87]
					}
				},
				"left_wings": {
					"rotation": {
						"vector": [-0.87, 0, 1]
					}
				},
				"head": {
					"rotation": {
						"0.0": {
							"vector": [0.25, 0.87, 0]
						},
						"0.3333": {
							"vector": [-24.75, 0.87, 0],
							"easing": "easeOutQuad"
						},
						"0.625": {
							"vector": [25.75, 0.87, 0],
							"easing": "easeInOutQuad"
						},
						"1.25": {
							"vector": [-29.75, 0.87, 0],
							"easing": "easeInOutQuad"
						},
						"1.75": {
							"vector": [-29.75, 0.87, 0]
						},
						"2.0": {
							"vector": [0.25, 0.87, 0],
							"easing": "easeInQuad"
						}
					},
					"position": {
						"0.0": {
							"vector": [0, 0, 0]
						},
						"0.3333": {
							"vector": [0, 0, 1],
							"easing": "easeOutQuad"
						},
						"0.75": {
							"vector": [0, 1, -1],
							"easing": "easeInOutQuad"
						},
						"1.25": {
							"vector": [0, -1, 0],
							"easing": "easeInOutQuad"
						},
						"1.5": {
							"vector": [0, 0, -1],
							"easing": "easeInOutQuad"
						},
						"1.75": {
							"vector": [0, -1, 0],
							"easing": "easeInOutQuad"
						},
						"2.0": {
							"vector": [0, 0, 0],
							"easing": "easeInQuad"
						}
					}
				},
				"wave1": {
					"scale": {
						"vector": [0, 0, 0]
					}
				},
				"wave2": {
					"scale": {
						"vector": [0, 0, 0]
					}
				},
				"wave3": {
					"scale": {
						"vector": [0, 0, 0]
					}
				},
				"wave4": {
					"scale": {
						"vector": [0, 0, 0]
					}
				},
				"wave5": {
					"scale": {
						"vector": [0, 0, 0]
					}
				},
				"wave6": {
					"scale": {
						"vector": [0, 0, 0]
					}
				},
				"stone": {
					"scale": {
						"vector": [0, 0, 0]
					}
				},
				"laser": {
					"scale": {
						"vector": [0, 0, 0]
					}
				},
				"mouth": {
					"rotation": {
						"0.0833": {
							"vector": [0, 0, 0]
						},
						"0.5": {
							"vector": [47.5, 0, 0],
							"easing": "easeInOutQuad"
						},
						"1.75": {
							"vector": [47.5, 0, 0]
						},
						"2.0": {
							"vector": [0, 0, 0],
							"easing": "easeInOutQuad"
						}
					}
				},
				"steve_head": {
					"rotation": {
						"0.0": {
							"vector": [0, 0, 0]
						},
						"0.5": {
							"vector": [-25, 0, 0],
							"easing": "easeInOutQuad"
						}
					}
				},
				"steve": {
					"rotation": {
						"0.0": {
							"vector": [0, 0, 0]
						},
						"0.5": {
							"vector": [-17.5, 0, 0],
							"easing": "easeInOutQuad"
						}
					}
				},
				"leftArm": {
					"rotation": {
						"0.0": {
							"vector": [0, 0, 0]
						},
						"0.5": {
							"vector": [-149.15589, 11.31335, -16.60179],
							"easing": "easeInOutQuad"
						}
					},
					"position": {
						"0.0": {
							"vector": [0, 0, 0]
						},
						"0.5": {
							"vector": [0, 1, 0],
							"easing": "easeInOutQuad"
						}
					}
				},
				"rightArm": {
					"rotation": {
						"0.0": {
							"vector": [0, 0, 0]
						},
						"0.5": {
							"vector": [-167.34067, -21.2842, 37.69778],
							"easing": "easeOutQuad"
						},
						"1.25": {
							"vector": [-158.00295, -11.32809, 5.37733],
							"easing": "easeInOutQuad"
						}
					},
					"position": {
						"0.0": {
							"vector": [0, 0, 0]
						},
						"0.5": {
							"vector": [0, 1, 0],
							"easing": "easeInOutQuad"
						}
					}
				},
				"leftLeg": {
					"rotation": {
						"0.0": {
							"vector": [0, 0, 0]
						},
						"0.5": {
							"vector": [22.5, 0, 0],
							"easing": "easeOutQuad"
						},
						"0.875": {
							"vector": [-45.58688, 14.58607, 27.45645],
							"easing": "easeInOutQuad"
						},
						"1.25": {
							"vector": [-52.31056, 20.25437, 14.97401],
							"easing": "easeInQuad"
						}
					},
					"position": {
						"0.0": {
							"vector": [0, 0, 0]
						},
						"0.5": {
							"vector": [0, 1, 1]
						},
						"0.875": {
							"vector": [0, 1.5, 0.5]
						},
						"1.25": {
							"vector": [0, 2, 0]
						}
					}
				},
				"rightLeg": {
					"rotation": {
						"0.0": {
							"vector": [0, 0, 0]
						},
						"0.5": {
							"vector": [-11, 0, 0],
							"easing": "easeInOutCubic"
						},
						"0.875": {
							"vector": [-46.89386, -3.22332, -57.35169],
							"easing": "easeInOutQuad"
						},
						"1.25": {
							"vector": [6.78112, -5.71617, -34.58897],
							"easing": "easeInOutQuad"
						}
					},
					"position": {
						"0.0": {
							"vector": [0, 0, 0]
						},
						"0.5": {
							"vector": [0, 2, -2],
							"easing": "easeOutQuad"
						},
						"0.875": {
							"vector": [0, 1, 0.5],
							"easing": "easeInOutQuad"
						},
						"1.25": {
							"vector": [0, 2, -1],
							"easing": "easeInQuad"
						}
					}
				},
				"player": {
					"rotation": {
						"0.75": {
							"vector": [0, 0, 0]
						},
						"1.25": {
							"vector": [-107.5, 0, 0],
							"easing": "easeInOutQuad"
						}
					},
					"position": {
						"0.75": {
							"vector": [0, -2, -55]
						},
						"1.0": {
							"vector": [0, 46, -54],
							"easing": "easeInQuad"
						},
						"1.25": {
							"vector": [0, 74, -25],
							"easing": "easeOutQuad"
						},
						"1.5": {
							"vector": [0, 79, -26],
							"easing": "easeInOutQuad"
						},
						"1.75": {
							"vector": [0, 65, -6],
							"easing": "easeInQuad"
						}
					},
					"scale": {
						"1.5": {
							"vector": [1, 1, 1]
						},
						"1.75": {
							"vector": [0, 0, 0],
							"easing": "easeInQuart"
						}
					}
				}
			},
			"particle_effects": {}
		}
	},
	"geckolib_format_version": 2
}