{
	"format_version": "1.8.0",
	"animations": {
		"animation.currptedallay.fly": {
			"loop": true,
			"animation_length": 1,
			"bones": {
				"root": {
					"rotation": {
						"0.0": {
							"vector": [17.5, 0, 0]
						},
						"0.5": {
							"vector": [12.5, 0, 0]
						},
						"1.0": {
							"vector": [17.5, 0, 0]
						}
					},
					"position": {
						"0.0": {
							"vector": [0, 6, 0]
						},
						"0.5": {
							"vector": [0, 8, 0]
						},
						"1.0": {
							"vector": [0, 6, 0]
						}
					}
				},
				"head": {
					"rotation": {
						"0.0": {
							"vector": [-17.5, 0, 0]
						},
						"0.5": {
							"vector": [-10, 0, 0]
						},
						"1.0": {
							"vector": [-17.5, 0, 0]
						}
					}
				},
				"right_arm": {
					"rotation": {
						"0.0": {
							"vector": [0, 0, 35]
						},
						"0.5": {
							"vector": [0, 0, 50]
						},
						"1.0": {
							"vector": [0, 0, 35]
						}
					}
				},
				"left_arm": {
					"rotation": {
						"0.0": {
							"vector": [0, 0, -30]
						},
						"0.5": {
							"vector": [0, 0, -47.5]
						},
						"1.0": {
							"vector": [0, 0, -30]
						}
					}
				},
				"left_wing": {
					"rotation": {
						"0.0": {
							"vector": [0, 60, 0]
						},
						"0.5": {
							"vector": [0, -2.5, 0]
						},
						"1.0": {
							"vector": [0, 60, 0]
						}
					}
				},
				"right_wing": {
					"rotation": {
						"0.0": {
							"vector": [0, -37.5, 0]
						},
						"0.5": {
							"vector": [0, -2.5, 0]
						},
						"1.0": {
							"vector": [0, -37.5, 0]
						}
					}
				}
			}
		},
		"animation.currptedallay.attack": {
			"loop": "hold_on_last_frame",
			"animation_length": 1,
			"bones": {
				"root": {
					"position": {
						"0.0": {
							"vector": [0, 6, 0]
						},
						"0.5": {
							"vector": [0, 5, 0]
						},
						"1.0": {
							"vector": [0, 6, 0]
						}
					}
				},
				"head": {
					"rotation": {
						"0.0": {
							"vector": [-2.5, 0, 0]
						},
						"0.5": {
							"vector": [-47.5, 0, 0]
						},
						"1.0": {
							"vector": [-2.5, 0, 0]
						}
					}
				},
				"right_arm": {
					"rotation": {
						"0.0": {
							"vector": [0, 0, 60]
						},
						"0.5": {
							"vector": [0, 0, 40]
						},
						"1.0": {
							"vector": [0, 0, 60]
						}
					}
				},
				"left_arm": {
					"rotation": {
						"0.0": {
							"vector": [0, 0, -45]
						},
						"0.5": {
							"vector": [0, 0, -37.5]
						},
						"1.0": {
							"vector": [0, 0, -45]
						}
					}
				},
				"left_wing": {
					"rotation": {
						"0.0": {
							"vector": [0, 0, 0]
						},
						"0.5": {
							"vector": [0, 62.5, 0]
						},
						"1.0": {
							"vector": [0, 0, 0]
						}
					}
				},
				"right_wing": {
					"rotation": {
						"0.0": {
							"vector": [0, 0, 0]
						},
						"0.5": {
							"vector": [0, -57.5, 0]
						},
						"1.0": {
							"vector": [0, 0, 0]
						}
					}
				},
				"rib2": {
					"rotation": {
						"0.0": {
							"vector": [0, 0, 0]
						},
						"0.3333": {
							"vector": [0, 85, 0]
						},
						"0.625": {
							"vector": [0, 85, 0]
						},
						"1.0": {
							"vector": [0, 0, 0]
						}
					}
				},
				"rib1": {
					"rotation": {
						"0.0": {
							"vector": [0, 0, 0]
						},
						"0.375": {
							"vector": [0, -95, 0]
						},
						"0.625": {
							"vector": [0, -95, 0]
						},
						"1.0": {
							"vector": [0, 0, 0]
						}
					}
				},
				"riblong1": {
					"position": {
						"0.0": {
							"vector": [0, 0, 0]
						},
						"0.5": {
							"vector": [0, 0, -6]
						},
						"0.6667": {
							"vector": [0, 0, 0]
						},
						"1.0": {
							"vector": [0, 0, 0]
						}
					},
					"scale": {
						"0.0": {
							"vector": [1, 1, 1]
						},
						"0.5": {
							"vector": [1, 1, 16]
						},
						"0.6667": {
							"vector": [1, 1, 1]
						},
						"1.0": {
							"vector": [1, 1, 1]
						}
					}
				},
				"riblong2": {
					"position": {
						"0.0": {
							"vector": [0, 0, 0]
						},
						"0.5": {
							"vector": [8, 0, 0]
						},
						"0.625": {
							"vector": [0, 0, 0]
						},
						"1.0": {
							"vector": [0, 0, 0]
						}
					},
					"scale": {
						"0.0": {
							"vector": [1, 1, 1]
						},
						"0.5": {
							"vector": [23, 1, 1]
						},
						"0.625": {
							"vector": [1, 1, 1]
						},
						"1.0": {
							"vector": [1, 1, 1]
						}
					}
				},
				"riblong3": {
					"position": {
						"0.0": {
							"vector": [0, 0, 0]
						},
						"0.5": {
							"vector": [5, 0, 0]
						},
						"0.625": {
							"vector": [0, 0, 0]
						},
						"1.0": {
							"vector": [0, 0, 0]
						}
					},
					"scale": {
						"0.0": {
							"vector": [1, 1, 1]
						},
						"0.5": {
							"vector": [18, 1, 1]
						},
						"0.625": {
							"vector": [1, 1, 1]
						},
						"1.0": {
							"vector": [1, 1, 1]
						}
					}
				}
			}
		},
		"animation.currptedallay.death": {
			"loop": "hold_on_last_frame",
			"animation_length": 0.20833,
			"bones": {
				"root": {
					"scale": {
						"0.0": {
							"vector": [1, 1, 1]
						},
						"0.2083": {
							"vector": [0, 0, 0]
						}
					}
				}
			}
		}
	},
	"geckolib_format_version": 2
}