{
	"format_version": "1.8.0",
	"animations": {
		"animation.cowbutcher1.template": {
			"animation_length": 1.5,
			"bones": {
				"body_top": {
					"rotation": [5, 0, 0]
				},
				"arm2": {
					"rotation": [-12.5, 0, 0]
				},
				"head": {
					"rotation": [5, 0, 0]
				}
			}
		},
		"animation.cowbutcher1.idle": {
			"loop": true,
			"animation_length": 1.5,
			"bones": {
				"body_top": {
					"rotation": {
						"0.0": [5, 0, 0],
						"0.7083": [2.5, 0, 0],
						"1.5": [5, 0, 0]
					}
				},
				"arm2": {
					"rotation": {
						"0.0": [-12.5, 0, 0],
						"0.6667": [0, 0, 0],
						"1.5": [-12.5, 0, 0]
					}
				},
				"head": {
					"rotation": {
						"0.0": [5, 0, 0],
						"0.7083": [0, 0, 0],
						"1.5": [5, 0, 0]
					}
				}
			}
		},
		"animation.cowbutcher1.walk": {
			"loop": true,
			"animation_length": 1,
			"bones": {
				"body_top": {
					"rotation": {
						"0.0": [15, 0, 0],
						"0.5": [12.5, 0, 0],
						"1.0": [15, 0, 0]
					}
				},
				"arm1": {
					"rotation": {
						"0.0": [-17.5, 0, 0],
						"0.5": [-12.5, 0, 0],
						"1.0": [-17.5, 0, 0]
					}
				},
				"arm2": {
					"rotation": {
						"0.0": [-35, 0, 0],
						"0.5": [42.5, 0, 0],
						"1.0": [-35, 0, 0]
					}
				},
				"midarm2": {
					"rotation": {
						"0.0": [-22.5, 0, 0],
						"0.5": [2.5, 0, 0],
						"1.0": [-22.5, 0, 0]
					}
				},
				"head": {
					"rotation": {
						"0.0": [-20, 0, 0],
						"0.5": [-15, 0, 0],
						"1.0": [-20, 0, 0]
					}
				},
				"leg1": {
					"rotation": {
						"0.0": [30, 0, 0],
						"0.5": [-5, 0, 0],
						"1.0": [30, 0, 0]
					}
				},
				"leg2": {
					"rotation": {
						"0.0": [-12.5, 0, 0],
						"0.5": [32.5, 0, 0],
						"1.0": [-12.5, 0, 0]
					}
				}
			}
		},
		"animation.cowbutcher1.melee_attack": {
			"animation_length": 1.5,
			"bones": {
				"body_top": {
					"rotation": {
						"0.2083": [5, 0, 0],
						"0.25": [2.43, 3.66, 0.33],
						"0.2917": [0.16, 6.89, 0.62],
						"0.3333": [-1.81, 9.68, 0.87],
						"0.375": [-3.48, 12.05, 1.09],
						"0.4167": [-4.84, 13.99, 1.26],
						"0.4583": [-5.9, 15.49, 1.4],
						"0.5": [-6.65, 16.57, 1.5],
						"0.5417": [-7.11, 17.22, 1.55],
						"0.5833": [-7.26, 17.43, 1.57],
						"0.625": [-7.19, 17.27, 1.58],
						"0.6667": [-6.71, 16.12, 1.62],
						"0.7083": [-5.4, 12.99, 1.75],
						"0.75": [-2.85, 6.9, 1.98],
						"0.7917": [0.88, -2.02, 2.32],
						"0.8333": [3.43, -8.11, 2.56],
						"0.875": [4.74, -11.23, 2.68],
						"0.9167": [5.22, -12.38, 2.72],
						"0.9583": [5.29, -12.55, 2.73],
						"1.0": [5.29, -12.29, 2.68],
						"1.0417": [5.27, -11.52, 2.51],
						"1.0833": [5.24, -10.24, 2.23],
						"1.125": [5.2, -8.45, 1.84],
						"1.1667": [5.14, -6.15, 1.34],
						"1.2083": [5.08, -3.33, 0.72],
						"1.25": [5, 0, 0]
					},
					"position": {
						"0.2083": [0, 0, 0],
						"0.25": [0, 0, -0.63],
						"0.2917": [0, 0, -1.19],
						"0.3333": [0, 0, -1.67],
						"0.375": [0, 0, -2.07],
						"0.4167": [0, 0, -2.41],
						"0.4583": [0, 0, -2.67],
						"0.5": [0, 0, -2.85],
						"0.5417": [0, 0, -2.96],
						"0.5833": [0, 0, -3],
						"0.625": [0, 0, -2.96],
						"0.6667": [0, 0, -2.85],
						"0.7083": [0, 0, -2.67],
						"0.75": [0, 0, -2.41],
						"0.7917": [0, 0, -2.07],
						"0.8333": [0, 0, -1.67],
						"0.875": [0, 0, -1.19],
						"0.9167": [0, 0, -0.63],
						"0.9583": [0, 0, 0]
					}
				},
				"arm2": {
					"rotation": {
						"0.25": [-12.5, 0, 0],
						"0.2917": [-9.91, -0.83, 0.04],
						"0.3333": [-6.96, -1.77, 0.09],
						"0.375": [-10.88, -0.52, 0.03],
						"0.4167": [-28.91, 5.25, -0.27],
						"0.4583": [-68.3, 17.86, -0.93],
						"0.5": [-107.68, 30.47, -1.58],
						"0.5417": [-125.71, 36.24, -1.88],
						"0.5833": [-129.63, 37.49, -1.94],
						"0.625": [-126.68, 36.55, -1.9],
						"0.6667": [-124.09, 35.72, -1.85],
						"0.7083": [-121.99, 34.12, -2.45],
						"0.75": [-115.68, 29.32, -4.23],
						"0.7917": [-105.17, 21.31, -7.21],
						"0.8333": [-90.46, 10.1, -11.38],
						"0.875": [-75.75, -1.11, -15.55],
						"0.9167": [-65.24, -9.11, -18.53],
						"0.9583": [-58.93, -13.91, -20.31],
						"1.0": [-56.83, -15.51, -20.91],
						"1.0417": [-56.28, -15.32, -20.65],
						"1.0833": [-54.64, -14.75, -19.87],
						"1.125": [-51.9, -13.79, -18.58],
						"1.1667": [-48.07, -12.45, -16.78],
						"1.2083": [-43.15, -10.73, -14.45],
						"1.25": [-37.13, -8.62, -11.61],
						"1.2917": [-30.01, -6.13, -8.26],
						"1.3333": [-21.8, -3.26, -4.39],
						"1.375": [-12.5, 0, 0]
					},
					"position": {
						"0.25": [0, 0, 0],
						"0.2917": [0, 0, -0.02],
						"0.3333": [0, 0, -0.08],
						"0.375": [0, 0, -0.18],
						"0.4167": [0, 0, -0.32],
						"0.4583": [0, 0, -0.5],
						"0.5": [0, 0, -0.72],
						"0.5417": [0, 0, -0.98],
						"0.5833": [0, 0, -1.28],
						"0.625": [0, 0, -1.62],
						"0.6667": [0, 0, -2],
						"0.7083": [0, -0.47, -2.7],
						"0.75": [0, -0.87, -3.31],
						"0.7917": [0, -1.22, -3.83],
						"0.8333": [0, -1.5, -4.25],
						"0.875": [0, -1.72, -4.58],
						"0.9167": [0, -1.87, -4.81],
						"0.9583": [0, -1.97, -4.95],
						"1.0": [0, -2, -5],
						"1.0417": [0, -1.98, -4.94],
						"1.0833": [0, -1.9, -4.75],
						"1.125": [0, -1.78, -4.44],
						"1.1667": [0, -1.6, -4.01],
						"1.2083": [0, -1.38, -3.46],
						"1.25": [0, -1.11, -2.78],
						"1.2917": [0, -0.79, -1.98],
						"1.3333": [0, -0.42, -1.05],
						"1.375": [0, 0, 0]
					}
				},
				"head": {
					"rotation": {
						"0.2083": [5, 0, 0],
						"0.25": [8.47, -7.28, -0.89],
						"0.2917": [11.53, -13.71, -1.68],
						"0.3333": [14.18, -19.27, -2.37],
						"0.375": [16.42, -23.98, -2.95],
						"0.4167": [18.26, -27.84, -3.42],
						"0.4583": [19.69, -30.84, -3.79],
						"0.5": [20.71, -32.98, -4.05],
						"0.5417": [21.32, -34.26, -4.21],
						"0.5833": [21.52, -34.69, -4.26],
						"0.625": [20.31, -33.76, -4.02],
						"0.6667": [16.68, -30.98, -3.29],
						"0.7083": [10.64, -26.35, -2.08],
						"0.75": [2.17, -19.86, -0.37],
						"0.7917": [-8.11, -11.97, 1.69],
						"0.8333": [-16.58, -5.48, 3.4],
						"0.875": [-22.62, -0.85, 4.61],
						"0.9167": [-26.25, 1.93, 5.34],
						"0.9583": [-27.46, 2.86, 5.58],
						"1.0": [-26.96, 2.82, 5.5],
						"1.0417": [-25.43, 2.68, 5.23],
						"1.0833": [-22.9, 2.46, 4.8],
						"1.125": [-19.35, 2.15, 4.19],
						"1.1667": [-14.78, 1.74, 3.4],
						"1.2083": [-9.2, 1.25, 2.44],
						"1.25": [-2.61, 0.67, 1.31],
						"1.2917": [5, 0, 0]
					},
					"position": {
						"0.2083": [0, 0, 0],
						"0.25": [0, 0, -0.02],
						"0.2917": [0, 0, -0.1],
						"0.3333": [0, 0, -0.22],
						"0.375": [0, 0, -0.4],
						"0.4167": [0, 0, -0.6],
						"0.4583": [0, 0, -0.78],
						"0.5": [0, 0, -0.9],
						"0.5417": [0, 0, -0.98],
						"0.5833": [0, 0, -1],
						"0.625": [0, 0, -1],
						"0.6667": [0, 0, -1],
						"0.7083": [0, 0, -1],
						"0.75": [0, 0, -1],
						"0.7917": [0, 0, -1],
						"0.8333": [0, 0, -1],
						"0.875": [0, 0, -1],
						"0.9167": [0, 0, -1],
						"0.9583": [0, 0, -1],
						"1.0": [0, 0, -0.97],
						"1.0417": [0, 0, -0.88],
						"1.0833": [0, 0, -0.72],
						"1.125": [0, 0, -0.5],
						"1.1667": [0, 0, -0.28],
						"1.2083": [0, 0, -0.13],
						"1.25": [0, 0, -0.03],
						"1.2917": [0, 0, 0]
					}
				},
				"arm1": {
					"rotation": {
						"0.0833": [0, 0, 0],
						"0.125": [-8.2, 0, 0],
						"0.1667": [-15.31, 0, 0],
						"0.2083": [-21.33, 0, 0],
						"0.25": [-26.25, 0, 0],
						"0.2917": [-30.08, 0, 0],
						"0.3333": [-32.81, 0, 0],
						"0.375": [-34.45, 0, 0],
						"0.4167": [-35, 0, 0],
						"0.4583": [-34.51, 0.03, -0.05],
						"0.5": [-31.11, 0.22, -0.42],
						"0.5417": [-21.86, 0.73, -1.4],
						"0.5833": [-3.85, 1.73, -3.33],
						"0.625": [14.16, 2.73, -5.26],
						"0.6667": [23.41, 3.24, -6.24],
						"0.7083": [26.81, 3.43, -6.61],
						"0.75": [27.3, 3.46, -6.66],
						"0.7917": [26.87, 3.4, -6.56],
						"0.8333": [25.59, 3.24, -6.24],
						"0.875": [23.46, 2.97, -5.72],
						"0.9167": [20.47, 2.59, -5],
						"0.9583": [16.64, 2.11, -4.06],
						"1.0": [11.94, 1.51, -2.91],
						"1.0417": [6.4, 0.81, -1.56],
						"1.0833": [0, 0, 0]
					}
				},
				"cage": {
					"rotation": {
						"0.0833": [0, 0, 0],
						"0.125": [10.91, 4.22, -5.47],
						"0.1667": [20.37, 7.88, -10.21],
						"0.2083": [28.37, 10.98, -14.22],
						"0.25": [34.91, 13.51, -17.5],
						"0.2917": [40.01, 15.48, -20.05],
						"0.3333": [43.64, 16.89, -21.87],
						"0.375": [45.82, 17.74, -22.97],
						"0.4167": [46.55, 18.02, -23.33],
						"0.4583": [46.06, 18.15, -22.89],
						"0.5": [42.63, 19.06, -19.79],
						"0.5417": [33.33, 21.55, -11.37],
						"0.5833": [15.21, 26.39, 5.03],
						"0.625": [-2.91, 31.23, 21.43],
						"0.6667": [-12.22, 33.71, 29.86],
						"0.7083": [-15.65, 34.63, 32.96],
						"0.75": [-16.14, 34.76, 33.4],
						"0.7917": [-15.89, 34.21, 32.88],
						"0.8333": [-15.13, 32.59, 31.31],
						"0.875": [-13.87, 29.87, 28.7],
						"0.9167": [-12.1, 26.07, 25.05],
						"0.9583": [-9.83, 21.18, 20.35],
						"1.0": [-7.06, 15.21, 14.61],
						"1.0417": [-3.78, 8.15, 7.83],
						"1.0833": [0, 0, 0]
					}
				},
				"midarm1": {
					"rotation": {
						"0.0833": [0, 0, 0],
						"0.125": [-2.93, 0, 0],
						"0.1667": [-5.47, 0, 0],
						"0.2083": [-7.62, 0, 0],
						"0.25": [-9.37, 0, 0],
						"0.2917": [-10.74, 0, 0],
						"0.3333": [-11.72, 0, 0],
						"0.375": [-12.3, 0, 0],
						"0.4167": [-12.5, 0, 0],
						"0.4583": [-12.37, 0, 0],
						"0.5": [-12, 0, 0],
						"0.5417": [-11.37, 0, 0],
						"0.5833": [-10.5, 0, 0],
						"0.625": [-9.38, 0, 0],
						"0.6667": [-8, 0, 0],
						"0.7083": [-6.38, 0, 0],
						"0.75": [-4.5, 0, 0],
						"0.7917": [-2.38, 0, 0],
						"0.8333": [0, 0, 0]
					}
				},
				"midarm2": {
					"rotation": {
						"0.25": [0, 0, 0],
						"0.2917": [-8.08, 0, 0],
						"0.3333": [-15.3, 0, 0],
						"0.375": [-21.68, 0, 0],
						"0.4167": [-27.2, 0, 0],
						"0.4583": [-31.88, 0, 0],
						"0.5": [-35.7, 0, 0],
						"0.5417": [-38.68, 0, 0],
						"0.5833": [-40.8, 0, 0],
						"0.625": [-42.07, 0, 0],
						"0.6667": [-42.5, 0, 0],
						"0.7083": [-42.19, 0, 0],
						"0.75": [-40, 0, 0],
						"0.7917": [-34.06, 0, 0],
						"0.8333": [-22.5, 0, 0],
						"0.875": [-10.94, 0, 0],
						"0.9167": [-5, 0, 0],
						"0.9583": [-2.81, 0, 0],
						"1.0": [-2.5, 0, 0],
						"1.0417": [-2.47, 0, 0],
						"1.0833": [-2.38, 0, 0],
						"1.125": [-2.22, 0, 0],
						"1.1667": [-2.01, 0, 0],
						"1.2083": [-1.73, 0, 0],
						"1.25": [-1.39, 0, 0],
						"1.2917": [-0.99, 0, 0],
						"1.3333": [-0.52, 0, 0],
						"1.375": [0, 0, 0]
					}
				},
				"hand2": {
					"rotation": {
						"0.25": [0, 0, 0],
						"0.2917": [-2.85, 0, 0],
						"0.3333": [-5.4, 0, 0],
						"0.375": [-7.65, 0, 0],
						"0.4167": [-9.6, 0, 0],
						"0.4583": [-11.25, 0, 0],
						"0.5": [-12.6, 0, 0],
						"0.5417": [-13.65, 0, 0],
						"0.5833": [-14.4, 0, 0],
						"0.625": [-14.85, 0, 0],
						"0.6667": [-15, 0, 0],
						"0.7083": [-14.79, 0, 0],
						"0.75": [-13.28, 0, 0],
						"0.7917": [-9.2, 0, 0],
						"0.8333": [-1.25, 0, 0],
						"0.875": [6.7, 0, 0],
						"0.9167": [10.78, 0, 0],
						"0.9583": [12.29, 0, 0],
						"1.0": [12.5, 0, 0],
						"1.0417": [12.19, 0, 0],
						"1.0833": [11.27, 0, 0],
						"1.125": [9.72, 0, 0],
						"1.1667": [7.56, 0, 0],
						"1.2083": [4.94, 0, 0],
						"1.25": [2.78, 0, 0],
						"1.2917": [1.23, 0, 0],
						"1.3333": [0.31, 0, 0],
						"1.375": [0, 0, 0]
					}
				},
				"weapon_knife": {
					"rotation": {
						"0.3333": [0, 0, 0],
						"0.375": [-2.34, 0, 0],
						"0.4167": [-4.38, 0, 0],
						"0.4583": [-6.09, 0, 0],
						"0.5": [-7.5, 0, 0],
						"0.5417": [-8.59, 0, 0],
						"0.5833": [-9.37, 0, 0],
						"0.625": [-9.84, 0, 0],
						"0.6667": [-10, 0, 0],
						"0.7083": [-9.84, 0, 0],
						"0.75": [-8.75, 0, 0],
						"0.7917": [-5.78, 0, 0],
						"0.8333": [0, 0, 0],
						"0.875": [5.78, 0, 0],
						"0.9167": [8.75, 0, 0],
						"0.9583": [9.84, 0, 0],
						"1.0": [10, 0, 0],
						"1.0417": [9.84, 0, 0],
						"1.0833": [9.38, 0, 0],
						"1.125": [8.59, 0, 0],
						"1.1667": [7.5, 0, 0],
						"1.2083": [6.09, 0, 0],
						"1.25": [4.37, 0, 0],
						"1.2917": [2.34, 0, 0],
						"1.3333": [0, 0, 0]
					}
				},
				"body_bottom": {
					"rotation": {
						"0.25": [0, 0, 0],
						"0.2917": [-3.52, 3.52, 0],
						"0.3333": [-6.56, 6.56, 0],
						"0.375": [-9.14, 9.14, 0],
						"0.4167": [-11.25, 11.25, 0],
						"0.4583": [-12.89, 12.89, 0],
						"0.5": [-14.06, 14.06, 0],
						"0.5417": [-14.77, 14.77, 0],
						"0.5833": [-15, 15, 0],
						"0.625": [-14.62, 14.89, -0.05],
						"0.6667": [-11.93, 14.15, -0.39],
						"0.7083": [-4.64, 12.12, -1.32],
						"0.75": [9.55, 8.17, -3.14],
						"0.7917": [23.74, 4.22, -4.96],
						"0.8333": [31.03, 2.2, -5.89],
						"0.875": [33.72, 1.45, -6.23],
						"0.9167": [34.1, 1.34, -6.28],
						"0.9583": [33.57, 1.32, -6.18],
						"1.0": [31.97, 1.26, -5.89],
						"1.0417": [29.3, 1.15, -5.4],
						"1.0833": [25.57, 1.01, -4.71],
						"1.125": [20.78, 0.82, -3.83],
						"1.1667": [14.92, 0.59, -2.75],
						"1.2083": [7.99, 0.31, -1.47],
						"1.25": [0, 0, 0]
					},
					"position": {
						"0.25": [0, 0, 0],
						"0.2917": [0, 0.02, -0.03],
						"0.3333": [0, 0.06, -0.13],
						"0.375": [0, 0.14, -0.28],
						"0.4167": [0, 0.25, -0.5],
						"0.4583": [0, 0.39, -0.78],
						"0.5": [0, 0.56, -1.13],
						"0.5417": [0, 0.77, -1.53],
						"0.5833": [0, 1, -2],
						"0.625": [0, 1.7, -2.7],
						"0.6667": [0, 2.31, -3.31],
						"0.7083": [0, 2.83, -3.83],
						"0.75": [0, 3.25, -4.25],
						"0.7917": [0, 3.58, -4.58],
						"0.8333": [0, 3.81, -4.81],
						"0.875": [0, 3.95, -4.95],
						"0.9167": [0, 4, -5],
						"0.9583": [0, 3.94, -4.92],
						"1.0": [0, 3.75, -4.69],
						"1.0417": [0, 3.44, -4.3],
						"1.0833": [0, 3, -3.75],
						"1.125": [0, 2.44, -3.05],
						"1.1667": [0, 1.75, -2.19],
						"1.2083": [0, 0.94, -1.17],
						"1.25": [0, 0, 0]
					}
				},
				"leg1": {
					"rotation": {
						"0.0833": [0, 0, 0],
						"0.125": [0.48, 0, 0],
						"0.1667": [1.9, 0, 0],
						"0.2083": [4.21, 0, 0],
						"0.25": [7.32, 0, 0],
						"0.2917": [11.11, 0, 0],
						"0.3333": [15.43, 0, 0],
						"0.375": [20.12, 0, 0],
						"0.4167": [25, 0, 0],
						"0.4583": [29.13, 0, 0],
						"0.5": [32.23, 0, 0],
						"0.5417": [34.45, 0, 0],
						"0.5833": [35.94, 0, 0],
						"0.625": [36.84, 0, 0],
						"0.6667": [37.3, 0, 0],
						"0.7083": [37.48, 0, 0],
						"0.75": [37.5, 0, 0],
						"0.7917": [37.5, 0, 0],
						"0.8333": [37.5, 0, 0],
						"0.875": [37.5, 0, 0],
						"0.9167": [37.5, 0, 0],
						"0.9583": [37.5, 0, 0],
						"1.0": [37.5, 0, 0],
						"1.0417": [37.5, 0, 0],
						"1.0833": [37.5, 0, 0],
						"1.125": [37.5, 0, 0],
						"1.1667": [37.5, 0, 0],
						"1.2083": [36.33, 0, 0],
						"1.25": [32.81, 0, 0],
						"1.2917": [26.95, 0, 0],
						"1.3333": [18.75, 0, 0],
						"1.375": [10.55, 0, 0],
						"1.4167": [4.69, 0, 0],
						"1.4583": [1.17, 0, 0],
						"1.5": [0, 0, 0]
					}
				},
				"leg2": {
					"rotation": {
						"0.0": [0, 0, 0],
						"0.0417": [-0.55, 0, 0],
						"0.0833": [-2.19, 0, 0],
						"0.125": [-4.92, 0, 0],
						"0.1667": [-8.75, 0, 0],
						"0.2083": [-12.58, 0, 0],
						"0.25": [-15.31, 0, 0],
						"0.2917": [-16.95, 0, 0],
						"0.3333": [-17.5, 0, 0],
						"0.375": [-17.1, 0, 0],
						"0.4167": [-15.9, 0, 0],
						"0.4583": [-13.9, 0, 0],
						"0.5": [-11.1, 0, 0],
						"0.5417": [-7.5, 0, 0],
						"0.5833": [-3.9, 0, 0],
						"0.625": [-1.1, 0, 0],
						"0.6667": [0.9, 0, 0],
						"0.7083": [2.1, 0, 0],
						"0.75": [2.5, 0, 0],
						"0.7917": [2.5, 0, 0],
						"0.8333": [2.5, 0, 0],
						"0.875": [2.5, 0, 0],
						"0.9167": [2.5, 0, 0],
						"0.9583": [2.5, 0, 0],
						"1.0": [2.5, 0, 0],
						"1.0417": [2.5, 0, 0],
						"1.0833": [2.5, 0, 0],
						"1.125": [2.5, 0, 0],
						"1.1667": [2.5, 0, 0],
						"1.2083": [2.42, 0, 0],
						"1.25": [2.19, 0, 0],
						"1.2917": [1.8, 0, 0],
						"1.3333": [1.25, 0, 0],
						"1.375": [0.7, 0, 0],
						"1.4167": [0.31, 0, 0],
						"1.4583": [0.08, 0, 0],
						"1.5": [0, 0, 0]
					},
					"position": {
						"0.0": [0, 0, 0],
						"0.0417": [0, 0.03, -0.06],
						"0.0833": [0, 0.13, -0.25],
						"0.125": [0, 0.28, -0.56],
						"0.1667": [0, 0.5, -1],
						"0.2083": [0, 0.78, -1.56],
						"0.25": [0, 1.13, -2.25],
						"0.2917": [0, 1.53, -3.06],
						"0.3333": [0, 2, -4],
						"0.375": [0, 2.54, -4.81],
						"0.4167": [0, 2.98, -5.46],
						"0.4583": [0, 3.31, -5.97],
						"0.5": [0, 3.57, -6.35],
						"0.5417": [0, 3.75, -6.62],
						"0.5833": [0, 3.87, -6.81],
						"0.625": [0, 3.95, -6.92],
						"0.6667": [0, 3.98, -6.98],
						"0.7083": [0, 4, -7],
						"0.75": [0, 4, -7],
						"0.7917": [0, 4, -7],
						"0.8333": [0, 4, -7],
						"0.875": [0, 4, -7],
						"0.9167": [0, 4, -7],
						"0.9583": [0, 4, -7],
						"1.0": [0, 4, -7],
						"1.0417": [0, 4, -7],
						"1.0833": [0, 4, -7],
						"1.125": [0, 4, -7],
						"1.1667": [0, 4, -7],
						"1.2083": [0, 3.88, -6.78],
						"1.25": [0, 3.5, -6.13],
						"1.2917": [0, 2.87, -5.03],
						"1.3333": [0, 2, -3.5],
						"1.375": [0, 1.12, -1.97],
						"1.4167": [0, 0.5, -0.87],
						"1.4583": [0, 0.12, -0.22],
						"1.5": [0, 0, 0]
					}
				},
				"total": {
					"position": {
						"0.0833": [0, 0, 0],
						"0.125": [0, -0.03, -0.14],
						"0.1667": [0, -0.12, -0.56],
						"0.2083": [0, -0.28, -1.27],
						"0.25": [0, -0.5, -2.25],
						"0.2917": [0, -0.78, -3.52],
						"0.3333": [0, -1.12, -5.06],
						"0.375": [0, -1.53, -6.89],
						"0.4167": [0, -2, -9],
						"0.4583": [0, -2.7, -10.64],
						"0.5": [0, -3.31, -12.06],
						"0.5417": [0, -3.83, -13.27],
						"0.5833": [0, -4.25, -14.25],
						"0.625": [0, -4.58, -15.02],
						"0.6667": [0, -4.81, -15.56],
						"0.7083": [0, -4.95, -15.89],
						"0.75": [0, -5, -16],
						"0.7917": [0, -5, -16],
						"0.8333": [0, -5, -16],
						"0.875": [0, -5, -16],
						"0.9167": [0, -5, -16],
						"0.9583": [0, -5, -16],
						"1.0": [0, -5, -16],
						"1.0417": [0, -5, -16],
						"1.0833": [0, -5, -16],
						"1.125": [0, -5, -16],
						"1.1667": [0, -5, -16],
						"1.2083": [0, -4.84, -15.5],
						"1.25": [0, -4.38, -14],
						"1.2917": [0, -3.59, -11.5],
						"1.3333": [0, -2.5, -8],
						"1.375": [0, -1.41, -4.5],
						"1.4167": [0, -0.62, -2],
						"1.4583": [0, -0.16, -0.5],
						"1.5": [0, 0, 0]
					}
				},
				"rope3": {
					"rotation": {
						"0.0833": [0, 0, 0],
						"0.125": [4.1, 0, 0],
						"0.1667": [7.66, 0, 0],
						"0.2083": [10.66, 0, 0],
						"0.25": [13.12, 0, 0],
						"0.2917": [15.04, 0, 0],
						"0.3333": [16.41, 0, 0],
						"0.375": [17.23, 0, 0],
						"0.4167": [17.5, 0, 0],
						"0.4583": [17.33, 0, 0],
						"0.5": [16.8, 0, 0],
						"0.5417": [15.93, 0, 0],
						"0.5833": [14.7, 0, 0],
						"0.625": [13.13, 0, 0],
						"0.6667": [11.2, 0, 0],
						"0.7083": [8.93, 0, 0],
						"0.75": [6.3, 0, 0],
						"0.7917": [3.33, 0, 0],
						"0.8333": [0, 0, 0]
					}
				},
				"rope5": {
					"rotation": {
						"0.0833": [0, 0, 0],
						"0.125": [9.38, 0, 0],
						"0.1667": [17.5, 0, 0],
						"0.2083": [24.38, 0, 0],
						"0.25": [30, 0, 0],
						"0.2917": [34.37, 0, 0],
						"0.3333": [37.5, 0, 0],
						"0.375": [39.38, 0, 0],
						"0.4167": [40, 0, 0],
						"0.4583": [39.61, 0, 0],
						"0.5": [36.88, 0, 0],
						"0.5417": [29.45, 0, 0],
						"0.5833": [15, 0, 0],
						"0.625": [0.55, 0, 0],
						"0.6667": [-6.87, 0, 0],
						"0.7083": [-9.61, 0, 0],
						"0.75": [-10, 0, 0],
						"0.7917": [-9.84, 0, 0],
						"0.8333": [-9.38, 0, 0],
						"0.875": [-8.59, 0, 0],
						"0.9167": [-7.5, 0, 0],
						"0.9583": [-6.09, 0, 0],
						"1.0": [-4.38, 0, 0],
						"1.0417": [-2.34, 0, 0],
						"1.0833": [0, 0, 0]
					}
				},
				"rope6": {
					"rotation": {
						"0.0833": [0, 0, 0],
						"0.125": [4.69, 0, 0],
						"0.1667": [8.75, 0, 0],
						"0.2083": [12.19, 0, 0],
						"0.25": [15, 0, 0],
						"0.2917": [17.19, 0, 0],
						"0.3333": [18.75, 0, 0],
						"0.375": [19.69, 0, 0],
						"0.4167": [20, 0, 0],
						"0.4583": [19.86, 0, 0],
						"0.5": [18.91, 0, 0],
						"0.5417": [16.31, 0, 0],
						"0.5833": [11.25, 0, 0],
						"0.625": [6.19, 0, 0],
						"0.6667": [3.59, 0, 0],
						"0.7083": [2.64, 0, 0],
						"0.75": [2.5, 0, 0],
						"0.7917": [2.46, 0, 0],
						"0.8333": [2.34, 0, 0],
						"0.875": [2.15, 0, 0],
						"0.9167": [1.88, 0, 0],
						"0.9583": [1.52, 0, 0],
						"1.0": [1.09, 0, 0],
						"1.0417": [0.59, 0, 0],
						"1.0833": [0, 0, 0]
					}
				}
			}
		},
		"animation.cowbutcher1.punch_attack": {
			"animation_length": 1.5,
			"bones": {
				"body_top": {
					"rotation": {
						"0.25": [5, 0, 0],
						"0.2917": [5.11, -5.23, -0.49],
						"0.3333": [5.2, -9.84, -0.92],
						"0.375": [5.29, -13.83, -1.29],
						"0.4167": [5.36, -17.21, -1.61],
						"0.4583": [5.41, -19.98, -1.87],
						"0.5": [5.46, -22.13, -2.07],
						"0.5417": [5.49, -23.67, -2.21],
						"0.5833": [5.51, -24.59, -2.3],
						"0.625": [5.51, -24.9, -2.33],
						"0.6667": [5.51, -24.65, -2.3],
						"0.7083": [5.51, -22.93, -2.15],
						"0.75": [5.49, -18.26, -1.71],
						"0.7917": [5.45, -9.16, -0.87],
						"0.8333": [5.39, 4.18, 0.36],
						"0.875": [5.35, 13.28, 1.2],
						"0.9167": [5.33, 17.95, 1.64],
						"0.9583": [5.32, 19.67, 1.79],
						"1.0": [5.32, 19.92, 1.82],
						"1.0417": [5.31, 19.61, 1.79],
						"1.0833": [5.3, 18.68, 1.7],
						"1.125": [5.27, 17.12, 1.56],
						"1.1667": [5.24, 14.94, 1.36],
						"1.2083": [5.19, 12.14, 1.11],
						"1.25": [5.14, 8.72, 0.79],
						"1.2917": [5.07, 4.67, 0.43],
						"1.3333": [5, 0, 0]
					}
				},
				"arm2": {
					"rotation": {
						"0.2083": [-12.5, 0, 0],
						"0.25": [-4.46, -1.33, 3.26],
						"0.2917": [2.51, -2.49, 6.08],
						"0.3333": [8.41, -3.46, 8.47],
						"0.375": [13.23, -4.26, 10.43],
						"0.4167": [16.98, -4.88, 11.95],
						"0.4583": [19.66, -5.33, 13.04],
						"0.5": [21.27, -5.6, 13.69],
						"0.5417": [21.81, -5.68, 13.9],
						"0.5833": [22.08, -5.16, 14.23],
						"0.625": [22.91, -3.59, 15.22],
						"0.6667": [24.29, -0.97, 16.87],
						"0.7083": [26.22, 2.69, 19.18],
						"0.75": [28.56, 7.14, 21.99],
						"0.7917": [30.5, 10.81, 24.3],
						"0.8333": [31.87, 13.43, 25.95],
						"0.875": [32.7, 15, 26.94],
						"0.9167": [32.98, 15.52, 27.27],
						"0.9583": [32.42, 15.33, 26.93],
						"1.0": [30.73, 14.76, 25.92],
						"1.0417": [27.92, 13.8, 24.24],
						"1.0833": [23.99, 12.46, 21.88],
						"1.125": [18.94, 10.73, 18.85],
						"1.1667": [12.77, 8.62, 15.15],
						"1.2083": [5.47, 6.13, 10.77],
						"1.25": [-2.96, 3.26, 5.72],
						"1.2917": [-12.5, 0, 0]
					},
					"position": {
						"0.2083": [0, 0, 0],
						"0.25": [0, 0, -1.17],
						"0.2917": [0, 0, -2.19],
						"0.3333": [0, 0, -3.05],
						"0.375": [0, 0, -3.75],
						"0.4167": [0, 0, -4.3],
						"0.4583": [0, 0, -4.69],
						"0.5": [0, 0, -4.92],
						"0.5417": [0, 0, -5],
						"0.5833": [0, 0, -4.98],
						"0.625": [0, 0, -4.9],
						"0.6667": [0, 0, -4.78],
						"0.7083": [0, 0, -4.6],
						"0.75": [0, 0, -4.38],
						"0.7917": [0, 0, -4.11],
						"0.8333": [0, 0, -3.79],
						"0.875": [0, 0, -3.42],
						"0.9167": [0, 0, -3],
						"0.9583": [0, 0, -2.37],
						"1.0": [0, 0, -1.81],
						"1.0417": [0, 0, -1.33],
						"1.0833": [0, 0, -0.93],
						"1.125": [0, 0, -0.59],
						"1.1667": [0, 0, -0.33],
						"1.2083": [0, 0, -0.15],
						"1.25": [0, 0, -0.04],
						"1.2917": [0, 0, 0]
					}
				},
				"head": {
					"rotation": {
						"0.25": [5, 0, 0],
						"0.2917": [5.01, 0.19, 0.02],
						"0.3333": [5.05, 1.53, 0.15],
						"0.375": [5.16, 5.16, 0.52],
						"0.4167": [5.38, 12.24, 1.23],
						"0.4583": [5.71, 22.61, 2.27],
						"0.5": [5.93, 29.68, 2.97],
						"0.5417": [6.05, 33.32, 3.34],
						"0.5833": [6.09, 34.66, 3.47],
						"0.625": [6.1, 34.85, 3.49],
						"0.6667": [6.09, 34.66, 3.47],
						"0.7083": [6.05, 33.32, 3.34],
						"0.75": [5.93, 29.68, 2.97],
						"0.7917": [5.71, 22.61, 2.27],
						"0.8333": [5.38, 12.24, 1.23],
						"0.875": [5.16, 5.16, 0.52],
						"0.9167": [5.05, 1.53, 0.15],
						"0.9583": [5.01, 0.19, 0.02],
						"1.0": [5, 0, 0]
					}
				},
				"arm1": {
					"rotation": {
						"0.25": [0, 0, 0],
						"0.2917": [-17.84, -12.57, -7.73],
						"0.3333": [-33.58, -23.67, -14.55],
						"0.375": [-47.23, -33.28, -20.46],
						"0.4167": [-58.77, -41.42, -25.46],
						"0.4583": [-68.22, -48.07, -29.55],
						"0.5": [-75.56, -53.25, -32.73],
						"0.5417": [-80.81, -56.95, -35],
						"0.5833": [-83.96, -59.17, -36.37],
						"0.625": [-85.01, -59.91, -36.82],
						"0.6667": [-84.76, -59.42, -36.52],
						"0.7083": [-83.05, -56, -34.39],
						"0.75": [-78.4, -46.71, -28.62],
						"0.7917": [-69.35, -28.62, -17.38],
						"0.8333": [-56.07, -2.1, -0.9],
						"0.875": [-47.01, 15.98, 10.34],
						"0.9167": [-42.36, 25.27, 16.11],
						"0.9583": [-40.65, 28.69, 18.24],
						"1.0": [-40.41, 29.18, 18.54],
						"1.0417": [-39.78, 28.73, 18.25],
						"1.0833": [-37.88, 27.36, 17.38],
						"1.125": [-34.72, 25.08, 15.93],
						"1.1667": [-30.31, 21.89, 13.91],
						"1.2083": [-24.62, 17.78, 11.3],
						"1.25": [-17.68, 12.77, 8.11],
						"1.2917": [-9.47, 6.84, 4.35],
						"1.3333": [0, 0, 0]
					},
					"position": {
						"0.25": [0, 0, 0],
						"0.2917": [0.21, 0, 0.21],
						"0.3333": [0.4, 0, 0.4],
						"0.375": [0.56, 0, 0.56],
						"0.4167": [0.69, 0, 0.69],
						"0.4583": [0.8, 0, 0.8],
						"0.5": [0.89, 0, 0.89],
						"0.5417": [0.95, 0, 0.95],
						"0.5833": [0.99, 0, 0.99],
						"0.625": [1, 0, 1],
						"0.6667": [0.99, 0, 0.96],
						"0.7083": [0.96, 0, 0.69],
						"0.75": [0.85, 0, -0.04],
						"0.7917": [0.65, 0, -1.46],
						"0.8333": [0.35, 0, -3.54],
						"0.875": [0.15, 0, -4.96],
						"0.9167": [0.04, 0, -5.69],
						"0.9583": [0.01, 0, -5.96],
						"1.0": [0, 0, -6],
						"1.0417": [0, 0, -5.91],
						"1.0833": [0, 0, -5.63],
						"1.125": [0, 0, -5.16],
						"1.1667": [0, 0, -4.5],
						"1.2083": [0, 0, -3.66],
						"1.25": [0, 0, -2.62],
						"1.2917": [0, 0, -1.41],
						"1.3333": [0, 0, 0]
					}
				},
				"cage": {
					"rotation": {
						"0.25": [0, 0, 0],
						"0.2917": [-9.61, 0.44, 5.81],
						"0.3333": [-18.08, 0.82, 10.94],
						"0.375": [-25.43, 1.16, 15.38],
						"0.4167": [-31.65, 1.44, 19.14],
						"0.4583": [-36.73, 1.67, 22.21],
						"0.5": [-40.69, 1.85, 24.6],
						"0.5417": [-43.51, 1.98, 26.31],
						"0.5833": [-45.21, 2.06, 27.34],
						"0.625": [-45.77, 2.08, 27.68],
						"0.6667": [-45.82, 2.03, 27.6],
						"0.7083": [-45.98, 1.89, 27.35],
						"0.75": [-46.23, 1.66, 26.93],
						"0.7917": [-46.58, 1.33, 26.35],
						"0.8333": [-47.01, 0.93, 25.64],
						"0.875": [-47.36, 0.6, 25.05],
						"0.9167": [-47.61, 0.37, 24.64],
						"0.9583": [-47.76, 0.23, 24.39],
						"1.0": [-47.81, 0.18, 24.3],
						"1.0417": [-47.07, 0.18, 23.92],
						"1.0833": [-44.82, 0.17, 22.78],
						"1.125": [-41.09, 0.15, 20.89],
						"1.1667": [-35.86, 0.13, 18.23],
						"1.2083": [-29.14, 0.11, 14.81],
						"1.25": [-20.92, 0.08, 10.63],
						"1.2917": [-11.21, 0.04, 5.7],
						"1.3333": [0, 0, 0]
					}
				},
				"midarm1": {
					"rotation": {
						"0.25": [0, 0, 0],
						"0.2917": [-11.02, 0, 0],
						"0.3333": [-20.74, 0, 0],
						"0.375": [-29.17, 0, 0],
						"0.4167": [-36.3, 0, 0],
						"0.4583": [-42.13, 0, 0],
						"0.5": [-46.67, 0, 0],
						"0.5417": [-49.91, 0, 0],
						"0.5833": [-51.85, 0, 0],
						"0.625": [-52.5, 0, 0],
						"0.6667": [-52.18, 0, 0],
						"0.7083": [-49.98, 0, 0],
						"0.75": [-43.98, 0, 0],
						"0.7917": [-32.31, 0, 0],
						"0.8333": [-15.19, 0, 0],
						"0.875": [-3.52, 0, 0],
						"0.9167": [2.48, 0, 0],
						"0.9583": [4.68, 0, 0],
						"1.0": [5, 0, 0],
						"1.0417": [4.92, 0, 0],
						"1.0833": [4.69, 0, 0],
						"1.125": [4.3, 0, 0],
						"1.1667": [3.75, 0, 0],
						"1.2083": [3.05, 0, 0],
						"1.25": [2.19, 0, 0],
						"1.2917": [1.17, 0, 0],
						"1.3333": [0, 0, 0]
					}
				},
				"midarm2": {
					"rotation": {
						"0.2083": [0, 0, 0],
						"0.25": [-12.89, 0, 0],
						"0.2917": [-24.06, 0, 0],
						"0.3333": [-33.52, 0, 0],
						"0.375": [-41.25, 0, 0],
						"0.4167": [-47.27, 0, 0],
						"0.4583": [-51.56, 0, 0],
						"0.5": [-54.14, 0, 0],
						"0.5417": [-55, 0, 0],
						"0.5833": [-54.92, 0, 0],
						"0.625": [-54.69, 0, 0],
						"0.6667": [-54.3, 0, 0],
						"0.7083": [-53.75, 0, 0],
						"0.75": [-53.2, 0, 0],
						"0.7917": [-52.81, 0, 0],
						"0.8333": [-52.58, 0, 0],
						"0.875": [-52.5, 0, 0],
						"0.9167": [-51.85, 0, 0],
						"0.9583": [-49.91, 0, 0],
						"1.0": [-46.67, 0, 0],
						"1.0417": [-42.13, 0, 0],
						"1.0833": [-36.3, 0, 0],
						"1.125": [-29.17, 0, 0],
						"1.1667": [-20.74, 0, 0],
						"1.2083": [-11.02, 0, 0],
						"1.25": [0, 0, 0]
					}
				},
				"hand2": {
					"rotation": {
						"0.2083": [0, 0, 0],
						"0.25": [-4.64, 0, 0],
						"0.2917": [-8.57, 0, 0],
						"0.3333": [-11.79, 0, 0],
						"0.375": [-14.29, 0, 0],
						"0.4167": [-16.07, 0, 0],
						"0.4583": [-17.14, 0, 0],
						"0.5": [-17.5, 0, 0],
						"0.5417": [-17.14, 0, 0],
						"0.5833": [-16.07, 0, 0],
						"0.625": [-14.29, 0, 0],
						"0.6667": [-11.79, 0, 0],
						"0.7083": [-8.57, 0, 0],
						"0.75": [-4.64, 0, 0],
						"0.7917": [0, 0, 0]
					}
				},
				"body_bottom": {
					"rotation": {
						"0.25": [0, 0, 0],
						"0.2917": [-0.02, -0.06, 0],
						"0.3333": [-0.16, -0.45, -0.04],
						"0.375": [-0.55, -1.53, -0.13],
						"0.4167": [-1.29, -3.62, -0.31],
						"0.4583": [-2.53, -7.07, -0.61],
						"0.5": [-4.37, -12.21, -1.05],
						"0.5417": [-6.93, -19.4, -1.67],
						"0.5833": [-10.35, -28.95, -2.49],
						"0.625": [-6.23, -24.32, -3.29],
						"0.6667": [-2.22, -19.81, -4.08],
						"0.7083": [1.59, -15.52, -4.83],
						"0.75": [5.11, -11.56, -5.51],
						"0.7917": [8.25, -8.03, -6.13],
						"0.8333": [10.93, -5.01, -6.65],
						"0.875": [13.09, -2.58, -7.08],
						"0.9167": [14.67, -0.81, -7.39],
						"0.9583": [15.63, 0.28, -7.58],
						"1.0": [15.96, 0.64, -7.64],
						"1.0417": [15.71, 0.63, -7.52],
						"1.0833": [14.96, 0.6, -7.16],
						"1.125": [13.71, 0.55, -6.56],
						"1.1667": [11.97, 0.48, -5.73],
						"1.2083": [9.72, 0.39, -4.65],
						"1.25": [6.98, 0.28, -3.34],
						"1.2917": [3.74, 0.15, -1.79],
						"1.3333": [0, 0, 0]
					},
					"position": {
						"0.25": [0, 0, 0],
						"0.2917": [0, 0.08, -0.08],
						"0.3333": [0, 0.3, -0.3],
						"0.375": [0, 0.67, -0.67],
						"0.4167": [0, 1.17, -1.17],
						"0.4583": [0, 1.78, -1.78],
						"0.5": [0, 2.47, -2.47],
						"0.5417": [0, 3.22, -3.22],
						"0.5833": [0, 4, -4],
						"0.625": [0, 4, -4.54],
						"0.6667": [0, 4, -4.98],
						"0.7083": [0, 4, -5.31],
						"0.75": [0, 4, -5.57],
						"0.7917": [0, 4, -5.75],
						"0.8333": [0, 4, -5.87],
						"0.875": [0, 4, -5.95],
						"0.9167": [0, 4, -5.98],
						"0.9583": [0, 4, -6],
						"1.0": [0, 4, -6],
						"1.0417": [0, 3.94, -5.91],
						"1.0833": [0, 3.75, -5.63],
						"1.125": [0, 3.44, -5.16],
						"1.1667": [0, 3, -4.5],
						"1.2083": [0, 2.44, -3.66],
						"1.25": [0, 1.75, -2.62],
						"1.2917": [0, 0.94, -1.41],
						"1.3333": [0, 0, 0]
					}
				},
				"leg1": {
					"rotation": {
						"0.0": [0, 0, 0],
						"0.0417": [-0.55, 0, 0],
						"0.0833": [-2.19, 0, 0],
						"0.125": [-4.92, 0, 0],
						"0.1667": [-8.75, 0, 0],
						"0.2083": [-12.58, 0, 0],
						"0.25": [-15.31, 0, 0],
						"0.2917": [-16.95, 0, 0],
						"0.3333": [-17.5, 0, 0],
						"0.375": [-17.1, 0, 0],
						"0.4167": [-15.9, 0, 0],
						"0.4583": [-13.9, 0, 0],
						"0.5": [-11.1, 0, 0],
						"0.5417": [-7.5, 0, 0],
						"0.5833": [-3.9, 0, 0],
						"0.625": [-1.1, 0, 0],
						"0.6667": [0.9, 0, 0],
						"0.7083": [2.1, 0, 0],
						"0.75": [2.5, 0, 0],
						"0.7917": [2.5, 0, 0],
						"0.8333": [2.5, 0, 0],
						"0.875": [2.5, 0, 0],
						"0.9167": [2.5, 0, 0],
						"0.9583": [2.5, 0, 0],
						"1.0": [2.5, 0, 0],
						"1.0417": [2.5, 0, 0],
						"1.0833": [2.5, 0, 0],
						"1.125": [2.5, 0, 0],
						"1.1667": [2.5, 0, 0],
						"1.2083": [2.42, 0, 0],
						"1.25": [2.19, 0, 0],
						"1.2917": [1.8, 0, 0],
						"1.3333": [1.25, 0, 0],
						"1.375": [0.7, 0, 0],
						"1.4167": [0.31, 0, 0],
						"1.4583": [0.08, 0, 0],
						"1.5": [0, 0, 0]
					},
					"position": {
						"0.0": [0, 0, 0],
						"0.0417": [0, 0.03, -0.06],
						"0.0833": [0, 0.13, -0.25],
						"0.125": [0, 0.28, -0.56],
						"0.1667": [0, 0.5, -1],
						"0.2083": [0, 0.78, -1.56],
						"0.25": [0, 1.13, -2.25],
						"0.2917": [0, 1.53, -3.06],
						"0.3333": [0, 2, -4],
						"0.375": [0, 2.54, -4.81],
						"0.4167": [0, 2.98, -5.46],
						"0.4583": [0, 3.31, -5.97],
						"0.5": [0, 3.57, -6.35],
						"0.5417": [0, 3.75, -6.62],
						"0.5833": [0, 3.87, -6.81],
						"0.625": [0, 3.95, -6.92],
						"0.6667": [0, 3.98, -6.98],
						"0.7083": [0, 4, -7],
						"0.75": [0, 4, -7],
						"0.7917": [0, 4, -7],
						"0.8333": [0, 4, -7],
						"0.875": [0, 4, -7],
						"0.9167": [0, 4, -7],
						"0.9583": [0, 4, -7],
						"1.0": [0, 4, -7],
						"1.0417": [0, 4, -7],
						"1.0833": [0, 4, -7],
						"1.125": [0, 4, -7],
						"1.1667": [0, 4, -7],
						"1.2083": [0, 3.88, -6.78],
						"1.25": [0, 3.5, -6.13],
						"1.2917": [0, 2.87, -5.03],
						"1.3333": [0, 2, -3.5],
						"1.375": [0, 1.12, -1.97],
						"1.4167": [0, 0.5, -0.87],
						"1.4583": [0, 0.12, -0.22],
						"1.5": [0, 0, 0]
					}
				},
				"leg2": {
					"rotation": {
						"0.0833": [0, 0, 0],
						"0.125": [0.48, 0, 0],
						"0.1667": [1.9, 0, 0],
						"0.2083": [4.21, 0, 0],
						"0.25": [7.32, 0, 0],
						"0.2917": [11.11, 0, 0],
						"0.3333": [15.43, 0, 0],
						"0.375": [20.12, 0, 0],
						"0.4167": [25, 0, 0],
						"0.4583": [29.13, 0, 0],
						"0.5": [32.23, 0, 0],
						"0.5417": [34.45, 0, 0],
						"0.5833": [35.94, 0, 0],
						"0.625": [36.84, 0, 0],
						"0.6667": [37.3, 0, 0],
						"0.7083": [37.48, 0, 0],
						"0.75": [37.5, 0, 0],
						"0.7917": [37.5, 0, 0],
						"0.8333": [37.5, 0, 0],
						"0.875": [37.5, 0, 0],
						"0.9167": [37.5, 0, 0],
						"0.9583": [37.5, 0, 0],
						"1.0": [37.5, 0, 0],
						"1.0417": [37.5, 0, 0],
						"1.0833": [37.5, 0, 0],
						"1.125": [37.5, 0, 0],
						"1.1667": [37.5, 0, 0],
						"1.2083": [36.33, 0, 0],
						"1.25": [32.81, 0, 0],
						"1.2917": [26.95, 0, 0],
						"1.3333": [18.75, 0, 0],
						"1.375": [10.55, 0, 0],
						"1.4167": [4.69, 0, 0],
						"1.4583": [1.17, 0, 0],
						"1.5": [0, 0, 0]
					}
				},
				"total": {
					"position": {
						"0.0833": [0, 0, 0],
						"0.125": [0, -0.03, -0.14],
						"0.1667": [0, -0.12, -0.56],
						"0.2083": [0, -0.28, -1.27],
						"0.25": [0, -0.5, -2.25],
						"0.2917": [0, -0.78, -3.52],
						"0.3333": [0, -1.12, -5.06],
						"0.375": [0, -1.53, -6.89],
						"0.4167": [0, -2, -9],
						"0.4583": [0, -2.7, -10.64],
						"0.5": [0, -3.31, -12.06],
						"0.5417": [0, -3.83, -13.27],
						"0.5833": [0, -4.25, -14.25],
						"0.625": [0, -4.58, -15.02],
						"0.6667": [0, -4.81, -15.56],
						"0.7083": [0, -4.95, -15.89],
						"0.75": [0, -5, -16],
						"0.7917": [0, -5, -16],
						"0.8333": [0, -5, -16],
						"0.875": [0, -5, -16],
						"0.9167": [0, -5, -16],
						"0.9583": [0, -5, -16],
						"1.0": [0, -5, -16],
						"1.0417": [0, -5, -16],
						"1.0833": [0, -5, -16],
						"1.125": [0, -5, -16],
						"1.1667": [0, -5, -16],
						"1.2083": [0, -4.84, -15.5],
						"1.25": [0, -4.38, -14],
						"1.2917": [0, -3.59, -11.5],
						"1.3333": [0, -2.5, -8],
						"1.375": [0, -1.41, -4.5],
						"1.4167": [0, -0.62, -2],
						"1.4583": [0, -0.16, -0.5],
						"1.5": [0, 0, 0]
					}
				},
				"rope2": {
					"rotation": {
						"0.25": [0, 0, 0],
						"0.2917": [0, 0, 0],
						"0.3333": [0.06, 0, 0],
						"0.375": [0.31, 0, 0],
						"0.4167": [0.98, 0, 0],
						"0.4583": [2.38, 0, 0],
						"0.5": [4.94, 0, 0],
						"0.5417": [9.15, 0, 0],
						"0.5833": [15.61, 0, 0],
						"0.625": [25, 0, 0],
						"0.6667": [47.04, 0, 0],
						"0.7083": [66.48, 0, 0],
						"0.75": [83.33, 0, 0],
						"0.7917": [97.59, 0, 0],
						"0.8333": [109.26, 0, 0],
						"0.875": [118.33, 0, 0],
						"0.9167": [124.81, 0, 0],
						"0.9583": [128.7, 0, 0],
						"1.0": [130, 0, 0],
						"1.0417": [127.97, 0, 0],
						"1.0833": [121.88, 0, 0],
						"1.125": [111.72, 0, 0],
						"1.1667": [97.5, 0, 0],
						"1.2083": [79.22, 0, 0],
						"1.25": [56.87, 0, 0],
						"1.2917": [30.47, 0, 0],
						"1.3333": [0, 0, 0]
					}
				},
				"rope3": {
					"rotation": {
						"0.25": [0, 0, 0],
						"0.2917": [-0.01, -0.58, 1.41],
						"0.3333": [-0.04, -2.33, 5.62],
						"0.375": [-0.09, -5.24, 12.65],
						"0.4167": [-0.16, -9.31, 22.49],
						"0.4583": [-0.25, -14.26, 34.45],
						"0.5": [-0.32, -18.33, 44.29],
						"0.5417": [-0.37, -21.24, 51.32],
						"0.5833": [-0.4, -22.99, 55.53],
						"0.625": [-0.41, -23.57, 56.94],
						"0.6667": [-0.33, -23.57, 56.74],
						"0.7083": [-0.09, -23.56, 56.13],
						"0.75": [0.31, -23.54, 55.12],
						"0.7917": [0.88, -23.51, 53.71],
						"0.8333": [1.56, -23.47, 51.99],
						"0.875": [2.13, -23.45, 50.58],
						"0.9167": [2.53, -23.43, 49.57],
						"0.9583": [2.77, -23.41, 48.97],
						"1.0": [2.85, -23.41, 48.76],
						"1.0417": [2.81, -23.05, 48],
						"1.0833": [2.68, -21.95, 45.72],
						"1.125": [2.45, -20.12, 41.91],
						"1.1667": [2.14, -17.56, 36.57],
						"1.2083": [1.74, -14.27, 29.72],
						"1.25": [1.25, -10.24, 21.33],
						"1.2917": [0.67, -5.49, 11.43],
						"1.3333": [0, 0, 0]
					}
				},
				"rope4": {
					"rotation": {
						"0.25": [0, 0, 0],
						"0.2917": [0.03, -0.05, 0.02],
						"0.3333": [0.23, -0.43, 0.16],
						"0.375": [0.78, -1.44, 0.55],
						"0.4167": [1.84, -3.41, 1.31],
						"0.4583": [3.59, -6.67, 2.55],
						"0.5": [6.21, -11.52, 4.41],
						"0.5417": [9.86, -18.3, 7.01],
						"0.5833": [14.72, -27.31, 10.46],
						"0.625": [20.95, -38.89, 14.9],
						"0.6667": [31.31, -41.74, 5.83],
						"0.7083": [40.45, -44.25, -2.18],
						"0.75": [48.38, -46.43, -9.12],
						"0.7917": [55.08, -48.27, -14.99],
						"0.8333": [60.56, -49.78, -19.79],
						"0.875": [64.83, -50.95, -23.53],
						"0.9167": [67.88, -51.79, -26.19],
						"0.9583": [69.71, -52.29, -27.79],
						"1.0": [70.31, -52.46, -28.33],
						"1.0417": [69.22, -51.64, -27.89],
						"1.0833": [65.92, -49.18, -26.56],
						"1.125": [60.43, -45.08, -24.34],
						"1.1667": [52.74, -39.35, -21.25],
						"1.2083": [42.85, -31.97, -17.26],
						"1.25": [30.76, -22.95, -12.39],
						"1.2917": [16.48, -12.3, -6.64],
						"1.3333": [0, 0, 0]
					}
				},
				"rope5": {
					"rotation": {
						"0.25": [0, 0, 0],
						"0.2917": [0.73, 0.16, -0.04],
						"0.3333": [2.91, 0.66, -0.17],
						"0.375": [6.54, 1.48, -0.39],
						"0.4167": [11.62, 2.63, -0.7],
						"0.4583": [18.16, 4.11, -1.09],
						"0.5": [26.15, 5.92, -1.57],
						"0.5417": [35.59, 8.06, -2.13],
						"0.5833": [46.49, 10.53, -2.78],
						"0.625": [58.84, 13.33, -3.52],
						"0.6667": [70.05, -1.15, 5.44],
						"0.7083": [77.76, -11.1, 11.6],
						"0.75": [82.79, -17.59, 15.62],
						"0.7917": [85.84, -21.53, 18.06],
						"0.8333": [87.52, -23.7, 19.4],
						"0.875": [88.32, -24.73, 20.04],
						"0.9167": [88.61, -25.11, 20.27],
						"0.9583": [88.68, -25.2, 20.33],
						"1.0": [88.69, -25.2, 20.33],
						"1.0417": [87.3, -24.81, 20.01],
						"1.0833": [83.14, -23.63, 19.06],
						"1.125": [76.21, -21.66, 17.47],
						"1.1667": [66.51, -18.9, 15.25],
						"1.2083": [54.04, -15.36, 12.39],
						"1.25": [38.8, -11.03, 8.89],
						"1.2917": [20.79, -5.91, 4.76],
						"1.3333": [0, 0, 0]
					}
				},
				"rope6": {
					"rotation": {
						"0.25": [0, 0, 0],
						"0.2917": [2.59, 1.61, -5.43],
						"0.3333": [5.09, 3.18, -10.7],
						"0.375": [7.45, 4.65, -15.64],
						"0.4167": [9.57, 5.98, -20.11],
						"0.4583": [11.41, 7.12, -23.96],
						"0.5": [12.9, 8.05, -27.09],
						"0.5417": [13.99, 8.74, -29.4],
						"0.5833": [14.67, 9.16, -30.81],
						"0.625": [14.89, 9.3, -31.28],
						"0.6667": [15.2, 9.34, -31.27],
						"0.7083": [16.13, 9.45, -31.22],
						"0.75": [17.67, 9.64, -31.15],
						"0.7917": [19.83, 9.9, -31.05],
						"0.8333": [22.45, 10.22, -30.92],
						"0.875": [24.61, 10.48, -30.82],
						"0.9167": [26.16, 10.67, -30.74],
						"0.9583": [27.08, 10.78, -30.7],
						"1.0": [27.39, 10.82, -30.69],
						"1.0417": [26.96, 10.65, -30.21],
						"1.0833": [25.68, 10.14, -28.77],
						"1.125": [23.54, 9.3, -26.37],
						"1.1667": [20.54, 8.11, -23.01],
						"1.2083": [16.69, 6.59, -18.7],
						"1.25": [11.98, 4.73, -13.43],
						"1.2917": [6.42, 2.54, -7.19],
						"1.3333": [0, 0, 0]
					}
				}
			}
		},
		"animation.cowbutcher1.skewer_attack": {
			"animation_length": 1.29167,
			"bones": {
				"body_top": {
					"rotation": {
						"0.1667": [5, 0, 0],
						"0.2083": [10.7, 0, 0],
						"0.25": [15.8, 0, 0],
						"0.2917": [20.3, 0, 0],
						"0.3333": [24.2, 0, 0],
						"0.375": [27.5, 0, 0],
						"0.4167": [30.2, 0, 0],
						"0.4583": [32.3, 0, 0],
						"0.5": [33.8, 0, 0],
						"0.5417": [34.7, 0, 0],
						"0.5833": [35, 0, 0],
						"0.625": [34.13, 0, 0],
						"0.6667": [28, 0, 0],
						"0.7083": [11.38, 0, 0],
						"0.75": [-16.38, 0, 0],
						"0.7917": [-33, 0, 0],
						"0.8333": [-39.13, 0, 0],
						"0.875": [-40, 0, 0],
						"0.9167": [-39.55, 0, 0],
						"0.9583": [-38.2, 0, 0],
						"1.0": [-35.95, 0, 0],
						"1.0417": [-32.8, 0, 0],
						"1.0833": [-28.75, 0, 0],
						"1.125": [-23.8, 0, 0],
						"1.1667": [-17.95, 0, 0],
						"1.2083": [-11.2, 0, 0],
						"1.25": [-3.55, 0, 0],
						"1.2917": [5, 0, 0]
					}
				},
				"arm2": {
					"rotation": {
						"0.0": [-12.5, 0, 0],
						"0.0417": [-26.14, 0, 0],
						"0.0833": [-38.18, 0, 0],
						"0.125": [-48.61, 0, 0],
						"0.1667": [-57.44, 0, 0],
						"0.2083": [-64.66, 0, 0],
						"0.25": [-70.28, 0, 0],
						"0.2917": [-74.29, 0, 0],
						"0.3333": [-76.7, 0, 0],
						"0.375": [-77.5, 0, 0],
						"0.4167": [-76.22, 0, 0],
						"0.4583": [-72.36, 0, 0],
						"0.5": [-65.94, 0, 0],
						"0.5417": [-56.94, 0, 0],
						"0.5833": [-45.38, 0, 0],
						"0.625": [-31.25, 0, 0],
						"0.6667": [-17.12, 0, 0],
						"0.7083": [-5.56, 0, 0],
						"0.75": [3.44, 0, 0],
						"0.7917": [9.86, 0, 0],
						"0.8333": [13.72, 0, 0],
						"0.875": [15, 0, 0],
						"0.9167": [14.73, 0, 0],
						"0.9583": [13.9, 0, 0],
						"1.0": [12.53, 0, 0],
						"1.0417": [10.6, 0, 0],
						"1.0833": [8.13, 0, 0],
						"1.125": [5.1, 0, 0],
						"1.1667": [1.53, 0, 0],
						"1.2083": [-2.6, 0, 0],
						"1.25": [-7.27, 0, 0],
						"1.2917": [-12.5, 0, 0]
					},
					"position": {
						"0.0": [0, 0, 0],
						"0.0417": [0, 0, -0.63],
						"0.0833": [0, 0, -1.19],
						"0.125": [0, 0, -1.67],
						"0.1667": [0, 0, -2.07],
						"0.2083": [0, 0, -2.41],
						"0.25": [0, 0, -2.67],
						"0.2917": [0, 0, -2.85],
						"0.3333": [0, 0, -2.96],
						"0.375": [0, 0, -3],
						"0.4167": [0, 0.32, -3],
						"0.4583": [0, 0.61, -3],
						"0.5": [0, 0.88, -3],
						"0.5417": [0, 1.11, -3],
						"0.5833": [0, 1.32, -3],
						"0.625": [0, 1.5, -3],
						"0.6667": [0, 1.65, -3],
						"0.7083": [0, 1.78, -3],
						"0.75": [0, 1.87, -3],
						"0.7917": [0, 1.94, -3],
						"0.8333": [0, 1.99, -3],
						"0.875": [0, 2, -3],
						"0.9167": [0, 1.98, -2.97],
						"0.9583": [0, 1.92, -2.88],
						"1.0": [0, 1.82, -2.73],
						"1.0417": [0, 1.68, -2.52],
						"1.0833": [0, 1.5, -2.25],
						"1.125": [0, 1.28, -1.92],
						"1.1667": [0, 1.02, -1.53],
						"1.2083": [0, 0.72, -1.08],
						"1.25": [0, 0.38, -0.57],
						"1.2917": [0, 0, 0]
					}
				},
				"head": {
					"rotation": {
						"0.125": [5, 0, 0],
						"0.1667": [9.75, 0, 0],
						"0.2083": [14, 0, 0],
						"0.25": [17.75, 0, 0],
						"0.2917": [21, 0, 0],
						"0.3333": [23.75, 0, 0],
						"0.375": [26, 0, 0],
						"0.4167": [27.75, 0, 0],
						"0.4583": [29, 0, 0],
						"0.5": [29.75, 0, 0],
						"0.5417": [30, 0, 0],
						"0.5833": [29.73, 0, 0],
						"0.625": [27.81, 0, 0],
						"0.6667": [22.62, 0, 0],
						"0.7083": [12.5, 0, 0],
						"0.75": [2.38, 0, 0],
						"0.7917": [-2.81, 0, 0],
						"0.8333": [-4.73, 0, 0],
						"0.875": [-5, 0, 0],
						"0.9167": [-4.88, 0, 0],
						"0.9583": [-4.51, 0, 0],
						"1.0": [-3.89, 0, 0],
						"1.0417": [-3.02, 0, 0],
						"1.0833": [-1.91, 0, 0],
						"1.125": [-0.56, 0, 0],
						"1.1667": [1.05, 0, 0],
						"1.2083": [2.9, 0, 0],
						"1.25": [5, 0, 0]
					}
				},
				"arm1": {
					"rotation": {
						"0.0": [0, 0, 0],
						"0.0417": [-15.74, 0, 0],
						"0.0833": [-29.63, 0, 0],
						"0.125": [-41.67, 0, 0],
						"0.1667": [-51.85, 0, 0],
						"0.2083": [-60.19, 0, 0],
						"0.25": [-66.67, 0, 0],
						"0.2917": [-71.3, 0, 0],
						"0.3333": [-74.07, 0, 0],
						"0.375": [-75, 0, 0],
						"0.4167": [-73.61, 0, 0],
						"0.4583": [-69.44, 0, 0],
						"0.5": [-62.5, 0, 0],
						"0.5417": [-52.78, 0, 0],
						"0.5833": [-40.28, 0, 0],
						"0.625": [-25, 0, 0],
						"0.6667": [-9.72, 0, 0],
						"0.7083": [2.78, 0, 0],
						"0.75": [12.5, 0, 0],
						"0.7917": [19.44, 0, 0],
						"0.8333": [23.61, 0, 0],
						"0.875": [25, 0, 0],
						"0.9167": [24.75, 0, 0],
						"0.9583": [24, 0, 0],
						"1.0": [22.75, 0, 0],
						"1.0417": [21, 0, 0],
						"1.0833": [18.75, 0, 0],
						"1.125": [16, 0, 0],
						"1.1667": [12.75, 0, 0],
						"1.2083": [9, 0, 0],
						"1.25": [4.75, 0, 0],
						"1.2917": [0, 0, 0]
					},
					"position": {
						"0.0": [0, 0, 0],
						"0.0417": [0, 0, -0.63],
						"0.0833": [0, 0, -1.19],
						"0.125": [0, 0, -1.67],
						"0.1667": [0, 0, -2.07],
						"0.2083": [0, 0, -2.41],
						"0.25": [0, 0, -2.67],
						"0.2917": [0, 0, -2.85],
						"0.3333": [0, 0, -2.96],
						"0.375": [0, 0, -3],
						"0.4167": [0, 0.32, -3],
						"0.4583": [0, 0.61, -3],
						"0.5": [0, 0.88, -3],
						"0.5417": [0, 1.11, -3],
						"0.5833": [0, 1.32, -3],
						"0.625": [0, 1.5, -3],
						"0.6667": [0, 1.65, -3],
						"0.7083": [0, 1.78, -3],
						"0.75": [0, 1.87, -3],
						"0.7917": [0, 1.94, -3],
						"0.8333": [0, 1.99, -3],
						"0.875": [0, 2, -3],
						"0.9167": [0, 1.98, -2.97],
						"0.9583": [0, 1.92, -2.88],
						"1.0": [0, 1.82, -2.73],
						"1.0417": [0, 1.68, -2.52],
						"1.0833": [0, 1.5, -2.25],
						"1.125": [0, 1.28, -1.92],
						"1.1667": [0, 1.02, -1.53],
						"1.2083": [0, 0.72, -1.08],
						"1.25": [0, 0.38, -0.57],
						"1.2917": [0, 0, 0]
					}
				},
				"cage": {
					"rotation": {
						"0.0": [0, 0, 0],
						"0.0417": [16.06, 8.73, -17.88],
						"0.0833": [30.24, 16.43, -33.66],
						"0.125": [42.52, 23.11, -47.33],
						"0.1667": [52.91, 28.76, -58.9],
						"0.2083": [61.42, 33.38, -68.37],
						"0.25": [68.03, 36.97, -75.73],
						"0.2917": [72.76, 39.54, -80.99],
						"0.3333": [75.59, 41.08, -84.15],
						"0.375": [76.54, 41.59, -85.2],
						"0.4167": [76.5, 41.32, -85.13],
						"0.4583": [76.37, 40.5, -84.94],
						"0.5": [76.17, 39.16, -84.61],
						"0.5417": [75.9, 37.31, -84.17],
						"0.5833": [75.55, 34.99, -83.61],
						"0.625": [75.13, 32.23, -82.95],
						"0.6667": [74.66, 29.09, -82.19],
						"0.7083": [74.14, 25.62, -81.35],
						"0.75": [73.58, 21.87, -80.45],
						"0.7917": [72.98, 17.91, -79.5],
						"0.8333": [72.37, 13.81, -78.51],
						"0.875": [71.74, 9.64, -77.51],
						"0.9167": [52.3, 7.03, -56.5],
						"0.9583": [36.73, 4.94, -39.68],
						"1.0": [24.61, 3.31, -26.58],
						"1.0417": [15.5, 2.08, -16.74],
						"1.0833": [8.97, 1.21, -9.69],
						"1.125": [4.59, 0.62, -4.96],
						"1.1667": [1.94, 0.26, -2.09],
						"1.2083": [0.57, 0.08, -0.62],
						"1.25": [0.07, 0.01, -0.08],
						"1.2917": [0, 0, 0]
					}
				},
				"midarm1": {
					"rotation": {
						"0.0": [0, 0, 0],
						"0.0417": [-5.77, 0, 0],
						"0.0833": [-10.86, 0, 0],
						"0.125": [-15.28, 0, 0],
						"0.1667": [-19.01, 0, 0],
						"0.2083": [-22.07, 0, 0],
						"0.25": [-24.44, 0, 0],
						"0.2917": [-26.14, 0, 0],
						"0.3333": [-27.16, 0, 0],
						"0.375": [-27.5, 0, 0],
						"0.4167": [-27.57, 0, 0],
						"0.4583": [-27.78, 0, 0],
						"0.5": [-28.12, 0, 0],
						"0.5417": [-28.61, 0, 0],
						"0.5833": [-29.24, 0, 0],
						"0.625": [-30, 0, 0],
						"0.6667": [-30.76, 0, 0],
						"0.7083": [-31.39, 0, 0],
						"0.75": [-31.87, 0, 0],
						"0.7917": [-32.22, 0, 0],
						"0.8333": [-32.43, 0, 0],
						"0.875": [-32.5, 0, 0],
						"0.9167": [-32.18, 0, 0],
						"0.9583": [-31.2, 0, 0],
						"1.0": [-29.58, 0, 0],
						"1.0417": [-27.3, 0, 0],
						"1.0833": [-24.38, 0, 0],
						"1.125": [-20.8, 0, 0],
						"1.1667": [-16.58, 0, 0],
						"1.2083": [-11.7, 0, 0],
						"1.25": [-6.18, 0, 0],
						"1.2917": [0, 0, 0]
					}
				},
				"hand1": {
					"rotation": {
						"0.0": [0, 0, 0],
						"0.0417": [1.05, 0, 0],
						"0.0833": [1.98, 0, 0],
						"0.125": [2.78, 0, 0],
						"0.1667": [3.46, 0, 0],
						"0.2083": [4.01, 0, 0],
						"0.25": [4.44, 0, 0],
						"0.2917": [4.75, 0, 0],
						"0.3333": [4.94, 0, 0],
						"0.375": [5, 0, 0],
						"0.4167": [4.9, 0, 0],
						"0.4583": [4.58, 0, 0],
						"0.5": [4.06, 0, 0],
						"0.5417": [3.33, 0, 0],
						"0.5833": [2.4, 0, 0],
						"0.625": [1.25, 0, 0],
						"0.6667": [0.1, 0, 0],
						"0.7083": [-0.83, 0, 0],
						"0.75": [-1.56, 0, 0],
						"0.7917": [-2.08, 0, 0],
						"0.8333": [-2.4, 0, 0],
						"0.875": [-2.5, 0, 0],
						"0.9167": [-2.48, 0, 0],
						"0.9583": [-2.4, 0, 0],
						"1.0": [-2.28, 0, 0],
						"1.0417": [-2.1, 0, 0],
						"1.0833": [-1.88, 0, 0],
						"1.125": [-1.6, 0, 0],
						"1.1667": [-1.28, 0, 0],
						"1.2083": [-0.9, 0, 0],
						"1.25": [-0.48, 0, 0],
						"1.2917": [0, 0, 0]
					}
				},
				"midarm2": {
					"rotation": {
						"0.0": [0, 0, 0],
						"0.0417": [-0.65, 0, 0],
						"0.0833": [-2.56, 0, 0],
						"0.125": [-5.69, 0, 0],
						"0.1667": [-9.94, 0, 0],
						"0.2083": [-15.18, 0, 0],
						"0.25": [-21.25, 0, 0],
						"0.2917": [-27.96, 0, 0],
						"0.3333": [-35.12, 0, 0],
						"0.375": [-42.5, 0, 0],
						"0.4167": [-47.09, 0, 0],
						"0.4583": [-50.93, 0, 0],
						"0.5": [-54.06, 0, 0],
						"0.5417": [-56.57, 0, 0],
						"0.5833": [-58.53, 0, 0],
						"0.625": [-60, 0, 0],
						"0.6667": [-61.05, 0, 0],
						"0.7083": [-61.76, 0, 0],
						"0.75": [-62.19, 0, 0],
						"0.7917": [-62.41, 0, 0],
						"0.8333": [-62.49, 0, 0],
						"0.875": [-62.5, 0, 0],
						"0.9167": [-61.88, 0, 0],
						"0.9583": [-60, 0, 0],
						"1.0": [-56.88, 0, 0],
						"1.0417": [-52.5, 0, 0],
						"1.0833": [-46.88, 0, 0],
						"1.125": [-40, 0, 0],
						"1.1667": [-31.88, 0, 0],
						"1.2083": [-22.5, 0, 0],
						"1.25": [-11.88, 0, 0],
						"1.2917": [0, 0, 0]
					}
				},
				"hand2": {
					"rotation": {
						"0.0": [0, 0, 0],
						"0.0417": [4.2, 0, 0],
						"0.0833": [7.9, 0, 0],
						"0.125": [11.11, 0, 0],
						"0.1667": [13.83, 0, 0],
						"0.2083": [16.05, 0, 0],
						"0.25": [17.78, 0, 0],
						"0.2917": [19.01, 0, 0],
						"0.3333": [19.75, 0, 0],
						"0.375": [20, 0, 0],
						"0.4167": [19.62, 0, 0],
						"0.4583": [18.47, 0, 0],
						"0.5": [16.56, 0, 0],
						"0.5417": [13.89, 0, 0],
						"0.5833": [10.45, 0, 0],
						"0.625": [6.25, 0, 0],
						"0.6667": [2.05, 0, 0],
						"0.7083": [-1.39, 0, 0],
						"0.75": [-4.06, 0, 0],
						"0.7917": [-5.97, 0, 0],
						"0.8333": [-7.12, 0, 0],
						"0.875": [-7.5, 0, 0],
						"0.9167": [-7.43, 0, 0],
						"0.9583": [-7.2, 0, 0],
						"1.0": [-6.83, 0, 0],
						"1.0417": [-6.3, 0, 0],
						"1.0833": [-5.63, 0, 0],
						"1.125": [-4.8, 0, 0],
						"1.1667": [-3.83, 0, 0],
						"1.2083": [-2.7, 0, 0],
						"1.25": [-1.43, 0, 0],
						"1.2917": [0, 0, 0]
					}
				},
				"body_bottom": {
					"rotation": {
						"0.125": [0, 0, 0],
						"0.1667": [13.12, 0, 0],
						"0.2083": [24.69, 0, 0],
						"0.25": [34.72, 0, 0],
						"0.2917": [43.21, 0, 0],
						"0.3333": [50.15, 0, 0],
						"0.375": [55.56, 0, 0],
						"0.4167": [59.41, 0, 0],
						"0.4583": [61.73, 0, 0],
						"0.5": [62.5, 0, 0],
						"0.5417": [61.78, 0, 0],
						"0.5833": [59.64, 0, 0],
						"0.625": [56.14, 0, 0],
						"0.6667": [51.39, 0, 0],
						"0.7083": [45.53, 0, 0],
						"0.75": [38.75, 0, 0],
						"0.7917": [31.25, 0, 0],
						"0.8333": [23.25, 0, 0],
						"0.875": [15, 0, 0],
						"0.9167": [10.05, 0, 0],
						"0.9583": [6.33, 0, 0],
						"1.0": [3.66, 0, 0],
						"1.0417": [1.88, 0, 0],
						"1.0833": [0.79, 0, 0],
						"1.125": [0.23, 0, 0],
						"1.1667": [0.03, 0, 0],
						"1.2083": [0, 0, 0]
					},
					"position": {
						"0.125": [0, 0, 0],
						"0.1667": [0, 0.03, -0.02],
						"0.2083": [0, 0.12, -0.06],
						"0.25": [0, 0.27, -0.13],
						"0.2917": [0, 0.47, -0.23],
						"0.3333": [0, 0.71, -0.36],
						"0.375": [0, 1, -0.5],
						"0.4167": [0, 1.32, -0.66],
						"0.4583": [0, 1.65, -0.83],
						"0.5": [0, 2, -1],
						"0.5417": [0, 2.42, -1.21],
						"0.5833": [0, 2.79, -1.4],
						"0.625": [0, 3.11, -1.56],
						"0.6667": [0, 3.38, -1.69],
						"0.7083": [0, 3.6, -1.8],
						"0.75": [0, 3.78, -1.89],
						"0.7917": [0, 3.9, -1.95],
						"0.8333": [0, 3.98, -1.99],
						"0.875": [0, 4, -2],
						"0.9167": [0, 3.94, -1.97],
						"0.9583": [0, 3.75, -1.88],
						"1.0": [0, 3.44, -1.72],
						"1.0417": [0, 3, -1.5],
						"1.0833": [0, 2.44, -1.22],
						"1.125": [0, 1.75, -0.88],
						"1.1667": [0, 0.94, -0.47],
						"1.2083": [0, 0, 0]
					}
				},
				"leg1": {
					"rotation": {
						"0.0833": [0, 0, 0],
						"0.125": [3.32, 0, 0],
						"0.1667": [6.3, 0, 0],
						"0.2083": [8.92, 0, 0],
						"0.25": [11.2, 0, 0],
						"0.2917": [13.13, 0, 0],
						"0.3333": [14.7, 0, 0],
						"0.375": [15.93, 0, 0],
						"0.4167": [16.8, 0, 0],
						"0.4583": [17.33, 0, 0],
						"0.5": [17.5, 0, 0],
						"0.5417": [17.5, 0, 0],
						"0.5833": [17.5, 0, 0],
						"0.625": [17.5, 0, 0],
						"0.6667": [17.5, 0, 0],
						"0.7083": [17.5, 0, 0],
						"0.75": [17.5, 0, 0],
						"0.7917": [17.33, 0, 0],
						"0.8333": [16.8, 0, 0],
						"0.875": [15.93, 0, 0],
						"0.9167": [14.7, 0, 0],
						"0.9583": [13.13, 0, 0],
						"1.0": [11.2, 0, 0],
						"1.0417": [8.93, 0, 0],
						"1.0833": [6.3, 0, 0],
						"1.125": [3.33, 0, 0],
						"1.1667": [0, 0, 0]
					},
					"position": {
						"0.0833": [0, 0, 0],
						"0.125": [0, 0.76, -0.95],
						"0.1667": [0, 1.44, -1.8],
						"0.2083": [0, 2.04, -2.55],
						"0.25": [0, 2.56, -3.2],
						"0.2917": [0, 3, -3.75],
						"0.3333": [0, 3.36, -4.2],
						"0.375": [0, 3.64, -4.55],
						"0.4167": [0, 3.84, -4.8],
						"0.4583": [0, 3.96, -4.95],
						"0.5": [0, 4, -5],
						"0.5417": [0, 4, -5],
						"0.5833": [0, 4, -5],
						"0.625": [0, 4, -5],
						"0.6667": [0, 4, -5],
						"0.7083": [0, 4, -5],
						"0.75": [0, 4, -5],
						"0.7917": [0, 3.96, -4.95],
						"0.8333": [0, 3.84, -4.8],
						"0.875": [0, 3.64, -4.55],
						"0.9167": [0, 3.36, -4.2],
						"0.9583": [0, 3, -3.75],
						"1.0": [0, 2.56, -3.2],
						"1.0417": [0, 2.04, -2.55],
						"1.0833": [0, 1.44, -1.8],
						"1.125": [0, 0.76, -0.95],
						"1.1667": [0, 0, 0]
					}
				},
				"leg2": {
					"rotation": {
						"0.0": [0, 0, 0],
						"0.0417": [7.6, 0, 0],
						"0.0833": [14.4, 0, 0],
						"0.125": [20.4, 0, 0],
						"0.1667": [25.6, 0, 0],
						"0.2083": [30, 0, 0],
						"0.25": [33.6, 0, 0],
						"0.2917": [36.4, 0, 0],
						"0.3333": [38.4, 0, 0],
						"0.375": [39.6, 0, 0],
						"0.4167": [40, 0, 0],
						"0.4583": [40, 0, 0],
						"0.5": [40, 0, 0],
						"0.5417": [40, 0, 0],
						"0.5833": [40, 0, 0],
						"0.625": [40, 0, 0],
						"0.6667": [40, 0, 0],
						"0.7083": [39.6, 0, 0],
						"0.75": [38.4, 0, 0],
						"0.7917": [36.4, 0, 0],
						"0.8333": [33.6, 0, 0],
						"0.875": [30, 0, 0],
						"0.9167": [25.6, 0, 0],
						"0.9583": [20.4, 0, 0],
						"1.0": [14.4, 0, 0],
						"1.0417": [7.6, 0, 0],
						"1.0833": [0, 0, 0]
					},
					"position": {
						"0.0": [0, 0, 0],
						"0.0417": [0, 0, 0.76],
						"0.0833": [0, 0, 1.44],
						"0.125": [0, 0, 2.04],
						"0.1667": [0, 0, 2.56],
						"0.2083": [0, 0, 3],
						"0.25": [0, 0, 3.36],
						"0.2917": [0, 0, 3.64],
						"0.3333": [0, 0, 3.84],
						"0.375": [0, 0, 3.96],
						"0.4167": [0, 0, 4],
						"0.4583": [0, 0, 4],
						"0.5": [0, 0, 4],
						"0.5417": [0, 0, 4],
						"0.5833": [0, 0, 4],
						"0.625": [0, 0, 4],
						"0.6667": [0, 0, 4],
						"0.7083": [0, 0, 3.96],
						"0.75": [0, 0, 3.84],
						"0.7917": [0, 0, 3.64],
						"0.8333": [0, 0, 3.36],
						"0.875": [0, 0, 3],
						"0.9167": [0, 0, 2.56],
						"0.9583": [0, 0, 2.04],
						"1.0": [0, 0, 1.44],
						"1.0417": [0, 0, 0.76],
						"1.0833": [0, 0, 0]
					}
				},
				"total": {
					"position": {
						"0.0": [0, 0, 0],
						"0.0417": [0, -0.95, -3.8],
						"0.0833": [0, -1.8, -7.2],
						"0.125": [0, -2.55, -10.2],
						"0.1667": [0, -3.2, -12.8],
						"0.2083": [0, -3.75, -15],
						"0.25": [0, -4.2, -16.8],
						"0.2917": [0, -4.55, -18.2],
						"0.3333": [0, -4.8, -19.2],
						"0.375": [0, -4.95, -19.8],
						"0.4167": [0, -5, -20],
						"0.4583": [0, -5, -20],
						"0.5": [0, -5, -20],
						"0.5417": [0, -5, -20],
						"0.5833": [0, -5, -20],
						"0.625": [0, -5, -20],
						"0.6667": [0, -5, -20],
						"0.7083": [0, -4.95, -19.8],
						"0.75": [0, -4.8, -19.2],
						"0.7917": [0, -4.55, -18.2],
						"0.8333": [0, -4.2, -16.8],
						"0.875": [0, -3.75, -15],
						"0.9167": [0, -3.2, -12.8],
						"0.9583": [0, -2.55, -10.2],
						"1.0": [0, -1.8, -7.2],
						"1.0417": [0, -0.95, -3.8],
						"1.0833": [0, 0, 0]
					}
				},
				"rope2": {
					"rotation": {
						"0.0": [0, 0, 0],
						"0.0417": [-1.05, 0, 0],
						"0.0833": [-1.98, 0, 0],
						"0.125": [-2.78, 0, 0],
						"0.1667": [-3.46, 0, 0],
						"0.2083": [-4.01, 0, 0],
						"0.25": [-4.44, 0, 0],
						"0.2917": [-4.75, 0, 0],
						"0.3333": [-4.94, 0, 0],
						"0.375": [-5, 0, 0],
						"0.4167": [-4.76, 0, 0],
						"0.4583": [-4.03, 0, 0],
						"0.5": [-2.81, 0, 0],
						"0.5417": [-1.11, 0, 0],
						"0.5833": [1.08, 0, 0],
						"0.625": [3.75, 0, 0],
						"0.6667": [6.42, 0, 0],
						"0.7083": [8.61, 0, 0],
						"0.75": [10.31, 0, 0],
						"0.7917": [11.53, 0, 0],
						"0.8333": [12.26, 0, 0],
						"0.875": [12.5, 0, 0],
						"0.9167": [12.38, 0, 0],
						"0.9583": [12, 0, 0],
						"1.0": [11.38, 0, 0],
						"1.0417": [10.5, 0, 0],
						"1.0833": [9.38, 0, 0],
						"1.125": [8, 0, 0],
						"1.1667": [6.38, 0, 0],
						"1.2083": [4.5, 0, 0],
						"1.25": [2.38, 0, 0],
						"1.2917": [0, 0, 0]
					}
				},
				"rope3": {
					"rotation": {
						"0.0": [0, 0, 0],
						"0.0417": [8.4, 0, 0],
						"0.0833": [15.8, 0, 0],
						"0.125": [22.22, 0, 0],
						"0.1667": [27.65, 0, 0],
						"0.2083": [32.1, 0, 0],
						"0.25": [35.56, 0, 0],
						"0.2917": [38.02, 0, 0],
						"0.3333": [39.51, 0, 0],
						"0.375": [40, 0, 0],
						"0.4167": [39.99, 0, 0],
						"0.4583": [39.93, 0, 0],
						"0.5": [39.77, 0, 0],
						"0.5417": [39.44, 0, 0],
						"0.5833": [38.91, 0, 0],
						"0.625": [38.13, 0, 0],
						"0.6667": [37.02, 0, 0],
						"0.7083": [35.56, 0, 0],
						"0.75": [33.67, 0, 0],
						"0.7917": [31.32, 0, 0],
						"0.8333": [28.45, 0, 0],
						"0.875": [25, 0, 0],
						"0.9167": [21.09, 0, 0],
						"0.9583": [17.27, 0, 0],
						"1.0": [13.65, 0, 0],
						"1.0417": [10.31, 0, 0],
						"1.0833": [7.32, 0, 0],
						"1.125": [4.77, 0, 0],
						"1.1667": [2.72, 0, 0],
						"1.2083": [1.22, 0, 0],
						"1.25": [0.31, 0, 0],
						"1.2917": [0, 0, 0]
					}
				},
				"rope4": {
					"rotation": {
						"0.0": [0, 0, 0],
						"0.0417": [-0.19, 0, 0],
						"0.0833": [-0.74, 0, 0],
						"0.125": [-1.67, 0, 0],
						"0.1667": [-2.96, 0, 0],
						"0.2083": [-4.63, 0, 0],
						"0.25": [-6.67, 0, 0],
						"0.2917": [-9.07, 0, 0],
						"0.3333": [-11.85, 0, 0],
						"0.375": [-15, 0, 0],
						"0.4167": [-18.45, 0, 0],
						"0.4583": [-21.32, 0, 0],
						"0.5": [-23.67, 0, 0],
						"0.5417": [-25.56, 0, 0],
						"0.5833": [-27.02, 0, 0],
						"0.625": [-28.12, 0, 0],
						"0.6667": [-28.91, 0, 0],
						"0.7083": [-29.44, 0, 0],
						"0.75": [-29.77, 0, 0],
						"0.7917": [-29.93, 0, 0],
						"0.8333": [-29.99, 0, 0],
						"0.875": [-30, 0, 0],
						"0.9167": [-29.7, 0, 0],
						"0.9583": [-28.8, 0, 0],
						"1.0": [-27.3, 0, 0],
						"1.0417": [-25.2, 0, 0],
						"1.0833": [-22.5, 0, 0],
						"1.125": [-19.2, 0, 0],
						"1.1667": [-15.3, 0, 0],
						"1.2083": [-10.8, 0, 0],
						"1.25": [-5.7, 0, 0],
						"1.2917": [0, 0, 0]
					}
				},
				"rope5": {
					"rotation": {
						"0.0": [0, 0, 0],
						"0.0417": [-1.05, 0, 0],
						"0.0833": [-1.98, 0, 0],
						"0.125": [-2.78, 0, 0],
						"0.1667": [-3.46, 0, 0],
						"0.2083": [-4.01, 0, 0],
						"0.25": [-4.44, 0, 0],
						"0.2917": [-4.75, 0, 0],
						"0.3333": [-4.94, 0, 0],
						"0.375": [-5, 0, 0],
						"0.4167": [-4.62, 0, 0],
						"0.4583": [-3.47, 0, 0],
						"0.5": [-1.56, 0, 0],
						"0.5417": [1.11, 0, 0],
						"0.5833": [4.55, 0, 0],
						"0.625": [8.75, 0, 0],
						"0.6667": [12.95, 0, 0],
						"0.7083": [16.39, 0, 0],
						"0.75": [19.06, 0, 0],
						"0.7917": [20.97, 0, 0],
						"0.8333": [22.12, 0, 0],
						"0.875": [22.5, 0, 0],
						"0.9167": [22.28, 0, 0],
						"0.9583": [21.6, 0, 0],
						"1.0": [20.48, 0, 0],
						"1.0417": [18.9, 0, 0],
						"1.0833": [16.88, 0, 0],
						"1.125": [14.4, 0, 0],
						"1.1667": [11.48, 0, 0],
						"1.2083": [8.1, 0, 0],
						"1.25": [4.28, 0, 0],
						"1.2917": [0, 0, 0]
					}
				},
				"rope6": {
					"rotation": {
						"0.0": [0, 0, 0],
						"0.0417": [0, 0, 0],
						"0.0833": [-0.01, 0, 0],
						"0.125": [-0.03, 0, 0],
						"0.1667": [-0.1, 0, 0],
						"0.2083": [-0.24, 0, 0],
						"0.25": [-0.49, 0, 0],
						"0.2917": [-0.91, 0, 0],
						"0.3333": [-1.56, 0, 0],
						"0.375": [-2.5, 0, 0],
						"0.4167": [-4.5, 0, 0],
						"0.4583": [-6.32, 0, 0],
						"0.5": [-7.97, 0, 0],
						"0.5417": [-9.44, 0, 0],
						"0.5833": [-10.75, 0, 0],
						"0.625": [-11.87, 0, 0],
						"0.6667": [-12.83, 0, 0],
						"0.7083": [-13.61, 0, 0],
						"0.75": [-14.22, 0, 0],
						"0.7917": [-14.65, 0, 0],
						"0.8333": [-14.91, 0, 0],
						"0.875": [-15, 0, 0],
						"0.9167": [-14.85, 0, 0],
						"0.9583": [-14.4, 0, 0],
						"1.0": [-13.65, 0, 0],
						"1.0417": [-12.6, 0, 0],
						"1.0833": [-11.25, 0, 0],
						"1.125": [-9.6, 0, 0],
						"1.1667": [-7.65, 0, 0],
						"1.2083": [-5.4, 0, 0],
						"1.25": [-2.85, 0, 0],
						"1.2917": [0, 0, 0]
					}
				}
			}
		},
		"animation.cowbutcher1.summon_explosive_cows": {
			"loop": "hold_on_last_frame",
			"animation_length": 2.5,
			"bones": {
				"body_top": {
					"rotation": {
						"0.0": [5, 0, 0],
						"0.0417": [-5.16, 0, 0],
						"0.0833": [-13.3, 0, 0],
						"0.125": [-19.64, 0, 0],
						"0.1667": [-24.4, 0, 0],
						"0.2083": [-27.81, 0, 0],
						"0.25": [-30.1, 0, 0],
						"0.2917": [-31.49, 0, 0],
						"0.3333": [-32.2, 0, 0],
						"0.375": [-32.46, 0, 0],
						"0.4167": [-32.5, 0, 0],
						"0.4583": [-32.5, 0, 0],
						"0.5": [-32.5, 0, 0],
						"0.5417": [-32.5, 0, 0],
						"0.5833": [-32.5, 0, 0],
						"0.625": [-32.5, 0, 0],
						"0.6667": [-32.5, 0, 0],
						"0.7083": [-32.5, 0, 0],
						"0.75": [-32.5, 0, 0],
						"0.7917": [-32.5, 0, 0],
						"0.8333": [-32.5, 0, 0],
						"0.875": [-32.43, 0, 0],
						"0.9167": [-31.91, 0, 0],
						"0.9583": [-30.52, 0, 0],
						"1.0": [-27.81, 0, 0],
						"1.0417": [-23.34, 0, 0],
						"1.0833": [-16.68, 0, 0],
						"1.125": [-7.38, 0, 0],
						"1.1667": [5, 0, 0]
					}
				},
				"arm2": {
					"rotation": {
						"0.0": [-12.5, 0, 0],
						"0.0417": [-40.52, 16.7, -10.38],
						"0.0833": [-62.95, 30.07, -18.69],
						"0.125": [-80.42, 40.48, -25.17],
						"0.1667": [-93.55, 48.31, -30.03],
						"0.2083": [-102.96, 53.92, -33.52],
						"0.25": [-109.27, 57.68, -35.85],
						"0.2917": [-113.09, 59.96, -37.27],
						"0.3333": [-115.06, 61.13, -38],
						"0.375": [-115.78, 61.56, -38.26],
						"0.4167": [-115.88, 61.62, -38.3],
						"0.4583": [-115.88, 61.62, -38.3],
						"0.5": [-115.88, 61.62, -38.3],
						"0.5417": [-115.88, 61.62, -38.3],
						"0.5833": [-115.88, 61.62, -38.3],
						"0.625": [-115.88, 61.62, -38.3],
						"0.6667": [-115.88, 61.62, -38.3],
						"0.7083": [-115.88, 61.62, -38.3],
						"0.75": [-115.88, 61.62, -38.3],
						"0.7917": [-115.88, 61.62, -38.3],
						"0.8333": [-115.88, 61.62, -38.3],
						"0.875": [-115.68, 61.5, -38.23],
						"0.9167": [-114.27, 60.66, -37.7],
						"0.9583": [-110.43, 58.37, -36.28],
						"1.0": [-102.96, 53.92, -33.52],
						"1.0417": [-90.64, 46.58, -28.95],
						"1.0833": [-72.27, 35.62, -22.14],
						"1.125": [-46.62, 20.34, -12.64],
						"1.1667": [-12.5, 0, 0]
					},
					"position": {
						"0.0": [0, 0, 0],
						"0.0417": [0, 0, -0.27],
						"0.0833": [0, 0, -0.49],
						"0.125": [0, 0, -0.66],
						"0.1667": [0, 0, -0.78],
						"0.2083": [0, 0, -0.87],
						"0.25": [0, 0, -0.94],
						"0.2917": [0, 0, -0.97],
						"0.3333": [0, 0, -0.99],
						"0.375": [0, 0, -1],
						"0.4167": [0, 0, -1],
						"0.4583": [0, 0, -1],
						"0.5": [0, 0, -1],
						"0.5417": [0, 0, -1],
						"0.5833": [0, 0, -1],
						"0.625": [0, 0, -1],
						"0.6667": [0, 0, -1],
						"0.7083": [0, 0, -1],
						"0.75": [0, 0, -1],
						"0.7917": [0, 0, -1],
						"0.8333": [0, 0, -1],
						"0.875": [0, 0, -1],
						"0.9167": [0, 0, -0.98],
						"0.9583": [0, 0, -0.95],
						"1.0": [0, 0, -0.88],
						"1.0417": [0, 0, -0.76],
						"1.0833": [0, 0, -0.58],
						"1.125": [0, 0, -0.33],
						"1.1667": [0, 0, 0]
					}
				},
				"head": {
					"rotation": {
						"0.0": [5, 0, 0],
						"0.0417": [-1.1, 0, 0],
						"0.0833": [-5.98, 0, 0],
						"0.125": [-9.78, 0, 0],
						"0.1667": [-12.64, 0, 0],
						"0.2083": [-14.69, 0, 0],
						"0.25": [-16.06, 0, 0],
						"0.2917": [-16.89, 0, 0],
						"0.3333": [-17.32, 0, 0],
						"0.375": [-17.48, 0, 0],
						"0.4167": [-17.5, 0, 0],
						"0.4583": [-17.5, 0, 0],
						"0.5": [-17.5, 0, 0],
						"0.5417": [-17.5, 0, 0],
						"0.5833": [-17.5, 0, 0],
						"0.625": [-17.5, 0, 0],
						"0.6667": [-17.5, 0, 0],
						"0.7083": [-17.5, 0, 0],
						"0.75": [-17.5, 0, 0],
						"0.7917": [-17.5, 0, 0],
						"0.8333": [-17.5, 0, 0],
						"0.875": [-17.46, 0, 0],
						"0.9167": [-17.15, 0, 0],
						"0.9583": [-16.31, 0, 0],
						"1.0": [-14.69, 0, 0],
						"1.0417": [-12.01, 0, 0],
						"1.0833": [-8.01, 0, 0],
						"1.125": [-2.43, 0, 0],
						"1.1667": [5, 0, 0]
					}
				},
				"total": {
					"position": {
						"0.0": [0, 0, 0],
						"0.0417": [0, 0.34, -1.35],
						"0.0833": [0, 0.61, -2.44],
						"0.125": [0, 0.82, -3.28],
						"0.1667": [0, 0.98, -3.92],
						"0.2083": [0, 1.09, -4.37],
						"0.25": [0, 1.17, -4.68],
						"0.2917": [0, 1.22, -4.86],
						"0.3333": [0, 1.24, -4.96],
						"0.375": [0, 1.25, -4.99],
						"0.4167": [0, 1.25, -5],
						"0.4583": [0, 1.25, -5],
						"0.5": [0, 1.25, -5],
						"0.5417": [0, 1.25, -5],
						"0.5833": [0, 1.25, -5],
						"0.625": [0, 1.25, -5],
						"0.6667": [0, 1.25, -5],
						"0.7083": [0, 1.25, -5],
						"0.75": [0, 1.25, -5],
						"0.7917": [0, 1.25, -5],
						"0.8333": [0, 1.25, -5],
						"0.875": [0, 1.25, -4.99],
						"0.9167": [0, 1.23, -4.92],
						"0.9583": [0, 1.18, -4.74],
						"1.0": [0, 1.09, -4.38],
						"1.0417": [0, 0.94, -3.78],
						"1.0833": [0, 0.72, -2.89],
						"1.125": [0, 0.41, -1.65],
						"1.1667": [0, 0, 0]
					}
				},
				"body_bottom": {
					"rotation": {
						"0.0": [0, 0, 0],
						"0.0417": [-1.35, 0, 0],
						"0.0833": [-2.44, 0, 0],
						"0.125": [-3.28, 0, 0],
						"0.1667": [-3.92, 0, 0],
						"0.2083": [-4.37, 0, 0],
						"0.25": [-4.68, 0, 0],
						"0.2917": [-4.86, 0, 0],
						"0.3333": [-4.96, 0, 0],
						"0.375": [-4.99, 0, 0],
						"0.4167": [-5, 0, 0],
						"0.4583": [-5, 0, 0],
						"0.5": [-5, 0, 0],
						"0.5417": [-5, 0, 0],
						"0.5833": [-5, 0, 0],
						"0.625": [-5, 0, 0],
						"0.6667": [-5, 0, 0],
						"0.7083": [-5, 0, 0],
						"0.75": [-5, 0, 0],
						"0.7917": [-5, 0, 0],
						"0.8333": [-5, 0, 0],
						"0.875": [-4.99, 0, 0],
						"0.9167": [-4.92, 0, 0],
						"0.9583": [-4.74, 0, 0],
						"1.0": [-4.38, 0, 0],
						"1.0417": [-3.78, 0, 0],
						"1.0833": [-2.89, 0, 0],
						"1.125": [-1.65, 0, 0],
						"1.1667": [0, 0, 0]
					},
					"position": {
						"0.0": [0, 0, 0],
						"0.0417": [0, 0.54, -0.81],
						"0.0833": [0, 0.98, -1.46],
						"0.125": [0, 1.31, -1.97],
						"0.1667": [0, 1.57, -2.35],
						"0.2083": [0, 1.75, -2.62],
						"0.25": [0, 1.87, -2.81],
						"0.2917": [0, 1.95, -2.92],
						"0.3333": [0, 1.98, -2.98],
						"0.375": [0, 2, -3],
						"0.4167": [0, 2, -3],
						"0.4583": [0, 2, -3],
						"0.5": [0, 2, -3],
						"0.5417": [0, 2, -3],
						"0.5833": [0, 2, -3],
						"0.625": [0, 2, -3],
						"0.6667": [0, 2, -3],
						"0.7083": [0, 2, -3],
						"0.75": [0, 2, -3],
						"0.7917": [0, 2, -3],
						"0.8333": [0, 2, -3],
						"0.875": [0, 2, -2.99],
						"0.9167": [0, 1.97, -2.95],
						"0.9583": [0, 1.89, -2.84],
						"1.0": [0, 1.75, -2.63],
						"1.0417": [0, 1.51, -2.27],
						"1.0833": [0, 1.16, -1.73],
						"1.125": [0, 0.66, -0.99],
						"1.1667": [0, 0, 0]
					}
				},
				"arm1": {
					"rotation": {
						"0.0": [0, 0, 0],
						"0.0417": [-39.13, -22.22, 16.86],
						"0.0833": [-70.46, -40, 30.36],
						"0.125": [-94.86, -53.86, 40.87],
						"0.1667": [-113.2, -64.27, 48.77],
						"0.2083": [-126.33, -71.73, 54.44],
						"0.25": [-135.14, -76.73, 58.23],
						"0.2917": [-140.48, -79.76, 60.53],
						"0.3333": [-143.23, -81.32, 61.71],
						"0.375": [-144.24, -81.89, 62.15],
						"0.4167": [-144.38, -81.97, 62.21],
						"0.4583": [-144.38, -81.97, 62.21],
						"0.5": [-144.38, -81.97, 62.21],
						"0.5417": [-144.38, -81.97, 62.21],
						"0.5833": [-144.38, -81.97, 62.21],
						"0.625": [-144.38, -81.97, 62.21],
						"0.6667": [-144.38, -81.97, 62.21],
						"0.7083": [-144.38, -81.97, 62.21],
						"0.75": [-144.38, -81.97, 62.21],
						"0.7917": [-144.38, -81.97, 62.21],
						"0.8333": [-144.38, -81.97, 62.21],
						"0.875": [-144.1, -81.81, 62.09],
						"0.9167": [-142.13, -80.69, 61.24],
						"0.9583": [-136.77, -77.65, 58.93],
						"1.0": [-126.33, -71.73, 54.44],
						"1.0417": [-109.13, -61.96, 47.02],
						"1.0833": [-83.47, -47.39, 35.97],
						"1.125": [-47.66, -27.06, 20.53],
						"1.1667": [0, 0, 0]
					},
					"position": {
						"0.0": [0, 0, 0],
						"0.0417": [0, 0, -0.27],
						"0.0833": [0, 0, -0.49],
						"0.125": [0, 0, -0.66],
						"0.1667": [0, 0, -0.78],
						"0.2083": [0, 0, -0.87],
						"0.25": [0, 0, -0.94],
						"0.2917": [0, 0, -0.97],
						"0.3333": [0, 0, -0.99],
						"0.375": [0, 0, -1],
						"0.4167": [0, 0, -1],
						"0.4583": [0, 0, -1],
						"0.5": [0, 0, -1],
						"0.5417": [0, 0, -1],
						"0.5833": [0, 0, -1],
						"0.625": [0, 0, -1],
						"0.6667": [0, 0, -1],
						"0.7083": [0, 0, -1],
						"0.75": [0, 0, -1],
						"0.7917": [0, 0, -1],
						"0.8333": [0, 0, -1],
						"0.875": [0, 0, -1],
						"0.9167": [0, 0, -0.98],
						"0.9583": [0, 0, -0.95],
						"1.0": [0, 0, -0.88],
						"1.0417": [0, 0, -0.76],
						"1.0833": [0, 0, -0.58],
						"1.125": [0, 0, -0.33],
						"1.1667": [0, 0, 0]
					}
				},
				"midarm1": {
					"rotation": {
						"0.0": [0, 0, 0],
						"0.0417": [-5.3, -1.15, 0.2],
						"0.0833": [-9.55, -2.07, 0.36],
						"0.125": [-12.85, -2.79, 0.48],
						"0.1667": [-15.34, -3.33, 0.57],
						"0.2083": [-17.12, -3.71, 0.64],
						"0.25": [-18.31, -3.97, 0.69],
						"0.2917": [-19.03, -4.13, 0.71],
						"0.3333": [-19.41, -4.21, 0.73],
						"0.375": [-19.54, -4.24, 0.73],
						"0.4167": [-19.56, -4.25, 0.73],
						"0.4583": [-19.56, -4.25, 0.73],
						"0.5": [-19.56, -4.25, 0.73],
						"0.5417": [-19.56, -4.25, 0.73],
						"0.5833": [-19.56, -4.25, 0.73],
						"0.625": [-19.56, -4.25, 0.73],
						"0.6667": [-19.56, -4.25, 0.73],
						"0.7083": [-19.56, -4.25, 0.73],
						"0.75": [-19.56, -4.25, 0.73],
						"0.7917": [-19.56, -4.25, 0.73],
						"0.8333": [-19.56, -4.25, 0.73],
						"0.875": [-19.52, -4.24, 0.73],
						"0.9167": [-19.26, -4.18, 0.72],
						"0.9583": [-18.53, -4.02, 0.69],
						"1.0": [-17.12, -3.71, 0.64],
						"1.0417": [-14.79, -3.21, 0.55],
						"1.0833": [-11.31, -2.45, 0.42],
						"1.125": [-6.46, -1.4, 0.24],
						"1.1667": [0, 0, 0]
					}
				},
				"rope3": {
					"rotation": {
						"0.0": [0, 0, 0],
						"0.0417": [7.78, 0.78, 5.22],
						"0.0833": [14.02, 1.41, 9.39],
						"0.125": [18.87, 1.9, 12.65],
						"0.1667": [22.52, 2.27, 15.09],
						"0.2083": [25.13, 2.53, 16.84],
						"0.25": [26.88, 2.71, 18.02],
						"0.2917": [27.95, 2.82, 18.73],
						"0.3333": [28.49, 2.87, 19.09],
						"0.375": [28.69, 2.89, 19.23],
						"0.4167": [28.72, 2.89, 19.25],
						"0.4583": [28.72, 2.89, 19.25],
						"0.5": [28.72, 2.89, 19.25],
						"0.5417": [28.72, 2.89, 19.25],
						"0.5833": [28.72, 2.89, 19.25],
						"0.625": [28.72, 2.89, 19.25],
						"0.6667": [28.72, 2.89, 19.25],
						"0.7083": [28.72, 2.89, 19.25],
						"0.75": [28.72, 2.89, 19.25],
						"0.7917": [28.72, 2.89, 19.25],
						"0.8333": [28.72, 2.89, 19.25],
						"0.875": [28.66, 2.89, 19.21],
						"0.9167": [28.27, 2.85, 18.95],
						"0.9583": [27.21, 2.74, 18.23],
						"1.0": [25.13, 2.53, 16.84],
						"1.0417": [21.71, 2.19, 14.55],
						"1.0833": [16.6, 1.67, 11.13],
						"1.125": [9.48, 0.96, 6.35],
						"1.1667": [0, 0, 0]
					}
				},
				"rope4": {
					"rotation": {
						"0.0": [0, 0, 0],
						"0.0417": [-5.49, 6.62, -9.34],
						"0.0833": [-9.88, 11.93, -16.83],
						"0.125": [-13.3, 16.06, -22.65],
						"0.1667": [-15.88, 19.16, -27.03],
						"0.2083": [-17.72, 21.39, -30.17],
						"0.25": [-18.95, 22.88, -32.27],
						"0.2917": [-19.7, 23.78, -33.55],
						"0.3333": [-20.09, 24.25, -34.2],
						"0.375": [-20.23, 24.42, -34.44],
						"0.4167": [-20.25, 24.44, -34.48],
						"0.4583": [-20.25, 24.44, -34.48],
						"0.5": [-20.25, 24.44, -34.48],
						"0.5417": [-20.25, 24.44, -34.48],
						"0.5833": [-20.25, 24.44, -34.48],
						"0.625": [-20.25, 24.44, -34.48],
						"0.6667": [-20.25, 24.44, -34.48],
						"0.7083": [-20.25, 24.44, -34.48],
						"0.75": [-20.25, 24.44, -34.48],
						"0.7917": [-20.25, 24.44, -34.48],
						"0.8333": [-20.25, 24.44, -34.48],
						"0.875": [-20.21, 24.4, -34.41],
						"0.9167": [-19.93, 24.06, -33.94],
						"0.9583": [-19.18, 23.16, -32.66],
						"1.0": [-17.72, 21.39, -30.17],
						"1.0417": [-15.31, 18.48, -26.06],
						"1.0833": [-11.71, 14.13, -19.93],
						"1.125": [-6.68, 8.07, -11.38],
						"1.1667": [0, 0, 0]
					}
				},
				"rope5": {
					"rotation": {
						"0.0": [0, 0, 0],
						"0.0417": [20.32, 0, 0],
						"0.0833": [36.6, 0, 0],
						"0.125": [49.28, 0, 0],
						"0.1667": [58.8, 0, 0],
						"0.2083": [65.63, 0, 0],
						"0.25": [70.2, 0, 0],
						"0.2917": [72.97, 0, 0],
						"0.3333": [74.4, 0, 0],
						"0.375": [74.93, 0, 0],
						"0.4167": [75, 0, 0],
						"0.4583": [75, 0, 0],
						"0.5": [75, 0, 0],
						"0.5417": [75, 0, 0],
						"0.5833": [75, 0, 0],
						"0.625": [75, 0, 0],
						"0.6667": [75, 0, 0],
						"0.7083": [75, 0, 0],
						"0.75": [75, 0, 0],
						"0.7917": [75, 0, 0],
						"0.8333": [75, 0, 0],
						"0.875": [74.85, 0, 0],
						"0.9167": [73.83, 0, 0],
						"0.9583": [71.04, 0, 0],
						"1.0": [65.63, 0, 0],
						"1.0417": [56.69, 0, 0],
						"1.0833": [43.36, 0, 0],
						"1.125": [24.76, 0, 0],
						"1.1667": [0, 0, 0]
					}
				},
				"rope6": {
					"rotation": {
						"0.0": [0, 0, 0],
						"0.0417": [3.38, -0.15, -6.11],
						"0.0833": [6.09, -0.26, -11.01],
						"0.125": [8.2, -0.36, -14.82],
						"0.1667": [9.79, -0.42, -17.69],
						"0.2083": [10.93, -0.47, -19.74],
						"0.25": [11.69, -0.51, -21.12],
						"0.2917": [12.15, -0.53, -21.95],
						"0.3333": [12.39, -0.54, -22.38],
						"0.375": [12.48, -0.54, -22.54],
						"0.4167": [12.49, -0.54, -22.56],
						"0.4583": [12.49, -0.54, -22.56],
						"0.5": [12.49, -0.54, -22.56],
						"0.5417": [12.49, -0.54, -22.56],
						"0.5833": [12.49, -0.54, -22.56],
						"0.625": [12.49, -0.54, -22.56],
						"0.6667": [12.49, -0.54, -22.56],
						"0.7083": [12.49, -0.54, -22.56],
						"0.75": [12.49, -0.54, -22.56],
						"0.7917": [12.49, -0.54, -22.56],
						"0.8333": [12.49, -0.54, -22.56],
						"0.875": [12.46, -0.54, -22.52],
						"0.9167": [12.29, -0.53, -22.21],
						"0.9583": [11.83, -0.51, -21.37],
						"1.0": [10.93, -0.47, -19.74],
						"1.0417": [9.44, -0.41, -17.05],
						"1.0833": [7.22, -0.31, -13.04],
						"1.125": [4.12, -0.18, -7.45],
						"1.1667": [0, 0, 0]
					}
				},
				"cage": {
					"rotation": {
						"0.0": [0, 0, 0],
						"0.0417": [-13.11, 0.21, 0.22],
						"0.0833": [-23.6, 0.37, 0.39],
						"0.125": [-31.78, 0.5, 0.53],
						"0.1667": [-37.92, 0.6, 0.63],
						"0.2083": [-42.32, 0.67, 0.71],
						"0.25": [-45.27, 0.71, 0.76],
						"0.2917": [-47.06, 0.74, 0.79],
						"0.3333": [-47.98, 0.76, 0.8],
						"0.375": [-48.32, 0.76, 0.81],
						"0.4167": [-48.37, 0.76, 0.81],
						"0.4583": [-48.37, 0.76, 0.81],
						"0.5": [-48.37, 0.76, 0.81],
						"0.5417": [-48.37, 0.76, 0.81],
						"0.5833": [-48.37, 0.76, 0.81],
						"0.625": [-48.37, 0.76, 0.81],
						"0.6667": [-48.37, 0.76, 0.81],
						"0.7083": [-48.37, 0.76, 0.81],
						"0.75": [-48.37, 0.76, 0.81],
						"0.7917": [-48.37, 0.76, 0.81],
						"0.8333": [-48.37, 0.76, 0.81],
						"0.875": [-48.27, 0.76, 0.81],
						"0.9167": [-47.61, 0.75, 0.8],
						"0.9583": [-45.82, 0.72, 0.77],
						"1.0": [-42.32, 0.67, 0.71],
						"1.0417": [-36.56, 0.58, 0.61],
						"1.0833": [-27.96, 0.44, 0.47],
						"1.125": [-15.96, 0.25, 0.27],
						"1.1667": [0, 0, 0]
					}
				},
				"midarm2": {
					"rotation": {
						"0.0": [0, 0, 0],
						"0.0417": [-3.39, 0, 0],
						"0.0833": [-6.1, 0, 0],
						"0.125": [-8.21, 0, 0],
						"0.1667": [-9.8, 0, 0],
						"0.2083": [-10.94, 0, 0],
						"0.25": [-11.7, 0, 0],
						"0.2917": [-12.16, 0, 0],
						"0.3333": [-12.4, 0, 0],
						"0.375": [-12.49, 0, 0],
						"0.4167": [-12.5, 0, 0],
						"0.4583": [-12.5, 0, 0],
						"0.5": [-12.5, 0, 0],
						"0.5417": [-12.5, 0, 0],
						"0.5833": [-12.5, 0, 0],
						"0.625": [-12.5, 0, 0],
						"0.6667": [-12.5, 0, 0],
						"0.7083": [-12.5, 0, 0],
						"0.75": [-12.5, 0, 0],
						"0.7917": [-12.5, 0, 0],
						"0.8333": [-12.5, 0, 0],
						"0.875": [-12.48, 0, 0],
						"0.9167": [-12.3, 0, 0],
						"0.9583": [-11.84, 0, 0],
						"1.0": [-10.94, 0, 0],
						"1.0417": [-9.45, 0, 0],
						"1.0833": [-7.23, 0, 0],
						"1.125": [-4.13, 0, 0],
						"1.1667": [0, 0, 0]
					}
				},
				"hand2": {
					"rotation": {
						"0.0": [0, 0, 0],
						"0.0417": [-4.06, 0, 0],
						"0.0833": [-7.32, 0, 0],
						"0.125": [-9.85, 0, 0],
						"0.1667": [-11.76, 0, 0],
						"0.2083": [-13.12, 0, 0],
						"0.25": [-14.04, 0, 0],
						"0.2917": [-14.59, 0, 0],
						"0.3333": [-14.88, 0, 0],
						"0.375": [-14.98, 0, 0],
						"0.4167": [-15, 0, 0],
						"0.4583": [-15, 0, 0],
						"0.5": [-15, 0, 0],
						"0.5417": [-15, 0, 0],
						"0.5833": [-15, 0, 0],
						"0.625": [-15, 0, 0],
						"0.6667": [-15, 0, 0],
						"0.7083": [-15, 0, 0],
						"0.75": [-15, 0, 0],
						"0.7917": [-15, 0, 0],
						"0.8333": [-15, 0, 0],
						"0.875": [-14.97, 0, 0],
						"0.9167": [-14.77, 0, 0],
						"0.9583": [-14.21, 0, 0],
						"1.0": [-13.13, 0, 0],
						"1.0417": [-11.34, 0, 0],
						"1.0833": [-8.67, 0, 0],
						"1.125": [-4.95, 0, 0],
						"1.1667": [0, 0, 0]
					}
				},
				"leg1": {
					"rotation": {
						"0.0": [0, 0, 0],
						"0.0417": [4.06, 0, 0],
						"0.0833": [7.32, 0, 0],
						"0.125": [9.86, 0, 0],
						"0.1667": [11.76, 0, 0],
						"0.2083": [13.13, 0, 0],
						"0.25": [14.04, 0, 0],
						"0.2917": [14.6, 0, 0],
						"0.3333": [14.88, 0, 0],
						"0.375": [14.99, 0, 0],
						"0.4167": [15, 0, 0],
						"0.4583": [15, 0, 0],
						"0.5": [15, 0, 0],
						"0.5417": [15, 0, 0],
						"0.5833": [15, 0, 0],
						"0.625": [15, 0, 0],
						"0.6667": [15, 0, 0],
						"0.7083": [15, 0, 0],
						"0.75": [15, 0, 0],
						"0.7917": [15, 0, 0],
						"0.8333": [15, 0, 0],
						"0.875": [14.97, 0, 0],
						"0.9167": [14.77, 0, 0],
						"0.9583": [14.21, 0, 0],
						"1.0": [13.13, 0, 0],
						"1.0417": [11.34, 0, 0],
						"1.0833": [8.67, 0, 0],
						"1.125": [4.95, 0, 0],
						"1.1667": [0, 0, 0]
					},
					"position": {
						"0.0": [0, 0, 0],
						"0.0417": [0, 0.54, -1.63],
						"0.0833": [0, 0.98, -2.93],
						"0.125": [0, 1.31, -3.94],
						"0.1667": [0, 1.57, -4.7],
						"0.2083": [0, 1.75, -5.25],
						"0.25": [0, 1.87, -5.62],
						"0.2917": [0, 1.95, -5.84],
						"0.3333": [0, 1.98, -5.95],
						"0.375": [0, 2, -5.99],
						"0.4167": [0, 2, -6],
						"0.4583": [0, 2, -6],
						"0.5": [0, 2, -6],
						"0.5417": [0, 2, -6],
						"0.5833": [0, 2, -6],
						"0.625": [0, 2, -6],
						"0.6667": [0, 2, -6],
						"0.7083": [0, 2, -6],
						"0.75": [0, 2, -6],
						"0.7917": [0, 2, -6],
						"0.8333": [0, 2, -6],
						"0.875": [0, 2, -5.99],
						"0.9167": [0, 1.97, -5.91],
						"0.9583": [0, 1.89, -5.68],
						"1.0": [0, 1.75, -5.25],
						"1.0417": [0, 1.51, -4.54],
						"1.0833": [0, 1.16, -3.47],
						"1.125": [0, 0.66, -1.98],
						"1.1667": [0, 0, 0]
					}
				},
				"leg2": {
					"rotation": {
						"0.0": [0, 0, 0],
						"0.0417": [4.06, 0, 0],
						"0.0833": [7.32, 0, 0],
						"0.125": [9.86, 0, 0],
						"0.1667": [11.76, 0, 0],
						"0.2083": [13.13, 0, 0],
						"0.25": [14.04, 0, 0],
						"0.2917": [14.6, 0, 0],
						"0.3333": [14.88, 0, 0],
						"0.375": [14.99, 0, 0],
						"0.4167": [15, 0, 0],
						"0.4583": [15, 0, 0],
						"0.5": [15, 0, 0],
						"0.5417": [15, 0, 0],
						"0.5833": [15, 0, 0],
						"0.625": [15, 0, 0],
						"0.6667": [15, 0, 0],
						"0.7083": [15, 0, 0],
						"0.75": [15, 0, 0],
						"0.7917": [15, 0, 0],
						"0.8333": [15, 0, 0],
						"0.875": [14.97, 0, 0],
						"0.9167": [14.77, 0, 0],
						"0.9583": [14.21, 0, 0],
						"1.0": [13.13, 0, 0],
						"1.0417": [11.34, 0, 0],
						"1.0833": [8.67, 0, 0],
						"1.125": [4.95, 0, 0],
						"1.1667": [0, 0, 0]
					},
					"position": {
						"0.0": [0, 0, 0],
						"0.0417": [0, -0.54, 0],
						"0.0833": [0, -0.98, 0],
						"0.125": [0, -1.31, 0],
						"0.1667": [0, -1.57, 0],
						"0.2083": [0, -1.75, 0],
						"0.25": [0, -1.87, 0],
						"0.2917": [0, -1.95, 0],
						"0.3333": [0, -1.98, 0],
						"0.375": [0, -2, 0],
						"0.4167": [0, -2, 0],
						"0.4583": [0, -2, 0],
						"0.5": [0, -2, 0],
						"0.5417": [0, -2, 0],
						"0.5833": [0, -2, 0],
						"0.625": [0, -2, 0],
						"0.6667": [0, -2, 0],
						"0.7083": [0, -2, 0],
						"0.75": [0, -2, 0],
						"0.7917": [0, -2, 0],
						"0.8333": [0, -2, 0],
						"0.875": [0, -2, 0],
						"0.9167": [0, -1.97, 0],
						"0.9583": [0, -1.89, 0],
						"1.0": [0, -1.75, 0],
						"1.0417": [0, -1.51, 0],
						"1.0833": [0, -1.16, 0],
						"1.125": [0, -0.66, 0],
						"1.1667": [0, 0, 0]
					}
				}
			},
			"particle_effects": {}
		}
	},
	"geckolib_format_version": 2
}