{
	"format_version": "1.8.0",
	"animations": {
		"animation.enderzoglin.walk": {
			"loop": true,
			"animation_length": 1,
			"bones": {
				"all": {
					"position": {
						"0.0": {
							"vector": [0, -1, 0]
						},
						"0.5": {
							"vector": [0, -2, 0]
						},
						"1.0": {
							"vector": [0, -1, 0]
						}
					}
				},
				"LeftLeg": {
					"rotation": {
						"0.0": {
							"vector": [-32.5, 0, 0]
						},
						"0.5": {
							"vector": [42.5, 0, 0]
						},
						"1.0": {
							"vector": [-32.5, 0, 0]
						}
					}
				},
				"arm": {
					"rotation": {
						"0.0": {
							"vector": [17.5, 0, 0]
						},
						"0.5": {
							"vector": [-22.5, 0, 0]
						},
						"1.0": {
							"vector": [17.5, 0, 0]
						}
					}
				},
				"RightLeg": {
					"rotation": {
						"0.0": {
							"vector": [42.5, 0, 0]
						},
						"0.5": {
							"vector": [-35, 0, 0]
						},
						"1.0": {
							"vector": [42.5, 0, 0]
						}
					}
				},
				"RightArm": {
					"rotation": {
						"0.0": {
							"vector": [-22.5, 0, 0]
						},
						"0.5": {
							"vector": [40, 0, 0]
						},
						"1.0": {
							"vector": [-22.5, 0, 0]
						}
					}
				},
				"head": {
					"rotation": {
						"0.0": {
							"vector": [7.5, 0, 0]
						},
						"0.5": {
							"vector": [0, 0, 0]
						},
						"1.0": {
							"vector": [7.5, 0, 0]
						}
					}
				},
				"Body": {
					"rotation": {
						"0.0": {
							"vector": [7.5, 0, 0]
						},
						"0.5": {
							"vector": [0, 0, 0]
						},
						"1.0": {
							"vector": [7.5, 0, 0]
						}
					}
				}
			}
		},
		"animation.enderzoglin.idle": {
			"loop": true,
			"animation_length": 1,
			"bones": {
				"head": {
					"rotation": {
						"0.0": {
							"vector": [5, 0, 0]
						},
						"0.5": {
							"vector": [0, 0, 0]
						},
						"1.0": {
							"vector": [5, 0, 0]
						}
					}
				},
				"Body": {
					"rotation": {
						"0.0": {
							"vector": [-2.5, 0, 0]
						},
						"0.5": {
							"vector": [2.5, 0, 0]
						},
						"1.0": {
							"vector": [-2.5, 0, 0]
						}
					}
				}
			}
		},
		"animation.enderzoglin.attack": {
			"loop": "hold_on_last_frame",
			"animation_length": 0.41667,
			"bones": {
				"arm": {
					"rotation": {
						"0.125": {
							"vector": [17.5, 0, 0]
						},
						"0.4167": {
							"vector": [-145, 0, 0]
						}
					}
				},
				"RightArm": {
					"rotation": {
						"0.125": {
							"vector": [20, 0, 0]
						},
						"0.4167": {
							"vector": [-125, 0, 0]
						}
					}
				},
				"head": {
					"rotation": {
						"0.0": {
							"vector": [27.5, 0, 0]
						},
						"0.4167": {
							"vector": [-35, 0, 0]
						}
					},
					"position": {
						"0.0": {
							"vector": [0, 3, 0]
						},
						"0.4167": {
							"vector": [0, 3, -2]
						}
					}
				},
				"jaw": {
					"position": {
						"vector": [0, -3, 0]
					}
				},
				"Body": {
					"rotation": {
						"0.0": {
							"vector": [0, 0, 0]
						},
						"0.125": {
							"vector": [35, 0, 0]
						},
						"0.4167": {
							"vector": [-25, 0, 0]
						}
					}
				}
			}
		}
	},
	"geckolib_format_version": 2
}