{
	"format_version": "1.8.0",
	"animations": {
		"animation.enderzogolin.walk": {
			"loop": true,
			"animation_length": 2,
			"bones": {
				"bone2": {
					"position": {
						"0.0": {
							"vector": [0, -1, 0]
						},
						"0.5833": {
							"vector": [0, 0, 0]
						},
						"1.125": {
							"vector": [0, -1, 0]
						},
						"1.5": {
							"vector": [0, 0, 0]
						},
						"2.0": {
							"vector": [0, -1, 0]
						}
					}
				},
				"LeftLeg": {
					"rotation": {
						"0.0": {
							"vector": [-32.5, 0, 0]
						},
						"0.9583": {
							"vector": [35, 0, 0]
						},
						"2.0": {
							"vector": [-32.5, 0, 0]
						}
					}
				},
				"RightLeg": {
					"rotation": {
						"0.0": {
							"vector": [30, 0, 0]
						},
						"0.9583": {
							"vector": [-27.5, 0, 0]
						},
						"2.0": {
							"vector": [30, 0, 0]
						}
					}
				},
				"LeftArm": {
					"rotation": {
						"0.0": {
							"vector": [20, 0, 0]
						},
						"0.9167": {
							"vector": [-42.5, 0, 0]
						},
						"2.0": {
							"vector": [20, 0, 0]
						}
					}
				},
				"RightArm": {
					"rotation": {
						"0.0": {
							"vector": [-37.5, 0, 0]
						},
						"1.0417": {
							"vector": [2.5, 0, 0]
						},
						"2.0": {
							"vector": [-37.5, 0, 0]
						}
					}
				},
				"Body": {
					"rotation": {
						"0.0": {
							"vector": [15, 0, 0]
						},
						"1.0833": {
							"vector": [-5, 0, 0]
						},
						"2.0": {
							"vector": [15, 0, 0]
						}
					}
				},
				"head": {
					"rotation": {
						"0.0": {
							"vector": [-11.93845, 3.73171, 17.10967]
						},
						"0.9583": {
							"vector": [7.24721, 1.93597, -14.87739]
						},
						"2.0": {
							"vector": [-11.93845, 3.73171, 17.10967]
						}
					}
				}
			}
		},
		"animation.enderzogolin.run": {
			"loop": true,
			"animation_length": 0.91667,
			"bones": {
				"bone2": {
					"position": {
						"0.0": {
							"vector": [0, -1, 0]
						},
						"0.4167": {
							"vector": [0, 1, 0]
						},
						"0.9167": {
							"vector": [0, -1, 0]
						}
					}
				},
				"LeftLeg": {
					"rotation": {
						"0.0": {
							"vector": [45, 0, -22.5]
						},
						"0.4583": {
							"vector": [-37.5, 0, -22.5]
						},
						"0.9167": {
							"vector": [45, 0, -22.5]
						}
					}
				},
				"RightLeg": {
					"rotation": {
						"0.0": {
							"vector": [-24.24769, 6.27967, 13.64973]
						},
						"0.375": {
							"vector": [38.25231, 6.27967, 13.64973]
						},
						"0.9167": {
							"vector": [-24.24769, 6.27967, 13.64973]
						}
					}
				},
				"LeftArm": {
					"rotation": {
						"0.0": {
							"vector": [-20, 0, -125]
						},
						"0.4167": {
							"vector": [12.11995, 4.68789, -111.95441]
						},
						"0.9167": {
							"vector": [-20, 0, -125]
						}
					}
				},
				"RightArm": {
					"rotation": {
						"0.0": {
							"vector": [20, 0, 127.5]
						},
						"0.4583": {
							"vector": [-15.32591, -4.42254, 125.15461]
						},
						"0.9167": {
							"vector": [20, 0, 127.5]
						}
					}
				},
				"Body": {
					"rotation": {
						"0.0": {
							"vector": [-12.5, 0, 0]
						},
						"0.4167": {
							"vector": [7.5, 0, 0]
						},
						"0.9167": {
							"vector": [-12.5, 0, 0]
						}
					}
				},
				"head": {
					"rotation": {
						"0.0": {
							"vector": [-35, 0, 0]
						},
						"0.375": {
							"vector": [-87.5, 0, 0]
						},
						"0.9167": {
							"vector": [-35, 0, 0]
						}
					}
				},
				"mouthdown": {
					"rotation": {
						"0.0": {
							"vector": [20, 0, 0]
						},
						"0.5417": {
							"vector": [60, 0, 0]
						},
						"0.9167": {
							"vector": [20, 0, 0]
						}
					}
				}
			}
		},
		"animation.enderzogolin.idle": {
			"loop": true,
			"animation_length": 3,
			"bones": {
				"LeftLeg": {
					"rotation": {
						"0.0": {
							"vector": [0, 0, -5]
						},
						"1.5833": {
							"vector": [0, 0, 0]
						},
						"3.0": {
							"vector": [0, 0, -5]
						}
					}
				},
				"LeftArm": {
					"rotation": {
						"0.0": {
							"vector": [-20, 0, -2.5]
						},
						"1.5": {
							"vector": [0, 0, -7.5]
						},
						"3.0": {
							"vector": [-20, 0, -2.5]
						}
					}
				},
				"RightArm": {
					"rotation": {
						"0.0": {
							"vector": [-30, 0, 10]
						},
						"1.5833": {
							"vector": [0, 0, -5]
						},
						"3.0": {
							"vector": [-30, 0, 10]
						}
					}
				},
				"Body": {
					"rotation": {
						"0.0": {
							"vector": [5, 0, -5]
						},
						"1.375": {
							"vector": [0, 0, 2.5]
						},
						"3.0": {
							"vector": [5, 0, -5]
						}
					}
				},
				"head": {
					"rotation": {
						"0.0": {
							"vector": [10, 0, 0]
						},
						"1.7917": {
							"vector": [-5, 0, 0]
						},
						"3.0": {
							"vector": [10, 0, 0]
						}
					}
				}
			}
		}
	},
	"geckolib_format_version": 2
}