{
	"format_version": "1.8.0",
	"animations": {
		"animation.geometry.humanoid.idle": {
			"loop": true,
			"animation_length": 2,
			"bones": {
				"death_rotation": {
					"rotation": [0, 0, 0]
				},
				"total": {
					"position": [-11, "27+Math.cos(query.anim_time*180)*1", 6],
					"scale": 0.9
				},
				"head_shulker": {
					"rotation": [0, "Math.cos(query.anim_time*180)*5", 0]
				},
				"body_top": {
					"rotation": [0, "Math.cos(30+query.anim_time*180)*60", 0],
					"position": [0, "0.75+Math.cos(30+query.anim_time*180)*-0.25", 0]
				},
				"body_bottom": {
					"rotation": [0, "Math.cos(60+query.anim_time*180)*-60", 0],
					"position": [0, "-0.25+Math.cos(60+query.anim_time*180)*0.25 ", 0]
				},
				"shulker1": {
					"scale": 0
				},
				"shulker2": {
					"scale": 0
				},
				"shield_head": {
					"scale": 0
				},
				"shield": {
					"position": [0, "math.cos(query.anim_time*180)*0.1", 0]
				}
			}
		},
		"animation.geometry.humanoid.merge_shield": {
			"loop": "hold_on_last_frame",
			"animation_length": 2.20833,
			"bones": {
				"death_rotation": {
					"rotation": [0, 0, 0]
				},
				"total": {
					"position": {
						"0.0": [-11, 28, 6],
						"0.0417": [-11, 28, 2.48],
						"0.0833": [-11, 28, -0.34],
						"0.125": [-11, 28, -2.54],
						"0.1667": [-11, 28, -4.19],
						"0.2083": [-11, 28, -5.37],
						"0.25": [-11, 28, -6.17],
						"0.2917": [-11, 28, -6.65],
						"0.3333": [-11, 28, -6.9],
						"0.375": [-11, 28, -6.99],
						"0.4167": [-11, 28, -7],
						"0.4583": [-11, 28, -7],
						"0.5": [-11, 28, -7],
						"0.5417": [-11, 28, -7],
						"0.5833": [-11, 28, -7],
						"0.625": [-11, 28, -7],
						"0.6667": [-11, 28, -7],
						"0.7083": [-11, 28, -7],
						"0.75": [-11, 28, -7],
						"0.7917": [-11, 28, -7],
						"0.8333": [-11, 28, -7],
						"0.875": [-11, 28, -7],
						"0.9167": [-11, 28, -7],
						"0.9583": [-11, 28, -7],
						"1.0": [-11, 28, -7],
						"1.0417": [-11, 28, -7],
						"1.0833": [-11, 28, -7],
						"1.125": [-11, 28, -7],
						"1.1667": [-11, 28, -7],
						"1.2083": [-11, 28, -7],
						"1.25": [-11, 28, -7],
						"1.2917": [-11, 28, -6.96],
						"1.3333": [-11, 28, -6.7],
						"1.375": [-11, 28, -5.98],
						"1.4167": [-11, 28, -4.57],
						"1.4583": [-11, 28, -2.26],
						"1.5": [-11, 28, 1.19],
						"1.5417": [-11, 28, 6]
					},
					"scale": 0.9
				},
				"head_shulker": {
					"rotation": [0, 5, 0],
					"position": {
						"0.4167": [0, 0, 0],
						"0.4583": [-1.32, 1.65, -6.93],
						"0.5": [-2.31, 2.89, -12.14],
						"0.5417": [-3.02, 3.78, -15.87],
						"0.5833": [-3.5, 4.37, -18.37],
						"0.625": [-3.79, 4.74, -19.89],
						"0.6667": [-3.94, 4.92, -20.67],
						"0.7083": [-3.99, 4.99, -20.96],
						"0.75": [-4, 5, -21],
						"0.7917": [-3.75, 4.72, -20.94],
						"0.8333": [-3, 3.88, -20.75],
						"0.875": [-1.75, 2.47, -20.44],
						"0.9167": [0, 0.5, -20],
						"0.9583": [2.25, -2.03, -19.44],
						"1.0": [5, -5.12, -18.75],
						"1.0417": [8.25, -8.78, -17.94],
						"1.0833": [12, -13, -17]
					},
					"scale": {
						"1.0833": {"pre": [1, 1, 1], "post": [0, 0, 0]}
					}
				},
				"body_top": {
					"rotation": {
						"0.4167": [0, 51.96, 0],
						"0.4583": [-0.09, 51.94, 0],
						"0.5": [-0.7, 51.82, 0],
						"0.5417": [-2.37, 51.5, 0],
						"0.5833": [-5.62, 50.87, 0],
						"0.625": [-10.99, 49.82, 0],
						"0.6667": [-18.98, 48.27, 0],
						"0.7083": [-30.15, 46.1, 0],
						"0.75": [-45, 43.21, 0],
						"0.7917": [-59.85, 40.32, 0],
						"0.8333": [-71.02, 38.15, 0],
						"0.875": [-79.01, 36.6, 0],
						"0.9167": [-84.37, 35.55, 0],
						"0.9583": [-87.63, 34.92, 0],
						"1.0": [-89.3, 34.6, 0],
						"1.0417": [-89.91, 34.48, 0],
						"1.0833": [-90, 34.46, 0]
					},
					"position": {
						"0.4167": [0, 0.53, 0],
						"0.4583": [3.52, -1.34, 2.32],
						"0.5": [6.56, -2.97, 4.32],
						"0.5417": [9.14, -4.34, 6.02],
						"0.5833": [11.25, -5.47, 7.41],
						"0.625": [12.89, -6.34, 8.49],
						"0.6667": [14.06, -6.97, 9.26],
						"0.7083": [14.77, -7.34, 9.73],
						"0.75": [15, -7.47, 9.88],
						"0.7917": [15.05, -7.59, 9.69],
						"0.8333": [15.19, -7.97, 9.12],
						"0.875": [15.42, -8.59, 8.17],
						"0.9167": [15.75, -9.47, 6.85],
						"0.9583": [16.17, -10.59, 5.14],
						"1.0": [16.69, -11.97, 3.06],
						"1.0417": [17.3, -13.59, 0.59],
						"1.0833": [18, -15.47, -2.25]
					},
					"scale": {
						"1.0833": {"pre": [1, 1, 1], "post": [0, 0, 0]}
					}
				},
				"body_bottom": {
					"rotation": {
						"0.4167": [0, -30, 0],
						"0.4583": [0.09, -30, 0],
						"0.5": [0.7, -29.96, 0],
						"0.5417": [2.37, -29.87, 0],
						"0.5833": [5.62, -29.69, 0],
						"0.625": [10.99, -29.39, 0],
						"0.6667": [18.98, -28.95, 0],
						"0.7083": [30.15, -28.33, 0],
						"0.75": [45, -27.5, 0],
						"0.7917": [59.85, -26.67, 0],
						"0.8333": [71.02, -26.05, 0],
						"0.875": [79.01, -25.61, 0],
						"0.9167": [84.37, -25.31, 0],
						"0.9583": [87.63, -25.13, 0],
						"1.0": [89.3, -25.04, 0],
						"1.0417": [89.91, -25, 0],
						"1.0833": [90, -25, 0]
					},
					"position": {
						"0.4167": [0, -0.12, 0],
						"0.4583": [0.01, -0.13, 0],
						"0.5": [0.05, -0.19, -0.01],
						"0.5417": [0.18, -0.36, -0.03],
						"0.5833": [0.44, -0.68, -0.06],
						"0.625": [0.85, -1.22, -0.12],
						"0.6667": [1.48, -2.02, -0.21],
						"0.7083": [2.34, -3.13, -0.33],
						"0.75": [3.5, -4.62, -0.5],
						"0.7917": [4.66, -6.11, -0.67],
						"0.8333": [5.52, -7.22, -0.79],
						"0.875": [6.15, -8.02, -0.88],
						"0.9167": [6.56, -8.56, -0.94],
						"0.9583": [6.82, -8.88, -0.97],
						"1.0": [6.95, -9.05, -0.99],
						"1.0417": [6.99, -9.11, -1],
						"1.0833": [7, -9.12, -1]
					},
					"scale": {
						"1.0833": {"pre": [1, 1, 1], "post": [0, 0, 0]}
					}
				},
				"player": {
					"position": {
						"0.0": [0, 0, 0],
						"0.0417": [0, -0.38, -1.52],
						"0.0833": [0, -0.72, -2.88],
						"0.125": [0, -1.02, -4.08],
						"0.1667": [0, -1.28, -5.12],
						"0.2083": [0, -1.5, -6],
						"0.25": [0, -1.68, -6.72],
						"0.2917": [0, -1.82, -7.28],
						"0.3333": [0, -1.92, -7.68],
						"0.375": [0, -1.98, -7.92],
						"0.4167": [0, -2, -8],
						"0.4583": [0, -2, -8],
						"0.5": [0, -2, -8],
						"0.5417": [0, -2, -8],
						"0.5833": [0, -2, -8],
						"0.625": [0, -2, -8],
						"0.6667": [0, -2, -8],
						"0.7083": [0, -2, -8],
						"0.75": [0, -2, -8],
						"0.7917": [0, -2, -8],
						"0.8333": [0, -2, -8],
						"0.875": [0, -2, -8],
						"0.9167": [0, -2, -8],
						"0.9583": [0, -2, -8],
						"1.0": [0, -2, -8],
						"1.0417": [0, -2, -8],
						"1.0833": [0, -2, -8],
						"1.125": [0, -2, -8],
						"1.1667": [0, -2, -8],
						"1.2083": [0, -2, -8],
						"1.25": [0, -2, -8],
						"1.2917": [0, -1.96, -7.84],
						"1.3333": [0, -1.84, -7.35],
						"1.375": [0, -1.63, -6.53],
						"1.4167": [0, -1.35, -5.39],
						"1.4583": [0, -0.98, -3.92],
						"1.5": [0, -0.53, -2.12],
						"1.5417": [0, 0, 0]
					}
				},
				"player_body": {
					"position": {
						"0.0": [0, 0, 0],
						"0.0417": [0, 0, -0.19],
						"0.0833": [0, 0, -0.36],
						"0.125": [0, 0, -0.51],
						"0.1667": [0, 0, -0.64],
						"0.2083": [0, 0, -0.75],
						"0.25": [0, 0, -0.84],
						"0.2917": [0, 0, -0.91],
						"0.3333": [0, 0, -0.96],
						"0.375": [0, 0, -0.99],
						"0.4167": [0, 0, -1],
						"0.4583": [0, 0, -1],
						"0.5": [0, 0, -1],
						"0.5417": [0, 0, -1],
						"0.5833": [0, 0, -1],
						"0.625": [0, 0, -1],
						"0.6667": [0, 0, -1],
						"0.7083": [0, 0, -1],
						"0.75": [0, 0, -1],
						"0.7917": [0, 0, -1],
						"0.8333": [0, 0, -1],
						"0.875": [0, 0, -1],
						"0.9167": [0, 0, -1],
						"0.9583": [0, 0, -1],
						"1.0": [0, 0, -1],
						"1.0417": [0, 0, -1],
						"1.0833": [0, 0, -1],
						"1.125": [0, 0, -1],
						"1.1667": [0, 0, -1],
						"1.2083": [0, 0, -1],
						"1.25": [0, 0, -1],
						"1.2917": [0, 0, -0.98],
						"1.3333": [0, 0, -0.92],
						"1.375": [0, 0, -0.82],
						"1.4167": [0, 0, -0.67],
						"1.4583": [0, 0, -0.49],
						"1.5": [0, 0, -0.27],
						"1.5417": [0, 0, 0]
					}
				},
				"leftArm": {
					"rotation": {
						"0.0833": [0, 0, 0],
						"0.125": [-16.56, -5.22, -0.25],
						"0.1667": [-31.39, -9.89, -0.47],
						"0.2083": [-44.46, -14.01, -0.66],
						"0.25": [-55.8, -17.58, -0.83],
						"0.2917": [-65.39, -20.6, -0.98],
						"0.3333": [-73.23, -23.08, -1.09],
						"0.375": [-79.34, -25, -1.18],
						"0.4167": [-83.69, -26.37, -1.25],
						"0.4583": [-86.31, -27.2, -1.29],
						"0.5": [-87.18, -27.47, -1.3],
						"0.5417": [-87.18, -27.47, -1.3],
						"0.5833": [-87.18, -27.47, -1.3],
						"0.625": [-87.18, -27.47, -1.3],
						"0.6667": [-87.18, -27.47, -1.3],
						"0.7083": [-87.18, -27.47, -1.3],
						"0.75": [-87.18, -27.47, -1.3],
						"0.7917": [-87.18, -27.47, -1.3],
						"0.8333": [-87.18, -27.47, -1.3],
						"0.875": [-87.18, -27.47, -1.3],
						"0.9167": [-87.18, -27.47, -1.3],
						"0.9583": [-87.18, -27.47, -1.3],
						"1.0": [-87.18, -27.47, -1.3],
						"1.0417": [-87.18, -27.47, -1.3],
						"1.0833": [-87.18, -27.47, -1.3],
						"1.125": [-87.18, -27.47, -1.3],
						"1.1667": [-87.18, -27.47, -1.3],
						"1.2083": [-87.18, -27.47, -1.3],
						"1.25": [-87.18, -27.47, -1.3],
						"1.2917": [-87.18, -27.47, -1.3],
						"1.3333": [-87.18, -27.47, -1.3],
						"1.375": [-85.4, -26.91, -1.27],
						"1.4167": [-80.07, -25.23, -1.19],
						"1.4583": [-71.17, -22.43, -1.06],
						"1.5": [-58.71, -18.5, -0.88],
						"1.5417": [-42.7, -13.46, -0.64],
						"1.5833": [-23.13, -7.29, -0.35],
						"1.625": [0, 0, 0]
					},
					"position": {
						"0.0833": [0, 0, 0],
						"0.125": [0.38, 0, -0.19],
						"0.1667": [0.72, 0, -0.36],
						"0.2083": [1.02, 0, -0.51],
						"0.25": [1.28, 0, -0.64],
						"0.2917": [1.5, 0, -0.75],
						"0.3333": [1.68, 0, -0.84],
						"0.375": [1.82, 0, -0.91],
						"0.4167": [1.92, 0, -0.96],
						"0.4583": [1.98, 0, -0.99],
						"0.5": [2, 0, -1],
						"0.5417": [2, 0, -1],
						"0.5833": [2, 0, -1],
						"0.625": [2, 0, -1],
						"0.6667": [2, 0, -1],
						"0.7083": [2, 0, -1],
						"0.75": [2, 0, -1],
						"0.7917": [2, 0, -1],
						"0.8333": [2, 0, -1],
						"0.875": [2, 0, -1],
						"0.9167": [2, 0, -1],
						"0.9583": [2, 0, -1],
						"1.0": [2, 0, -1],
						"1.0417": [2, 0, -1],
						"1.0833": [2, 0, -1],
						"1.125": [2, 0, -1],
						"1.1667": [2, 0, -1],
						"1.2083": [2, 0, -1],
						"1.25": [2, 0, -1],
						"1.2917": [2, 0, -1],
						"1.3333": [2, 0, -1],
						"1.375": [1.96, 0, -0.98],
						"1.4167": [1.84, 0, -0.92],
						"1.4583": [1.63, 0, -0.82],
						"1.5": [1.35, 0, -0.67],
						"1.5417": [0.98, 0, -0.49],
						"1.5833": [0.53, 0, -0.27],
						"1.625": [0, 0, 0]
					}
				},
				"rightArm": {
					"rotation": {
						"0.0833": [0, 0, 0],
						"0.125": [-24.21, 8.79, 0.42],
						"0.1667": [-43.6, 15.83, 0.75],
						"0.2083": [-58.7, 21.31, 1.01],
						"0.25": [-70.05, 25.43, 1.2],
						"0.2917": [-78.18, 28.38, 1.34],
						"0.3333": [-83.63, 30.36, 1.43],
						"0.375": [-86.94, 31.56, 1.49],
						"0.4167": [-88.63, 32.18, 1.52],
						"0.4583": [-89.26, 32.4, 1.53],
						"0.5": [-89.35, 32.44, 1.53],
						"0.5417": [-89.35, 32.44, 1.53],
						"0.5833": [-89.35, 32.44, 1.53],
						"0.625": [-89.35, 32.44, 1.53],
						"0.6667": [-89.35, 32.44, 1.53],
						"0.7083": [-89.35, 32.44, 1.53],
						"0.75": [-89.35, 32.44, 1.53],
						"0.7917": [-89.35, 32.44, 1.53],
						"0.8333": [-89.35, 32.44, 1.53],
						"0.875": [-89.35, 32.44, 1.53],
						"0.9167": [-89.35, 32.44, 1.53],
						"0.9583": [-89.35, 32.44, 1.53],
						"1.0": [-89.35, 32.44, 1.53],
						"1.0417": [-89.35, 32.44, 1.53],
						"1.0833": [-89.35, 32.44, 1.53],
						"1.125": [-89.35, 32.44, 1.53],
						"1.1667": [-89.35, 32.44, 1.53],
						"1.2083": [-89.35, 32.44, 1.53],
						"1.25": [-89.35, 32.44, 1.53],
						"1.2917": [-89.35, 32.44, 1.53],
						"1.3333": [-89.35, 32.44, 1.53],
						"1.375": [-89.09, 32.34, 1.53],
						"1.4167": [-87.26, 31.68, 1.5],
						"1.4583": [-82.31, 29.88, 1.41],
						"1.5": [-72.68, 26.38, 1.25],
						"1.5417": [-56.79, 20.62, 0.97],
						"1.5833": [-33.08, 12.01, 0.57],
						"1.625": [0, 0, 0]
					},
					"position": {
						"0.0833": [0, 0, 0],
						"0.125": [-0.54, 0, -0.54],
						"0.1667": [-0.98, 0, -0.98],
						"0.2083": [-1.31, 0, -1.31],
						"0.25": [-1.57, 0, -1.57],
						"0.2917": [-1.75, 0, -1.75],
						"0.3333": [-1.87, 0, -1.87],
						"0.375": [-1.95, 0, -1.95],
						"0.4167": [-1.98, 0, -1.98],
						"0.4583": [-2, 0, -2],
						"0.5": [-2, 0, -2],
						"0.5417": [-2, 0, -2],
						"0.5833": [-2, 0, -2],
						"0.625": [-2, 0, -2],
						"0.6667": [-2, 0, -2],
						"0.7083": [-2, 0, -2],
						"0.75": [-2, 0, -2],
						"0.7917": [-2, 0, -2],
						"0.8333": [-2, 0, -2],
						"0.875": [-2, 0, -2],
						"0.9167": [-2, 0, -2],
						"0.9583": [-2, 0, -2],
						"1.0": [-2, 0, -2],
						"1.0417": [-2, 0, -2],
						"1.0833": [-2, 0, -2],
						"1.125": [-2, 0, -2],
						"1.1667": [-2, 0, -2],
						"1.2083": [-2, 0, -2],
						"1.25": [-2, 0, -2],
						"1.2917": [-2, 0, -2],
						"1.3333": [-2, 0, -2],
						"1.375": [-1.99, 0, -1.99],
						"1.4167": [-1.95, 0, -1.95],
						"1.4583": [-1.84, 0, -1.84],
						"1.5": [-1.63, 0, -1.63],
						"1.5417": [-1.27, 0, -1.27],
						"1.5833": [-0.74, 0, -0.74],
						"1.625": [0, 0, 0]
					}
				},
				"shield": {
					"rotation": {
						"0.0": [0, 0, 0],
						"0.0417": [0.03, -0.67, 15.47],
						"0.0833": [0.05, -1.2, 27.87],
						"0.125": [0.07, -1.62, 37.52],
						"0.1667": [0.08, -1.93, 44.77],
						"0.2083": [0.09, -2.16, 49.96],
						"0.25": [0.09, -2.31, 53.45],
						"0.2917": [0.1, -2.4, 55.56],
						"0.3333": [0.1, -2.45, 56.64],
						"0.375": [0.1, -2.46, 57.04],
						"0.4167": [0.1, -2.47, 57.1],
						"0.4583": [0.1, -2.47, 57.1],
						"0.5": [0.1, -2.47, 57.1],
						"0.5417": [0.1, -2.47, 57.1],
						"0.5833": [0.1, -2.47, 57.1],
						"0.625": [0.1, -2.47, 57.1],
						"0.6667": [0.1, -2.47, 57.1],
						"0.7083": [0.1, -2.47, 57.1],
						"0.75": [0.1, -2.47, 57.1],
						"0.7917": [0.1, -2.47, 57.1],
						"0.8333": [0.1, -2.47, 57.1],
						"0.875": [0.1, -2.47, 57.1],
						"0.9167": [0.1, -2.47, 57.1],
						"0.9583": [0.1, -2.47, 57.1],
						"1.0": [0.1, -2.47, 57.1],
						"1.0417": [0.1, -2.47, 57.1],
						"1.0833": [0.1, -2.47, 57.1],
						"1.125": [0.1, -2.47, 57.1],
						"1.1667": [0.1, -2.47, 57.1],
						"1.2083": [0.1, -2.47, 57.1],
						"1.25": [0.1, -2.47, 57.1],
						"1.2917": [0.1, -2.46, 56.93],
						"1.3333": [0.1, -2.41, 55.77],
						"1.375": [0.09, -2.27, 52.61],
						"1.4167": [0.08, -2.01, 46.45],
						"1.4583": [0.06, -1.57, 36.29],
						"1.5": [0.04, -0.91, 21.14],
						"1.5417": [0, 0, 0]
					}
				},
				"leftLeg": {
					"rotation": {
						"0.0417": [0, 0, 0],
						"0.0833": [2.37, 0, 0],
						"0.125": [4.5, 0, 0],
						"0.1667": [6.38, 0, 0],
						"0.2083": [8, 0, 0],
						"0.25": [9.38, 0, 0],
						"0.2917": [10.5, 0, 0],
						"0.3333": [11.37, 0, 0],
						"0.375": [12, 0, 0],
						"0.4167": [12.38, 0, 0],
						"0.4583": [12.5, 0, 0],
						"0.5": [12.5, 0, 0],
						"0.5417": [12.5, 0, 0],
						"0.5833": [12.5, 0, 0],
						"0.625": [12.5, 0, 0],
						"0.6667": [12.5, 0, 0],
						"0.7083": [12.5, 0, 0],
						"0.75": [12.5, 0, 0],
						"0.7917": [12.5, 0, 0],
						"0.8333": [12.5, 0, 0],
						"0.875": [12.5, 0, 0],
						"0.9167": [12.5, 0, 0],
						"0.9583": [12.5, 0, 0],
						"1.0": [12.5, 0, 0],
						"1.0417": [12.5, 0, 0],
						"1.0833": [12.5, 0, 0],
						"1.125": [12.5, 0, 0],
						"1.1667": [12.5, 0, 0],
						"1.2083": [12.5, 0, 0],
						"1.25": [12.5, 0, 0],
						"1.2917": [12.5, 0, 0],
						"1.3333": [12.15, 0, 0],
						"1.375": [11.11, 0, 0],
						"1.4167": [9.37, 0, 0],
						"1.4583": [6.94, 0, 0],
						"1.5": [3.82, 0, 0],
						"1.5417": [0, 0, 0]
					},
					"position": {
						"0.0417": [0, 0, 0],
						"0.0833": [0, 0.38, -0.57],
						"0.125": [0, 0.72, -1.08],
						"0.1667": [0, 1.02, -1.53],
						"0.2083": [0, 1.28, -1.92],
						"0.25": [0, 1.5, -2.25],
						"0.2917": [0, 1.68, -2.52],
						"0.3333": [0, 1.82, -2.73],
						"0.375": [0, 1.92, -2.88],
						"0.4167": [0, 1.98, -2.97],
						"0.4583": [0, 2, -3],
						"0.5": [0, 2, -3],
						"0.5417": [0, 2, -3],
						"0.5833": [0, 2, -3],
						"0.625": [0, 2, -3],
						"0.6667": [0, 2, -3],
						"0.7083": [0, 2, -3],
						"0.75": [0, 2, -3],
						"0.7917": [0, 2, -3],
						"0.8333": [0, 2, -3],
						"0.875": [0, 2, -3],
						"0.9167": [0, 2, -3],
						"0.9583": [0, 2, -3],
						"1.0": [0, 2, -3],
						"1.0417": [0, 2, -3],
						"1.0833": [0, 2, -3],
						"1.125": [0, 2, -3],
						"1.1667": [0, 2, -3],
						"1.2083": [0, 2, -3],
						"1.25": [0, 2, -3],
						"1.2917": [0, 2, -3],
						"1.3333": [0, 1.94, -2.92],
						"1.375": [0, 1.78, -2.67],
						"1.4167": [0, 1.5, -2.25],
						"1.4583": [0, 1.11, -1.67],
						"1.5": [0, 0.61, -0.92],
						"1.5417": [0, 0, 0]
					}
				},
				"rightLeg": {
					"rotation": {
						"0.0": [0, 0, 0],
						"0.0417": [8.55, 0, 0],
						"0.0833": [16.2, 0, 0],
						"0.125": [22.95, 0, 0],
						"0.1667": [28.8, 0, 0],
						"0.2083": [33.75, 0, 0],
						"0.25": [37.8, 0, 0],
						"0.2917": [40.95, 0, 0],
						"0.3333": [43.2, 0, 0],
						"0.375": [44.55, 0, 0],
						"0.4167": [45, 0, 0],
						"0.4583": [45, 0, 0],
						"0.5": [45, 0, 0],
						"0.5417": [45, 0, 0],
						"0.5833": [45, 0, 0],
						"0.625": [45, 0, 0],
						"0.6667": [45, 0, 0],
						"0.7083": [45, 0, 0],
						"0.75": [45, 0, 0],
						"0.7917": [45, 0, 0],
						"0.8333": [45, 0, 0],
						"0.875": [45, 0, 0],
						"0.9167": [45, 0, 0],
						"0.9583": [45, 0, 0],
						"1.0": [45, 0, 0],
						"1.0417": [45, 0, 0],
						"1.0833": [45, 0, 0],
						"1.125": [45, 0, 0],
						"1.1667": [45, 0, 0],
						"1.2083": [45, 0, 0],
						"1.25": [45, 0, 0],
						"1.2917": [44.08, 0, 0],
						"1.3333": [41.33, 0, 0],
						"1.375": [36.73, 0, 0],
						"1.4167": [30.31, 0, 0],
						"1.4583": [22.04, 0, 0],
						"1.5": [11.94, 0, 0],
						"1.5417": [0, 0, 0]
					},
					"position": {
						"0.0": [0, 0, 0],
						"0.0417": [0, 0, 0.1],
						"0.0833": [0, 0, 0.2],
						"0.125": [0, 0, 0.3],
						"0.1667": [0, 0, 0.4],
						"0.2083": [0, 0, 0.5],
						"0.25": [0, 0, 0.6],
						"0.2917": [0, 0, 0.7],
						"0.3333": [0, 0, 0.8],
						"0.375": [0, 0, 0.9],
						"0.4167": [0, 0, 1],
						"0.4583": [0, 0, 1],
						"0.5": [0, 0, 1],
						"0.5417": [0, 0, 1],
						"0.5833": [0, 0, 1],
						"0.625": [0, 0, 1],
						"0.6667": [0, 0, 1],
						"0.7083": [0, 0, 1],
						"0.75": [0, 0, 1],
						"0.7917": [0, 0, 1],
						"0.8333": [0, 0, 1],
						"0.875": [0, 0, 1],
						"0.9167": [0, 0, 1],
						"0.9583": [0, 0, 1],
						"1.0": [0, 0, 1],
						"1.0417": [0, 0, 1],
						"1.0833": [0, 0, 1],
						"1.125": [0, 0, 1],
						"1.1667": [0, 0, 1],
						"1.2083": [0, 0, 1],
						"1.25": [0, 0, 1],
						"1.2917": [0, 0, 0.86],
						"1.3333": [0, 0, 0.71],
						"1.375": [0, 0, 0.57],
						"1.4167": [0, 0, 0.43],
						"1.4583": [0, 0, 0.29],
						"1.5": [0, 0, 0.14],
						"1.5417": [0, 0, 0]
					}
				},
				"shulker1": {
					"position": [6, 19, 0],
					"scale": {
						"1.0417": {"pre": [0, 0, 0], "post": [0.7, 0.7, 0.7]}
					}
				},
				"shulker2": {
					"rotation": [0, 0, -180],
					"position": [-6, 25, 0],
					"scale": {
						"1.0417": {"pre": [0, 0, 0], "post": [0.7, 0.7, 0.7]}
					}
				},
				"shield_head": {
					"position": [0, 0, 1],
					"scale": {
						"1.0833": {"pre": [0, 0, 0], "post": [0.8, 0.8, 0.8]},
						"1.125": [0.4, 0.8, 0.8]
					}
				}
			},
			"particle_effects": {}
		},
		"animation.geometry.humanoid.lazer": {
			"animation_length": 2.66667,
			"bones": {
				"death_rotation": {
					"rotation": [0, 0, 0]
				},
				"total": {
					"position": [-11, 28, 6],
					"scale": 0
				},
				"head_shulker": {
					"rotation": [0, 5, 0]
				},
				"body_top": {
					"rotation": [0, 51.96, 0],
					"position": [0, 0.53, 0]
				},
				"body_bottom": {
					"rotation": [0, -30, 0],
					"position": [0, -0.12, 0]
				},
				"shulker1": {
					"position": [6, 19, 0],
					"scale": 0.7
				},
				"shulker2": {
					"rotation": [0, 0, -180],
					"position": [-6, 25, 0],
					"scale": 0.7
				},
				"shield_head": {
					"scale": [0.4, 0.8, 0.8]
				},
				"player": {
					"position": {
						"0.0417": [0, 0, 0],
						"0.0833": [0, -0.57, -1.14],
						"0.125": [0, -1.08, -2.16],
						"0.1667": [0, -1.53, -3.06],
						"0.2083": [0, -1.92, -3.84],
						"0.25": [0, -2.25, -4.5],
						"0.2917": [0, -2.52, -5.04],
						"0.3333": [0, -2.73, -5.46],
						"0.375": [0, -2.88, -5.76],
						"0.4167": [0, -2.97, -5.94],
						"0.4583": [0, -3, -6],
						"0.5": [0, -3, -6],
						"0.5417": [0, -3, -6],
						"0.5833": [0, -3, -6],
						"0.625": [0, -3, -6],
						"0.6667": [0, -3, -6],
						"0.7083": [0, -3, -6],
						"0.75": [0, -3, -6],
						"0.7917": [0, -3, -6],
						"0.8333": [0, -3, -6],
						"0.875": [0, -3, -6],
						"0.9167": [0, -2.97, -5.94],
						"0.9583": [0, -2.88, -5.76],
						"1.0": [0, -2.73, -5.46],
						"1.0417": [0, -2.52, -5.04],
						"1.0833": [0, -2.25, -4.5],
						"1.125": [0, -1.92, -3.84],
						"1.1667": [0, -1.53, -3.06],
						"1.2083": [0, -1.08, -2.16],
						"1.25": [0, -0.57, -1.14],
						"1.2917": [0, 0, 0]
					}
				},
				"player_body": {
					"rotation": {
						"0.0": [0, 0, 0],
						"0.0417": [-0.47, 0, 0],
						"0.0833": [-0.9, 0, 0],
						"0.125": [-1.27, 0, 0],
						"0.1667": [-1.6, 0, 0],
						"0.2083": [-1.87, 0, 0],
						"0.25": [-2.1, 0, 0],
						"0.2917": [-2.27, 0, 0],
						"0.3333": [-2.4, 0, 0],
						"0.375": [-2.47, 0, 0],
						"0.4167": [-2.5, 0, 0],
						"0.4583": [-2.31, 0, 0],
						"0.5": [-0.98, 0, 0],
						"0.5417": [2.63, 0, 0],
						"0.5833": [9.66, 0, 0],
						"0.625": [21.25, 0, 0],
						"0.6667": [32.84, 0, 0],
						"0.7083": [39.87, 0, 0],
						"0.75": [43.48, 0, 0],
						"0.7917": [44.81, 0, 0],
						"0.8333": [45, 0, 0],
						"0.875": [44.96, 0, 0],
						"0.9167": [44.64, 0, 0],
						"0.9583": [43.79, 0, 0],
						"1.0": [42.12, 0, 0],
						"1.0417": [39.38, 0, 0],
						"1.0833": [35.28, 0, 0],
						"1.125": [29.57, 0, 0],
						"1.1667": [21.96, 0, 0],
						"1.2083": [12.2, 0, 0],
						"1.25": [0, 0, 0]
					},
					"position": {
						"0.0": [0, 0, 0],
						"0.0417": [0, 0.19, -0.28],
						"0.0833": [0, 0.36, -0.54],
						"0.125": [0, 0.51, -0.76],
						"0.1667": [0, 0.64, -0.96],
						"0.2083": [0, 0.75, -1.12],
						"0.25": [0, 0.84, -1.26],
						"0.2917": [0, 0.91, -1.36],
						"0.3333": [0, 0.96, -1.44],
						"0.375": [0, 0.99, -1.48],
						"0.4167": [0, 1, -1.5],
						"0.4583": [0, 0.94, -1.65],
						"0.5": [0, 0.76, -2.1],
						"0.5417": [0, 0.46, -2.85],
						"0.5833": [0, 0.04, -3.9],
						"0.625": [0, -0.5, -5.25],
						"0.6667": [0, -1.04, -6.6],
						"0.7083": [0, -1.46, -7.65],
						"0.75": [0, -1.76, -8.4],
						"0.7917": [0, -1.94, -8.85],
						"0.8333": [0, -2, -9],
						"0.875": [0, -2, -8.99],
						"0.9167": [0, -1.98, -8.93],
						"0.9583": [0, -1.95, -8.76],
						"1.0": [0, -1.87, -8.42],
						"1.0417": [0, -1.75, -7.88],
						"1.0833": [0, -1.57, -7.06],
						"1.125": [0, -1.31, -5.91],
						"1.1667": [0, -0.98, -4.39],
						"1.2083": [0, -0.54, -2.44],
						"1.25": [0, 0, 0]
					}
				},
				"head": {
					"rotation": {
						"0.0833": [0, 0, 0],
						"0.125": [-2.37, 0, 0],
						"0.1667": [-4.5, 0, 0],
						"0.2083": [-6.37, 0, 0],
						"0.25": [-8, 0, 0],
						"0.2917": [-9.37, 0, 0],
						"0.3333": [-10.5, 0, 0],
						"0.375": [-11.37, 0, 0],
						"0.4167": [-12, 0, 0],
						"0.4583": [-12.37, 0, 0],
						"0.5": [-12.5, 0, 0],
						"0.5417": [-12.32, 0, 0],
						"0.5833": [-11.06, 0, 0],
						"0.625": [-7.64, 0, 0],
						"0.6667": [-0.98, 0, 0],
						"0.7083": [10, 0, 0],
						"0.75": [20.98, 0, 0],
						"0.7917": [27.64, 0, 0],
						"0.8333": [31.06, 0, 0],
						"0.875": [32.32, 0, 0],
						"0.9167": [32.5, 0, 0],
						"0.9583": [32.18, 0, 0],
						"1.0": [31.2, 0, 0],
						"1.0417": [29.58, 0, 0],
						"1.0833": [27.3, 0, 0],
						"1.125": [24.38, 0, 0],
						"1.1667": [20.8, 0, 0],
						"1.2083": [16.58, 0, 0],
						"1.25": [11.7, 0, 0],
						"1.2917": [6.17, 0, 0],
						"1.3333": [0, 0, 0]
					}
				},
				"leftArm": {
					"rotation": {
						"0.0833": [0, 0, 0],
						"0.125": [-26.62, -5.37, 5.61],
						"0.1667": [-50.44, -10.18, 10.64],
						"0.2083": [-71.45, -14.43, 15.07],
						"0.25": [-89.67, -18.1, 18.91],
						"0.2917": [-105.08, -21.22, 22.16],
						"0.3333": [-117.69, -23.76, 24.82],
						"0.375": [-127.5, -25.74, 26.89],
						"0.4167": [-134.5, -27.16, 28.37],
						"0.4583": [-138.7, -28.01, 29.25],
						"0.5": [-140.1, -28.29, 29.55],
						"0.5417": [-139.5, -28.29, 29.55],
						"0.5833": [-137.7, -28.29, 29.55],
						"0.625": [-134.7, -28.29, 29.55],
						"0.6667": [-130.5, -28.29, 29.55],
						"0.7083": [-125.1, -28.29, 29.55],
						"0.75": [-119.7, -28.29, 29.55],
						"0.7917": [-115.5, -28.29, 29.55],
						"0.8333": [-112.5, -28.29, 29.55],
						"0.875": [-110.7, -28.29, 29.55],
						"0.9167": [-110.1, -28.29, 29.55],
						"0.9583": [-109, -28.01, 29.25],
						"1.0": [-105.7, -27.16, 28.37],
						"1.0417": [-100.2, -25.74, 26.89],
						"1.0833": [-92.49, -23.76, 24.82],
						"1.125": [-82.58, -21.22, 22.16],
						"1.1667": [-70.47, -18.1, 18.91],
						"1.2083": [-56.15, -14.43, 15.07],
						"1.25": [-39.64, -10.18, 10.64],
						"1.2917": [-20.92, -5.37, 5.61],
						"1.3333": [0, 0, 0]
					},
					"position": {
						"0.0833": [0, 0, 0],
						"0.125": [0.16, 0, -0.31],
						"0.1667": [0.31, 0, -0.62],
						"0.2083": [0.45, 0, -0.91],
						"0.25": [0.59, 0, -1.18],
						"0.2917": [0.71, 0, -1.41],
						"0.3333": [0.81, 0, -1.62],
						"0.375": [0.89, 0, -1.78],
						"0.4167": [0.95, 0, -1.9],
						"0.4583": [0.99, 0, -1.98],
						"0.5": [1, 0, -2],
						"0.5417": [1, 0, -2],
						"0.5833": [1, -0.03, -2.03],
						"0.625": [1, -0.11, -2.11],
						"0.6667": [1, -0.26, -2.26],
						"0.7083": [1, -0.5, -2.5],
						"0.75": [1, -0.74, -2.74],
						"0.7917": [1, -0.89, -2.89],
						"0.8333": [1, -0.97, -2.97],
						"0.875": [1, -1, -3],
						"0.9167": [1, -1, -3],
						"0.9583": [1, -1, -2.99],
						"1.0": [0.97, -0.97, -2.9],
						"1.0417": [0.89, -0.89, -2.68],
						"1.0833": [0.74, -0.74, -2.23],
						"1.125": [0.5, -0.5, -1.5],
						"1.1667": [0.26, -0.26, -0.77],
						"1.2083": [0.11, -0.11, -0.32],
						"1.25": [0.03, -0.03, -0.1],
						"1.2917": [0, 0, -0.01],
						"1.3333": [0, 0, 0]
					}
				},
				"rightArm": {
					"rotation": {
						"0.0": [0, 0, 0],
						"0.0417": [-26.82, 6.18, -3.71],
						"0.0833": [-50.83, 11.7, -7.03],
						"0.125": [-72, 16.58, -9.95],
						"0.1667": [-90.36, 20.8, -12.49],
						"0.2083": [-105.89, 24.38, -14.64],
						"0.25": [-118.59, 27.3, -16.39],
						"0.2917": [-128.48, 29.58, -17.76],
						"0.3333": [-135.54, 31.2, -18.74],
						"0.375": [-139.77, 32.18, -19.32],
						"0.4167": [-141.18, 32.5, -19.52],
						"0.4583": [-140.48, 32.5, -19.52],
						"0.5": [-138.38, 32.5, -19.52],
						"0.5417": [-134.88, 32.5, -19.52],
						"0.5833": [-129.98, 32.5, -19.52],
						"0.625": [-123.68, 32.5, -19.52],
						"0.6667": [-117.38, 32.5, -19.52],
						"0.7083": [-112.48, 32.5, -19.52],
						"0.75": [-108.98, 32.5, -19.52],
						"0.7917": [-106.88, 32.5, -19.52],
						"0.8333": [-106.18, 32.5, -19.52],
						"0.875": [-104.88, 32.1, -19.28],
						"0.9167": [-100.99, 30.91, -18.56],
						"0.9583": [-94.61, 28.96, -17.39],
						"1.0": [-85.9, 26.3, -15.79],
						"1.0417": [-75.08, 22.98, -13.8],
						"1.0833": [-62.41, 19.11, -11.47],
						"1.125": [-48.21, 14.76, -8.86],
						"1.1667": [-32.81, 10.04, -6.03],
						"1.2083": [-16.61, 5.08, -3.05],
						"1.25": [0, 0, 0]
					},
					"position": {
						"0.0": [0, 0, 0],
						"0.0417": [-0.19, 0.19, -0.57],
						"0.0833": [-0.36, 0.36, -1.08],
						"0.125": [-0.51, 0.51, -1.53],
						"0.1667": [-0.64, 0.64, -1.92],
						"0.2083": [-0.75, 0.75, -2.25],
						"0.25": [-0.84, 0.84, -2.52],
						"0.2917": [-0.91, 0.91, -2.73],
						"0.3333": [-0.96, 0.96, -2.88],
						"0.375": [-0.99, 0.99, -2.97],
						"0.4167": [-1, 1, -3],
						"0.4583": [-1, 0.99, -3],
						"0.5": [-1, 0.94, -3.03],
						"0.5417": [-1, 0.78, -3.11],
						"0.5833": [-1, 0.49, -3.26],
						"0.625": [-1, 0, -3.5],
						"0.6667": [-1, -0.49, -3.74],
						"0.7083": [-1, -0.78, -3.89],
						"0.75": [-1, -0.94, -3.97],
						"0.7917": [-1, -0.99, -4],
						"0.8333": [-1, -1, -4],
						"0.875": [-0.99, -0.99, -3.96],
						"0.9167": [-0.96, -0.96, -3.84],
						"0.9583": [-0.91, -0.91, -3.64],
						"1.0": [-0.84, -0.84, -3.36],
						"1.0417": [-0.75, -0.75, -3],
						"1.0833": [-0.64, -0.64, -2.56],
						"1.125": [-0.51, -0.51, -2.04],
						"1.1667": [-0.36, -0.36, -1.44],
						"1.2083": [-0.19, -0.19, -0.76],
						"1.25": [0, 0, 0]
					}
				},
				"shield": {
					"rotation": {
						"0.0": [0, 0, 0],
						"0.0417": [1.11, 1.9, 11.01],
						"0.0833": [2.11, 3.6, 20.85],
						"0.125": [2.99, 5.09, 29.54],
						"0.1667": [3.75, 6.39, 37.07],
						"0.2083": [4.39, 7.49, 43.45],
						"0.25": [4.92, 8.39, 48.66],
						"0.2917": [5.33, 9.09, 52.71],
						"0.3333": [5.62, 9.59, 55.61],
						"0.375": [5.79, 9.89, 57.35],
						"0.4167": [5.85, 9.99, 57.93],
						"0.4583": [5.72, 9.91, 57.9],
						"0.5": [4.78, 9.38, 57.73],
						"0.5417": [2.23, 7.93, 57.25],
						"0.5833": [-2.74, 5.11, 56.32],
						"0.625": [-10.93, 0.46, 54.79],
						"0.6667": [-19.13, -4.19, 53.26],
						"0.7083": [-24.1, -7.01, 52.33],
						"0.75": [-26.65, -8.46, 51.86],
						"0.7917": [-27.59, -8.99, 51.68],
						"0.8333": [-27.72, -9.07, 51.66],
						"0.875": [-27.69, -9.06, 51.6],
						"0.9167": [-27.5, -8.99, 51.24],
						"0.9583": [-26.97, -8.82, 50.26],
						"1.0": [-25.95, -8.49, 48.35],
						"1.0417": [-24.26, -7.93, 45.2],
						"1.0833": [-21.73, -7.11, 40.5],
						"1.125": [-18.21, -5.96, 33.94],
						"1.1667": [-13.53, -4.42, 25.21],
						"1.2083": [-7.51, -2.46, 14],
						"1.25": [0, 0, 0]
					}
				},
				"leftLeg": {
					"rotation": {
						"0.0417": [0, 0, 0],
						"0.0833": [9.02, 0, 0],
						"0.125": [17.1, 0, 0],
						"0.1667": [24.23, 0, 0],
						"0.2083": [30.4, 0, 0],
						"0.25": [35.63, 0, 0],
						"0.2917": [39.9, 0, 0],
						"0.3333": [43.22, 0, 0],
						"0.375": [45.6, 0, 0],
						"0.4167": [47.03, 0, 0],
						"0.4583": [47.5, 0, 0],
						"0.5": [47.5, 0, 0],
						"0.5417": [47.5, 0, 0],
						"0.5833": [47.5, 0, 0],
						"0.625": [47.5, 0, 0],
						"0.6667": [47.5, 0, 0],
						"0.7083": [47.5, 0, 0],
						"0.75": [47.5, 0, 0],
						"0.7917": [47.5, 0, 0],
						"0.8333": [47.5, 0, 0],
						"0.875": [47.5, 0, 0],
						"0.9167": [47.03, 0, 0],
						"0.9583": [45.6, 0, 0],
						"1.0": [43.23, 0, 0],
						"1.0417": [39.9, 0, 0],
						"1.0833": [35.63, 0, 0],
						"1.125": [30.4, 0, 0],
						"1.1667": [24.23, 0, 0],
						"1.2083": [17.1, 0, 0],
						"1.25": [9.03, 0, 0],
						"1.2917": [0, 0, 0]
					},
					"position": {
						"0.0417": [0, 0, 0],
						"0.0833": [0, 0.09, -0.19],
						"0.125": [0, 0.18, -0.36],
						"0.1667": [0, 0.26, -0.51],
						"0.2083": [0, 0.32, -0.64],
						"0.25": [0, 0.38, -0.75],
						"0.2917": [0, 0.42, -0.84],
						"0.3333": [0, 0.45, -0.91],
						"0.375": [0, 0.48, -0.96],
						"0.4167": [0, 0.5, -0.99],
						"0.4583": [0, 0.5, -1],
						"0.5": [0, 0.5, -1],
						"0.5417": [0, 0.5, -1],
						"0.5833": [0, 0.5, -1],
						"0.625": [0, 0.5, -1],
						"0.6667": [0, 0.5, -1],
						"0.7083": [0, 0.5, -1],
						"0.75": [0, 0.5, -1],
						"0.7917": [0, 0.5, -1],
						"0.8333": [0, 0.5, -1],
						"0.875": [0, 0.5, -1],
						"0.9167": [0, 0.5, -0.99],
						"0.9583": [0, 0.48, -0.96],
						"1.0": [0, 0.46, -0.91],
						"1.0417": [0, 0.42, -0.84],
						"1.0833": [0, 0.38, -0.75],
						"1.125": [0, 0.32, -0.64],
						"1.1667": [0, 0.26, -0.51],
						"1.2083": [0, 0.18, -0.36],
						"1.25": [0, 0.1, -0.19],
						"1.2917": [0, 0, 0]
					}
				},
				"rightLeg": {
					"rotation": {
						"0.0": [0, 0, 0],
						"0.0417": [-2.37, 0, 0],
						"0.0833": [-4.5, 0, 0],
						"0.125": [-6.37, 0, 0],
						"0.1667": [-8, 0, 0],
						"0.2083": [-9.37, 0, 0],
						"0.25": [-10.5, 0, 0],
						"0.2917": [-11.37, 0, 0],
						"0.3333": [-12, 0, 0],
						"0.375": [-12.37, 0, 0],
						"0.4167": [-12.5, 0, 0],
						"0.4583": [-12.5, 0, 0],
						"0.5": [-12.5, 0, 0],
						"0.5417": [-12.5, 0, 0],
						"0.5833": [-12.5, 0, 0],
						"0.625": [-12.5, 0, 0],
						"0.6667": [-12.5, 0, 0],
						"0.7083": [-12.5, 0, 0],
						"0.75": [-12.5, 0, 0],
						"0.7917": [-12.5, 0, 0],
						"0.8333": [-12.5, 0, 0],
						"0.875": [-12.38, 0, 0],
						"0.9167": [-12, 0, 0],
						"0.9583": [-11.38, 0, 0],
						"1.0": [-10.5, 0, 0],
						"1.0417": [-9.38, 0, 0],
						"1.0833": [-8, 0, 0],
						"1.125": [-6.38, 0, 0],
						"1.1667": [-4.5, 0, 0],
						"1.2083": [-2.38, 0, 0],
						"1.25": [0, 0, 0]
					},
					"position": {
						"0.0": [0, 0, 0],
						"0.0417": [0, 0.57, -0.57],
						"0.0833": [0, 1.08, -1.08],
						"0.125": [0, 1.53, -1.53],
						"0.1667": [0, 1.92, -1.92],
						"0.2083": [0, 2.25, -2.25],
						"0.25": [0, 2.52, -2.52],
						"0.2917": [0, 2.73, -2.73],
						"0.3333": [0, 2.88, -2.88],
						"0.375": [0, 2.97, -2.97],
						"0.4167": [0, 3, -3],
						"0.4583": [0, 3, -3],
						"0.5": [0, 3, -3],
						"0.5417": [0, 3, -3],
						"0.5833": [0, 3, -3],
						"0.625": [0, 3, -3],
						"0.6667": [0, 3, -3],
						"0.7083": [0, 3, -3],
						"0.75": [0, 3, -3],
						"0.7917": [0, 3, -3],
						"0.8333": [0, 3, -3],
						"0.875": [0, 2.97, -2.97],
						"0.9167": [0, 2.88, -2.88],
						"0.9583": [0, 2.73, -2.73],
						"1.0": [0, 2.52, -2.52],
						"1.0417": [0, 2.25, -2.25],
						"1.0833": [0, 1.92, -1.92],
						"1.125": [0, 1.53, -1.53],
						"1.1667": [0, 1.08, -1.08],
						"1.2083": [0, 0.57, -0.57],
						"1.25": [0, 0, 0]
					}
				}
			},
			"particle_effects": {}
		}
	},
	"geckolib_format_version": 2
}