{
	"format_version": "1.8.0",
	"animations": {
		"animation.fireenderman.idle": {
			"loop": true,
			"animation_length": 2.5,
			"bones": {
				"head": {
					"rotation": {
						"0.0": {
							"vector": [12.5, 0, 0]
						},
						"1.125": {
							"vector": [15, 0, 0]
						},
						"2.5": {
							"vector": [12.5, 0, 0]
						}
					},
					"position": {
						"0.0": {
							"vector": [0, -3, 0]
						},
						"2.5": {
							"vector": [0, -3, 0]
						}
					}
				},
				"Body": {
					"rotation": {
						"0.0": {
							"vector": [7.5, 0, 0]
						},
						"1.125": {
							"vector": [17.5, 0, 0]
						},
						"2.5": {
							"vector": [7.5, 0, 0]
						}
					}
				},
				"RightArm": {
					"rotation": {
						"0.0": {
							"vector": [-12.5, 0, 0]
						},
						"1.125": {
							"vector": [-20, 0, 0]
						},
						"2.5": {
							"vector": [-12.5, 0, 0]
						}
					}
				},
				"LeftArm": {
					"rotation": {
						"0.0": {
							"vector": [-5, 0, 0]
						},
						"1.125": {
							"vector": [0, 0, 0]
						},
						"2.5": {
							"vector": [-5, 0, 0]
						}
					}
				},
				"all": {
					"rotation": {
						"0.0": {
							"vector": [0, 0, -2.5]
						},
						"1.2083": {
							"vector": [0, 0, 2.5]
						},
						"2.5": {
							"vector": [0, 0, -2.5]
						}
					}
				},
				"jaw": {
					"position": {
						"vector": [0, 2, 0]
					}
				}
			}
		},
		"animation.fireenderman.walk": {
			"loop": true,
			"animation_length": 2,
			"bones": {
				"head": {
					"rotation": {
						"0.0": {
							"vector": [-17.5, 0, 0]
						},
						"0.5": {
							"vector": [-2.5, 0, 0]
						},
						"1.0": {
							"vector": [-15, 0, 0]
						},
						"1.5": {
							"vector": [-2.5, 0, 0]
						},
						"2.0": {
							"vector": [-17.5, 0, 0]
						}
					},
					"position": {
						"0.0": {
							"vector": [0, -3, 0]
						},
						"2.0": {
							"vector": [0, -3, 0]
						}
					}
				},
				"Body": {
					"rotation": {
						"0.0": {
							"vector": [-25, 0, 0]
						},
						"0.5": {
							"vector": [-7.5, 0, 0]
						},
						"1.0": {
							"vector": [15, 0, 0]
						},
						"1.5": {
							"vector": [-7.5, 0, 0]
						},
						"2.0": {
							"vector": [-25, 0, 0]
						}
					}
				},
				"RightArm": {
					"rotation": {
						"0.0": {
							"vector": [42.5, 0, 0]
						},
						"0.5": {
							"vector": [20, 0, 0]
						},
						"1.0": {
							"vector": [-25, 0, 0]
						},
						"1.5": {
							"vector": [20, 0, 0]
						},
						"2.0": {
							"vector": [42.5, 0, 0]
						}
					}
				},
				"LeftArm": {
					"rotation": {
						"0.0": {
							"vector": [35, 0, 0]
						},
						"0.5": {
							"vector": [7.5, 0, 0]
						},
						"1.0": {
							"vector": [-25, 0, 0]
						},
						"1.5": {
							"vector": [7.5, 0, 0]
						},
						"2.0": {
							"vector": [35, 0, 0]
						}
					}
				},
				"RightLeg": {
					"rotation": {
						"0.0": {
							"vector": [-45, 0, 0]
						},
						"0.5": {
							"vector": [0, 0, 0]
						},
						"1.0": {
							"vector": [40, 0, 0]
						},
						"1.5": {
							"vector": [0, 0, 0]
						},
						"2.0": {
							"vector": [-45, 0, 0]
						}
					}
				},
				"LeftLeg": {
					"rotation": {
						"0.0": {
							"vector": [37.5, 0, 0]
						},
						"0.5": {
							"vector": [0, 0, 0]
						},
						"1.0": {
							"vector": [-47.5, 0, 0]
						},
						"1.5": {
							"vector": [0, 0, 0]
						},
						"2.0": {
							"vector": [37.5, 0, 0]
						}
					}
				},
				"all": {
					"position": {
						"0.0": {
							"vector": [0, -5, 0]
						},
						"0.5": {
							"vector": [0, 0, 0]
						},
						"1.0": {
							"vector": [0, -5, 0]
						},
						"1.5": {
							"vector": [0, 0, 0]
						},
						"2.0": {
							"vector": [0, -5, 0]
						}
					}
				},
				"jaw": {
					"position": {
						"vector": [0, 2, 0]
					}
				}
			}
		},
		"animation.fireenderman.attack": {
			"loop": "hold_on_last_frame",
			"animation_length": 2,
			"bones": {
				"head": {
					"rotation": {
						"0.0": {
							"vector": [-22.5, 0, 0]
						},
						"0.5": {
							"vector": [-37.5, 0, 0]
						},
						"1.0": {
							"vector": [-17.5, 0, 0]
						},
						"1.5": {
							"vector": [-37.5, 0, 0]
						},
						"2.0": {
							"vector": [-22.5, 0, 0]
						}
					},
					"position": {
						"vector": [0, 3, 0]
					}
				},
				"Body": {
					"rotation": {
						"0.0": {
							"vector": [15, 0, 0]
						},
						"0.7083": {
							"vector": [14.94548, -1.29256, 4.83045]
						},
						"1.375": {
							"vector": [22.37739, 1.93597, -7.24721]
						},
						"2.0": {
							"vector": [15, 0, 0]
						}
					}
				},
				"RightArm": {
					"rotation": {
						"0.0": {
							"vector": [0, 0, -5]
						},
						"0.25": {
							"vector": [-112.5, 0, -41.81818]
						},
						"0.5417": {
							"vector": [-125.41667, 0, -35.68182]
						},
						"0.8333": {
							"vector": [-172.12628, -1.38807, -22.66901]
						}
					}
				},
				"LeftArm": {
					"rotation": {
						"0.0": {
							"vector": [0, 0, -5]
						},
						"0.25": {
							"vector": [-57.5, 0, -41.81818]
						},
						"0.5417": {
							"vector": [-130.13573, -25.96852, -15.41798]
						},
						"0.8333": {
							"vector": [-175.3981, -6.54407, 22.16329]
						}
					}
				},
				"all": {
					"position": {
						"0.0": {
							"vector": [0, -5, 0]
						},
						"0.5": {
							"vector": [0, 0, 0]
						},
						"1.0": {
							"vector": [0, -5, 0]
						},
						"1.5": {
							"vector": [0, 0, 0]
						},
						"2.0": {
							"vector": [0, -5, 0]
						}
					}
				},
				"jaw": {
					"position": {
						"vector": [0, -3, 0]
					}
				}
			}
		},
		"animation.fireenderman.death": {
			"loop": "hold_on_last_frame",
			"animation_length": 1.70833,
			"bones": {
				"head": {
					"rotation": {
						"0.5": {
							"vector": [-30, 0, 0]
						},
						"1.125": {
							"vector": [-52.5, 0, 0]
						},
						"1.5": {
							"vector": [-5, 0, 0]
						},
						"1.5833": {
							"vector": [-6.0963, -34.84748, 3.49226],
							"easing": "linear"
						}
					},
					"position": {
						"0.5": {
							"vector": [0, -3, 0]
						},
						"1.375": {
							"vector": [0, 1, 0]
						},
						"1.5833": {
							"vector": [0, 6, 0]
						}
					}
				},
				"Body": {
					"rotation": {
						"0.0": {
							"vector": [0, 0, 0]
						},
						"0.5": {
							"vector": [-90, 0, 0]
						},
						"1.0": {
							"vector": [-42.5, 0, 0]
						},
						"1.5": {
							"vector": [0, 0, 0]
						}
					}
				},
				"RightArm": {
					"rotation": {
						"0.5": {
							"vector": [0, 0, 150]
						},
						"1.0": {
							"vector": [40, 0, 150]
						},
						"1.5": {
							"vector": [-12.5, 0, 150]
						},
						"1.5833": {
							"vector": [-7.5, 0, 150]
						},
						"1.6667": {
							"vector": [-12.5, 0, 150]
						}
					}
				},
				"LeftArm": {
					"rotation": {
						"0.5": {
							"vector": [0, 0, -167.5]
						},
						"1.0": {
							"vector": [32.5, 0, -167.5]
						},
						"1.5417": {
							"vector": [-2.5, 0, -167.5]
						},
						"1.625": {
							"vector": [0, 0, -167.5]
						},
						"1.7083": {
							"vector": [-2.5, 0, -167.5]
						}
					}
				},
				"RightLeg": {
					"rotation": {
						"0.2083": {
							"vector": [4.92442, -0.86717, 9.96271]
						},
						"0.5": {
							"vector": [5, 0, 9.9627]
						},
						"0.5833": {
							"vector": [0, 0, 9.9627]
						},
						"0.6667": {
							"vector": [-0.07558, -0.86717, 9.96271]
						},
						"1.7083": {
							"vector": [-0.07558, -0.86717, 9.96271]
						}
					}
				},
				"LeftLeg": {
					"rotation": {
						"0.5": {
							"vector": [5, 0, 0]
						},
						"0.5833": {
							"vector": [0, 0, 0]
						}
					}
				},
				"all": {
					"rotation": {
						"0.0": {
							"vector": [0, 0, 0]
						},
						"0.5": {
							"vector": [90, 0, 0]
						}
					},
					"position": {
						"0.0": {
							"vector": [0, 0, 0]
						},
						"0.5": {
							"vector": [0, -3, 0]
						}
					}
				},
				"jaw": {
					"position": {
						"vector": [0, 2, 0]
					}
				}
			}
		}
	},
	"geckolib_format_version": 2
}