{
	"format_version": "1.8.0",
	"animations": {
		"animation.geometry.pigzombie.idle": {
			"loop": true,
			"animation_length": 3,
			"bones": {
				"staff": {
					"rotation": [0, 0, 0]
				},
				"body_top": {
					"rotation": [0, 0, "Math.cos(30+query.anim_time*120)*0.25"],
					"scale": "1+Math.cos(query.anim_time*120)*0.008"
				},
				"right_arms": {
					"rotation": ["Math.cos(30+query.anim_time*120)*1", 0, "Math.cos(90+query.anim_time*120)*0.5"]
				},
				"left_arms": {
					"rotation": ["Math.cos(query.anim_time*120)*1", 0, "Math.cos(60+query.anim_time*120)*-0.5"]
				},
				"head": {
					"rotation": ["Math.cos(30+query.anim_time*120)*0.75", 0, "Math.cos(60+query.anim_time*120)*0.75"]
				},
				"hair": {
					"rotation": ["Math.cos(90+query.anim_time*120)*1", 0, "Math.cos(120+query.anim_time*120)*-1"]
				},
				"ring": {
					"rotation": ["Math.cos(60+query.anim_time*120)*2", 0, 0]
				},
				"right_ear": {
					"rotation": [0, 0, "Math.cos(query.anim_time*120)*1.5"]
				},
				"left_ear": {
					"rotation": [0, 0, "Math.cos(60+query.anim_time*120)*-1.5"]
				},
				"cape": {
					"rotation": ["Math.cos(60+query.anim_time*120)*0.75", 0, 0]
				},
				"stone": {
					"rotation": ["Math.cos(30+query.anim_time*120)*60", "Math.cos(60+query.anim_time*120)*90", "Math.cos(90+query.anim_time*120)*30"]
				}
			}
		},
		"animation.geometry.pigzombie.walk": {
			"loop": true,
			"animation_length": 2,
			"bones": {
				"staff": {
					"rotation": [0, 0, 0]
				},
				"body_top": {
					"rotation": {
						"0.0": [0, 0, 0.22],
						"0.0417": [0, 0, 0.19],
						"0.0833": [0, 0, 0.08],
						"0.125": [0, 0, -0.09],
						"0.1667": [0, 0, -0.34],
						"0.2083": [0, 0, -0.65],
						"0.25": [0, 0, -1.03],
						"0.2917": [0, 0, -1.41],
						"0.3333": [0, 0, -1.72],
						"0.375": [0, 0, -1.97],
						"0.4167": [0, 0, -2.14],
						"0.4583": [0, 0, -2.25],
						"0.5": [0, 0, -2.28],
						"0.5417": [0, 0, -2.26],
						"0.5833": [0, 0, -2.21],
						"0.625": [0, 0, -2.12],
						"0.6667": [0, 0, -2],
						"0.7083": [0, 0, -1.85],
						"0.75": [0, 0, -1.66],
						"0.7917": [0, 0, -1.43],
						"0.8333": [0, 0, -1.17],
						"0.875": [0, 0, -0.87],
						"0.9167": [0, 0, -0.54],
						"0.9583": [0, 0, -0.18],
						"1.0": [0, 0, 0.22],
						"1.0417": [0, 0, 0.62],
						"1.0833": [0, 0, 0.98],
						"1.125": [0, 0, 1.31],
						"1.1667": [0, 0, 1.61],
						"1.2083": [0, 0, 1.87],
						"1.25": [0, 0, 2.09],
						"1.2917": [0, 0, 2.29],
						"1.3333": [0, 0, 2.44],
						"1.375": [0, 0, 2.56],
						"1.4167": [0, 0, 2.65],
						"1.4583": [0, 0, 2.7],
						"1.5": [0, 0, 2.72],
						"1.5417": [0, 0, 2.69],
						"1.5833": [0, 0, 2.58],
						"1.625": [0, 0, 2.41],
						"1.6667": [0, 0, 2.16],
						"1.7083": [0, 0, 1.85],
						"1.75": [0, 0, 1.47],
						"1.7917": [0, 0, 1.09],
						"1.8333": [0, 0, 0.78],
						"1.875": [0, 0, 0.53],
						"1.9167": [0, 0, 0.36],
						"1.9583": [0, 0, 0.25],
						"2.0": [0, 0, 0.22]
					},
					"scale": 1.008
				},
				"right_arms": {
					"rotation": {
						"0.0": [0.87, 0, 0],
						"0.0417": [1.04, 0, 0.07],
						"0.0833": [1.56, 0, 0.28],
						"0.125": [2.43, -0.01, 0.62],
						"0.1667": [3.65, -0.02, 1.11],
						"0.2083": [5.21, -0.03, 1.74],
						"0.25": [7.12, -0.04, 2.5],
						"0.2917": [9.03, -0.05, 3.26],
						"0.3333": [10.59, -0.06, 3.89],
						"0.375": [11.8, -0.07, 4.37],
						"0.4167": [12.67, -0.07, 4.72],
						"0.4583": [13.19, -0.07, 4.93],
						"0.5": [13.37, -0.08, 5],
						"0.5417": [13.29, -0.08, 4.98],
						"0.5833": [13.05, -0.07, 4.93],
						"0.625": [12.66, -0.07, 4.84],
						"0.6667": [12.12, -0.07, 4.72],
						"0.7083": [11.41, -0.07, 4.57],
						"0.75": [10.55, -0.07, 4.37],
						"0.7917": [9.54, -0.06, 4.15],
						"0.8333": [8.37, -0.06, 3.89],
						"0.875": [7.04, -0.05, 3.59],
						"0.9167": [5.56, -0.05, 3.26],
						"0.9583": [3.91, -0.04, 2.9],
						"1.0": [2.12, -0.04, 2.5],
						"1.0417": [0.32, -0.03, 2.1],
						"1.0833": [-1.32, -0.03, 1.74],
						"1.125": [-2.8, -0.02, 1.41],
						"1.1667": [-4.13, -0.02, 1.11],
						"1.2083": [-5.3, -0.01, 0.85],
						"1.25": [-6.32, -0.01, 0.62],
						"1.2917": [-7.18, -0.01, 0.43],
						"1.3333": [-7.88, 0, 0.28],
						"1.375": [-8.43, 0, 0.16],
						"1.4167": [-8.82, 0, 0.07],
						"1.4583": [-9.05, 0, 0.02],
						"1.5": [-9.13, 0, 0],
						"1.5417": [-8.99, 0, 0],
						"1.5833": [-8.57, 0, 0],
						"1.625": [-7.88, 0, 0],
						"1.6667": [-6.91, 0, 0],
						"1.7083": [-5.66, 0, 0],
						"1.75": [-4.13, 0, 0],
						"1.7917": [-2.6, 0, 0],
						"1.8333": [-1.35, 0, 0],
						"1.875": [-0.38, 0, 0],
						"1.9167": [0.31, 0, 0],
						"1.9583": [0.73, 0, 0],
						"2.0": [0.87, 0, 0]
					}
				},
				"left_arms": {
					"rotation": {
						"0.0": [1, 0, -0.25],
						"0.0417": [0.86, 0.01, -0.24],
						"0.0833": [0.43, 0.06, -0.23],
						"0.125": [-0.27, 0.13, -0.2],
						"0.1667": [-1.26, 0.24, -0.16],
						"0.2083": [-2.53, 0.37, -0.12],
						"0.25": [-4.09, 0.54, -0.06],
						"0.2917": [-5.64, 0.7, 0],
						"0.3333": [-6.91, 0.84, 0.05],
						"0.375": [-7.9, 0.94, 0.09],
						"0.4167": [-8.61, 1.02, 0.11],
						"0.4583": [-9.03, 1.06, 0.13],
						"0.5": [-9.18, 1.08, 0.13],
						"0.5417": [-9.09, 1.07, 0.11],
						"0.5833": [-8.83, 1.05, 0.03],
						"0.625": [-8.39, 1.01, -0.1],
						"0.6667": [-7.78, 0.95, -0.28],
						"0.7083": [-7, 0.88, -0.52],
						"0.75": [-6.04, 0.8, -0.81],
						"0.7917": [-4.9, 0.69, -1.15],
						"0.8333": [-3.59, 0.58, -1.54],
						"0.875": [-2.11, 0.44, -1.99],
						"0.9167": [-0.45, 0.29, -2.48],
						"0.9583": [1.38, 0.13, -3.03],
						"1.0": [3.39, -0.05, -3.64],
						"1.0417": [5.39, -0.23, -4.24],
						"1.0833": [7.22, -0.4, -4.79],
						"1.125": [8.88, -0.55, -5.29],
						"1.1667": [10.36, -0.68, -5.73],
						"1.2083": [11.67, -0.8, -6.12],
						"1.25": [12.81, -0.9, -6.46],
						"1.2917": [13.77, -0.99, -6.75],
						"1.3333": [14.55, -1.06, -6.99],
						"1.375": [15.16, -1.12, -7.17],
						"1.4167": [15.6, -1.16, -7.3],
						"1.4583": [15.86, -1.18, -7.38],
						"1.5": [15.95, -1.19, -7.41],
						"1.5417": [14.7, -1.09, -6.81],
						"1.5833": [13.46, -0.99, -6.21],
						"1.625": [12.21, -0.89, -5.62],
						"1.6667": [10.96, -0.79, -5.02],
						"1.7083": [9.72, -0.69, -4.42],
						"1.75": [8.47, -0.59, -3.83],
						"1.7917": [7.23, -0.49, -3.23],
						"1.8333": [5.98, -0.4, -2.64],
						"1.875": [4.74, -0.3, -2.04],
						"1.9167": [3.49, -0.2, -1.44],
						"1.9583": [2.25, -0.1, -0.85],
						"2.0": [1, 0, -0.25]
					}
				},
				"head": {
					"rotation": {
						"0.0": [0.65, 0, 0.38],
						"0.0417": [0.72, 0, 0.35],
						"0.0833": [0.93, -0.01, 0.24],
						"0.125": [1.27, -0.02, 0.07],
						"0.1667": [1.76, -0.04, -0.18],
						"0.2083": [2.38, -0.07, -0.49],
						"0.25": [3.15, -0.09, -0.88],
						"0.2917": [3.91, -0.12, -1.26],
						"0.3333": [4.53, -0.15, -1.57],
						"0.375": [5.02, -0.17, -1.82],
						"0.4167": [5.37, -0.18, -1.99],
						"0.4583": [5.58, -0.19, -2.1],
						"0.5": [5.64, -0.19, -2.13],
						"0.5417": [5.64, -0.17, -1.93],
						"0.5833": [5.64, -0.16, -1.72],
						"0.625": [5.64, -0.14, -1.51],
						"0.6667": [5.63, -0.13, -1.31],
						"0.7083": [5.63, -0.11, -1.1],
						"0.75": [5.63, -0.1, -0.89],
						"0.7917": [5.62, -0.08, -0.69],
						"0.8333": [5.62, -0.06, -0.48],
						"0.875": [5.62, -0.05, -0.27],
						"0.9167": [5.62, -0.03, -0.07],
						"0.9583": [5.61, -0.02, 0.14],
						"1.0": [5.61, 0, 0.35],
						"1.0417": [5.61, 0.01, 0.55],
						"1.0833": [5.6, 0.03, 0.76],
						"1.125": [5.6, 0.05, 0.96],
						"1.1667": [5.6, 0.06, 1.17],
						"1.2083": [5.6, 0.08, 1.38],
						"1.25": [5.59, 0.09, 1.58],
						"1.2917": [5.59, 0.11, 1.79],
						"1.3333": [5.59, 0.12, 2],
						"1.375": [5.58, 0.14, 2.2],
						"1.4167": [5.58, 0.16, 2.41],
						"1.4583": [5.58, 0.17, 2.62],
						"1.5": [5.58, 0.19, 2.82],
						"1.5417": [5.51, 0.18, 2.79],
						"1.5833": [5.3, 0.18, 2.69],
						"1.625": [4.96, 0.16, 2.52],
						"1.6667": [4.48, 0.15, 2.28],
						"1.7083": [3.87, 0.12, 1.97],
						"1.75": [3.11, 0.09, 1.6],
						"1.7917": [2.36, 0.06, 1.23],
						"1.8333": [1.74, 0.04, 0.92],
						"1.875": [1.27, 0.02, 0.69],
						"1.9167": [0.92, 0.01, 0.52],
						"1.9583": [0.72, 0, 0.41],
						"2.0": [0.65, 0, 0.38]
					}
				},
				"hair": {
					"rotation": {
						"0.0": [0, 0, 0.5],
						"0.0417": [-0.07, 0, 0.67],
						"0.0833": [-0.28, 0, 1.19],
						"0.125": [-0.62, 0, 2.06],
						"0.1667": [-1.11, 0, 3.28],
						"0.2083": [-1.74, 0, 4.84],
						"0.25": [-2.5, 0, 6.75],
						"0.2917": [-3.26, 0, 8.66],
						"0.3333": [-3.89, 0, 10.22],
						"0.375": [-4.37, 0, 11.44],
						"0.4167": [-4.72, 0, 12.31],
						"0.4583": [-4.93, 0, 12.83],
						"0.5": [-5, 0, 13],
						"0.5417": [-5, 0, 12.91],
						"0.5833": [-5, 0, 12.65],
						"0.625": [-5, 0, 12.22],
						"0.6667": [-5, 0, 11.61],
						"0.7083": [-5, 0, 10.83],
						"0.75": [-5, 0, 9.88],
						"0.7917": [-5, 0, 8.75],
						"0.8333": [-5, 0, 7.44],
						"0.875": [-5, 0, 5.97],
						"0.9167": [-5, 0, 4.32],
						"0.9583": [-5, 0, 2.5],
						"1.0": [-5, 0, 0.5],
						"1.0417": [-5, 0, -1.5],
						"1.0833": [-5, 0, -3.32],
						"1.125": [-5, 0, -4.97],
						"1.1667": [-5, 0, -6.44],
						"1.2083": [-5, 0, -7.75],
						"1.25": [-5, 0, -8.87],
						"1.2917": [-5, 0, -9.83],
						"1.3333": [-5, 0, -10.61],
						"1.375": [-5, 0, -11.22],
						"1.4167": [-5, 0, -11.65],
						"1.4583": [-5, 0, -11.91],
						"1.5": [-5, 0, -12],
						"1.5417": [-4.93, 0, -11.83],
						"1.5833": [-4.72, 0, -11.31],
						"1.625": [-4.37, 0, -10.44],
						"1.6667": [-3.89, 0, -9.22],
						"1.7083": [-3.26, 0, -7.66],
						"1.75": [-2.5, 0, -5.75],
						"1.7917": [-1.74, 0, -3.84],
						"1.8333": [-1.11, 0, -2.28],
						"1.875": [-0.62, 0, -1.06],
						"1.9167": [-0.28, 0, -0.19],
						"1.9583": [-0.07, 0, 0.33],
						"2.0": [0, 0, 0.5]
					}
				},
				"ring": {
					"rotation": {
						"0.0": [1, 0, 0],
						"0.0417": [0.86, 0, 0],
						"0.0833": [0.44, 0, 0],
						"0.125": [-0.25, 0, 0],
						"0.1667": [-1.22, 0, 0],
						"0.2083": [-2.47, 0, 0],
						"0.25": [-4, 0, 0],
						"0.2917": [-5.53, 0, 0],
						"0.3333": [-6.78, 0, 0],
						"0.375": [-7.75, 0, 0],
						"0.4167": [-8.44, 0, 0],
						"0.4583": [-8.86, 0, 0],
						"0.5": [-9, 0, 0],
						"0.5417": [-8.86, 0, 0],
						"0.5833": [-8.44, 0, 0],
						"0.625": [-7.75, 0, 0],
						"0.6667": [-6.78, 0, 0],
						"0.7083": [-5.53, 0, 0],
						"0.75": [-4, 0, 0],
						"0.7917": [-2.47, 0, 0],
						"0.8333": [-1.22, 0, 0],
						"0.875": [-0.25, 0, 0],
						"0.9167": [0.44, 0, 0],
						"0.9583": [0.86, 0, 0],
						"1.0": [1, 0, 0],
						"1.0417": [0.79, 0, 0],
						"1.0833": [0.17, 0, 0],
						"1.125": [-0.87, 0, 0],
						"1.1667": [-2.33, 0, 0],
						"1.2083": [-4.21, 0, 0],
						"1.25": [-6.5, 0, 0],
						"1.2917": [-8.79, 0, 0],
						"1.3333": [-10.67, 0, 0],
						"1.375": [-12.13, 0, 0],
						"1.4167": [-13.17, 0, 0],
						"1.4583": [-13.79, 0, 0],
						"1.5": [-14, 0, 0],
						"1.5417": [-13.79, 0, 0],
						"1.5833": [-13.17, 0, 0],
						"1.625": [-12.12, 0, 0],
						"1.6667": [-10.67, 0, 0],
						"1.7083": [-8.79, 0, 0],
						"1.75": [-6.5, 0, 0],
						"1.7917": [-4.21, 0, 0],
						"1.8333": [-2.33, 0, 0],
						"1.875": [-0.87, 0, 0],
						"1.9167": [0.17, 0, 0],
						"1.9583": [0.79, 0, 0],
						"2.0": [1, 0, 0]
					}
				},
				"right_ear": {
					"rotation": {
						"0.0": [0, 0, 1.5],
						"0.0417": [0, 0, 1.57],
						"0.0833": [0, 0, 1.78],
						"0.125": [0, 0, 2.13],
						"0.1667": [0, 0, 2.61],
						"0.2083": [0, 0, 3.24],
						"0.25": [0, 0, 4],
						"0.2917": [0, 0, 4.76],
						"0.3333": [0, 0, 5.39],
						"0.375": [0, 0, 5.88],
						"0.4167": [0, 0, 6.22],
						"0.4583": [0, 0, 6.43],
						"0.5": [0, 0, 6.5],
						"0.5417": [0, 0, 6.47],
						"0.5833": [0, 0, 6.4],
						"0.625": [0, 0, 6.27],
						"0.6667": [0, 0, 6.08],
						"0.7083": [0, 0, 5.85],
						"0.75": [0, 0, 5.56],
						"0.7917": [0, 0, 5.22],
						"0.8333": [0, 0, 4.83],
						"0.875": [0, 0, 4.39],
						"0.9167": [0, 0, 3.9],
						"0.9583": [0, 0, 3.35],
						"1.0": [0, 0, 2.75],
						"1.0417": [0, 0, 2.15],
						"1.0833": [0, 0, 1.6],
						"1.125": [0, 0, 1.11],
						"1.1667": [0, 0, 0.67],
						"1.2083": [0, 0, 0.28],
						"1.25": [0, 0, -0.06],
						"1.2917": [0, 0, -0.35],
						"1.3333": [0, 0, -0.58],
						"1.375": [0, 0, -0.77],
						"1.4167": [0, 0, -0.9],
						"1.4583": [0, 0, -0.97],
						"1.5": [0, 0, -1],
						"1.5417": [0, 0, -0.97],
						"1.5833": [0, 0, -0.86],
						"1.625": [0, 0, -0.69],
						"1.6667": [0, 0, -0.44],
						"1.7083": [0, 0, -0.13],
						"1.75": [0, 0, 0.25],
						"1.7917": [0, 0, 0.63],
						"1.8333": [0, 0, 0.94],
						"1.875": [0, 0, 1.19],
						"1.9167": [0, 0, 1.36],
						"1.9583": [0, 0, 1.47],
						"2.0": [0, 0, 1.5]
					}
				},
				"left_ear": {
					"rotation": {
						"0.0": [0, 0, -0.75],
						"0.0417": [0, 0, -0.61],
						"0.0833": [0, 0, -0.19],
						"0.125": [0, 0, 0.5],
						"0.1667": [0, 0, 1.47],
						"0.2083": [0, 0, 2.72],
						"0.25": [0, 0, 4.25],
						"0.2917": [0, 0, 5.78],
						"0.3333": [0, 0, 7.03],
						"0.375": [0, 0, 8],
						"0.4167": [0, 0, 8.69],
						"0.4583": [0, 0, 9.11],
						"0.5": [0, 0, 9.25],
						"0.5417": [0, 0, 9.19],
						"0.5833": [0, 0, 9.01],
						"0.625": [0, 0, 8.7],
						"0.6667": [0, 0, 8.28],
						"0.7083": [0, 0, 7.73],
						"0.75": [0, 0, 7.06],
						"0.7917": [0, 0, 6.27],
						"0.8333": [0, 0, 5.36],
						"0.875": [0, 0, 4.33],
						"0.9167": [0, 0, 3.17],
						"0.9583": [0, 0, 1.9],
						"1.0": [0, 0, 0.5],
						"1.0417": [0, 0, -0.9],
						"1.0833": [0, 0, -2.17],
						"1.125": [0, 0, -3.33],
						"1.1667": [0, 0, -4.36],
						"1.2083": [0, 0, -5.27],
						"1.25": [0, 0, -6.06],
						"1.2917": [0, 0, -6.73],
						"1.3333": [0, 0, -7.28],
						"1.375": [0, 0, -7.7],
						"1.4167": [0, 0, -8.01],
						"1.4583": [0, 0, -8.19],
						"1.5": [0, 0, -8.25],
						"1.5417": [0, 0, -8.15],
						"1.5833": [0, 0, -7.83],
						"1.625": [0, 0, -7.31],
						"1.6667": [0, 0, -6.58],
						"1.7083": [0, 0, -5.65],
						"1.75": [0, 0, -4.5],
						"1.7917": [0, 0, -3.35],
						"1.8333": [0, 0, -2.42],
						"1.875": [0, 0, -1.69],
						"1.9167": [0, 0, -1.17],
						"1.9583": [0, 0, -0.85],
						"2.0": [0, 0, -0.75]
					}
				},
				"cape": {
					"rotation": {
						"0.0": [0.38, 0, 0],
						"0.0417": [0.69, 0, 0],
						"0.0833": [1.63, 0, 0],
						"0.125": [3.19, 0, 0],
						"0.1667": [5.38, 0, 0],
						"0.2083": [8.19, 0, 0],
						"0.25": [11.63, 0, 0],
						"0.2917": [15.07, 0, 0],
						"0.3333": [17.88, 0, 0],
						"0.375": [20.07, 0, 0],
						"0.4167": [21.63, 0, 0],
						"0.4583": [22.57, 0, 0],
						"0.5": [22.88, 0, 0],
						"0.5417": [22.67, 0, 0],
						"0.5833": [22.05, 0, 0],
						"0.625": [21.01, 0, 0],
						"0.6667": [19.55, 0, 0],
						"0.7083": [17.67, 0, 0],
						"0.75": [15.38, 0, 0],
						"0.7917": [13.09, 0, 0],
						"0.8333": [11.21, 0, 0],
						"0.875": [9.76, 0, 0],
						"0.9167": [8.71, 0, 0],
						"0.9583": [8.09, 0, 0],
						"1.0": [7.88, 0, 0],
						"1.0417": [8.09, 0, 0],
						"1.0833": [8.71, 0, 0],
						"1.125": [9.75, 0, 0],
						"1.1667": [11.21, 0, 0],
						"1.2083": [13.09, 0, 0],
						"1.25": [15.38, 0, 0],
						"1.2917": [17.67, 0, 0],
						"1.3333": [19.55, 0, 0],
						"1.375": [21.01, 0, 0],
						"1.4167": [22.05, 0, 0],
						"1.4583": [22.67, 0, 0],
						"1.5": [22.88, 0, 0],
						"1.5417": [22.57, 0, 0],
						"1.5833": [21.63, 0, 0],
						"1.625": [20.07, 0, 0],
						"1.6667": [17.88, 0, 0],
						"1.7083": [15.07, 0, 0],
						"1.75": [11.63, 0, 0],
						"1.7917": [8.19, 0, 0],
						"1.8333": [5.38, 0, 0],
						"1.875": [3.19, 0, 0],
						"1.9167": [1.63, 0, 0],
						"1.9583": [0.69, 0, 0],
						"2.0": [0.38, 0, 0]
					}
				},
				"stone": {
					"rotation": [51.96, 45, 0]
				},
				"body": {
					"position": {
						"0.0": [0, 0, 0],
						"0.0417": [0, -0.02, 0],
						"0.0833": [0, -0.07, 0],
						"0.125": [0, -0.16, 0],
						"0.1667": [0, -0.28, 0],
						"0.2083": [0, -0.43, 0],
						"0.25": [0, -0.62, 0],
						"0.2917": [0, -0.82, 0],
						"0.3333": [0, -0.97, 0],
						"0.375": [0, -1.09, 0],
						"0.4167": [0, -1.18, 0],
						"0.4583": [0, -1.23, 0],
						"0.5": [0, -1.25, 0],
						"0.5417": [0, -1.24, 0],
						"0.5833": [0, -1.19, 0],
						"0.625": [0, -1.13, 0],
						"0.6667": [0, -1.03, 0],
						"0.7083": [0, -0.9, 0],
						"0.75": [0, -0.75, 0],
						"0.7917": [0, -0.6, 0],
						"0.8333": [0, -0.47, 0],
						"0.875": [0, -0.38, 0],
						"0.9167": [0, -0.31, 0],
						"0.9583": [0, -0.26, 0],
						"1.0": [0, -0.25, 0],
						"1.0417": [0, -0.26, 0],
						"1.0833": [0, -0.31, 0],
						"1.125": [0, -0.37, 0],
						"1.1667": [0, -0.47, 0],
						"1.2083": [0, -0.6, 0],
						"1.25": [0, -0.75, 0],
						"1.2917": [0, -0.9, 0],
						"1.3333": [0, -1.03, 0],
						"1.375": [0, -1.13, 0],
						"1.4167": [0, -1.19, 0],
						"1.4583": [0, -1.24, 0],
						"1.5": [0, -1.25, 0],
						"1.5417": [0, -1.23, 0],
						"1.5833": [0, -1.18, 0],
						"1.625": [0, -1.09, 0],
						"1.6667": [0, -0.97, 0],
						"1.7083": [0, -0.82, 0],
						"1.75": [0, -0.62, 0],
						"1.7917": [0, -0.43, 0],
						"1.8333": [0, -0.28, 0],
						"1.875": [0, -0.16, 0],
						"1.9167": [0, -0.07, 0],
						"1.9583": [0, -0.02, 0],
						"2.0": [0, 0, 0]
					}
				},
				"right_legs": {
					"rotation": {
						"0.0": [0, 0, 0],
						"0.0417": [0.49, 0, 0],
						"0.0833": [1.94, 0, 0],
						"0.125": [4.38, 0, 0],
						"0.1667": [7.78, 0, 0],
						"0.2083": [12.15, 0, 0],
						"0.25": [17.5, 0, 0],
						"0.2917": [22.85, 0, 0],
						"0.3333": [27.22, 0, 0],
						"0.375": [30.63, 0, 0],
						"0.4167": [33.06, 0, 0],
						"0.4583": [34.51, 0, 0],
						"0.5": [35, 0, 0],
						"0.5417": [34.79, 0, 0],
						"0.5833": [34.17, 0, 0],
						"0.625": [33.13, 0, 0],
						"0.6667": [31.67, 0, 0],
						"0.7083": [29.79, 0, 0],
						"0.75": [27.5, 0, 0],
						"0.7917": [24.79, 0, 0],
						"0.8333": [21.67, 0, 0],
						"0.875": [18.13, 0, 0],
						"0.9167": [14.17, 0, 0],
						"0.9583": [9.79, 0, 0],
						"1.0": [5, 0, 0],
						"1.0417": [0.21, 0, 0],
						"1.0833": [-4.17, 0, 0],
						"1.125": [-8.12, 0, 0],
						"1.1667": [-11.67, 0, 0],
						"1.2083": [-14.79, 0, 0],
						"1.25": [-17.5, 0, 0],
						"1.2917": [-19.79, 0, 0],
						"1.3333": [-21.67, 0, 0],
						"1.375": [-23.13, 0, 0],
						"1.4167": [-24.17, 0, 0],
						"1.4583": [-24.79, 0, 0],
						"1.5": [-25, 0, 0],
						"1.5417": [-24.65, 0, 0],
						"1.5833": [-23.61, 0, 0],
						"1.625": [-21.87, 0, 0],
						"1.6667": [-19.44, 0, 0],
						"1.7083": [-16.32, 0, 0],
						"1.75": [-12.5, 0, 0],
						"1.7917": [-8.68, 0, 0],
						"1.8333": [-5.56, 0, 0],
						"1.875": [-3.12, 0, 0],
						"1.9167": [-1.39, 0, 0],
						"1.9583": [-0.35, 0, 0],
						"2.0": [0, 0, 0]
					},
					"position": {
						"0.0": [0, 0, 0],
						"0.0417": [0, 0, 0.17],
						"0.0833": [0, 0, 0.33],
						"0.125": [0, 0, 0.5],
						"0.1667": [0, 0, 0.67],
						"0.2083": [0, 0, 0.83],
						"0.25": [0, 0, 1],
						"0.2917": [0, 0, 1.17],
						"0.3333": [0, 0, 1.33],
						"0.375": [0, 0, 1.5],
						"0.4167": [0, 0, 1.67],
						"0.4583": [0, 0, 1.83],
						"0.5": [0, 0, 2],
						"0.5417": [0, 0.04, 1.83],
						"0.5833": [0, 0.08, 1.67],
						"0.625": [0, 0.12, 1.5],
						"0.6667": [0, 0.17, 1.33],
						"0.7083": [0, 0.21, 1.17],
						"0.75": [0, 0.25, 1],
						"0.7917": [0, 0.29, 0.83],
						"0.8333": [0, 0.33, 0.67],
						"0.875": [0, 0.37, 0.5],
						"0.9167": [0, 0.42, 0.33],
						"0.9583": [0, 0.46, 0.17],
						"1.0": [0, 0.5, 0],
						"1.0417": [0, 0.54, -0.17],
						"1.0833": [0, 0.58, -0.33],
						"1.125": [0, 0.62, -0.5],
						"1.1667": [0, 0.67, -0.67],
						"1.2083": [0, 0.71, -0.83],
						"1.25": [0, 0.75, -1],
						"1.2917": [0, 0.79, -1.17],
						"1.3333": [0, 0.83, -1.33],
						"1.375": [0, 0.88, -1.5],
						"1.4167": [0, 0.92, -1.67],
						"1.4583": [0, 0.96, -1.83],
						"1.5": [0, 1, -2],
						"1.5417": [0, 0.92, -1.83],
						"1.5833": [0, 0.83, -1.67],
						"1.625": [0, 0.75, -1.5],
						"1.6667": [0, 0.67, -1.33],
						"1.7083": [0, 0.58, -1.17],
						"1.75": [0, 0.5, -1],
						"1.7917": [0, 0.42, -0.83],
						"1.8333": [0, 0.33, -0.67],
						"1.875": [0, 0.25, -0.5],
						"1.9167": [0, 0.17, -0.33],
						"1.9583": [0, 0.08, -0.17],
						"2.0": [0, 0, 0]
					}
				},
				"left_legs": {
					"rotation": {
						"0.0": [0, 0, 0],
						"0.0417": [-0.35, 0, 0],
						"0.0833": [-1.39, 0, 0],
						"0.125": [-3.12, 0, 0],
						"0.1667": [-5.56, 0, 0],
						"0.2083": [-8.68, 0, 0],
						"0.25": [-12.5, 0, 0],
						"0.2917": [-16.32, 0, 0],
						"0.3333": [-19.44, 0, 0],
						"0.375": [-21.87, 0, 0],
						"0.4167": [-23.61, 0, 0],
						"0.4583": [-24.65, 0, 0],
						"0.5": [-25, 0, 0],
						"0.5417": [-24.79, 0, 0],
						"0.5833": [-24.17, 0, 0],
						"0.625": [-23.13, 0, 0],
						"0.6667": [-21.67, 0, 0],
						"0.7083": [-19.79, 0, 0],
						"0.75": [-17.5, 0, 0],
						"0.7917": [-14.79, 0, 0],
						"0.8333": [-11.67, 0, 0],
						"0.875": [-8.13, 0, 0],
						"0.9167": [-4.17, 0, 0],
						"0.9583": [0.21, 0, 0],
						"1.0": [5, 0, 0],
						"1.0417": [9.79, 0, 0],
						"1.0833": [14.17, 0, 0],
						"1.125": [18.12, 0, 0],
						"1.1667": [21.67, 0, 0],
						"1.2083": [24.79, 0, 0],
						"1.25": [27.5, 0, 0],
						"1.2917": [29.79, 0, 0],
						"1.3333": [31.67, 0, 0],
						"1.375": [33.13, 0, 0],
						"1.4167": [34.17, 0, 0],
						"1.4583": [34.79, 0, 0],
						"1.5": [35, 0, 0],
						"1.5417": [34.51, 0, 0],
						"1.5833": [33.06, 0, 0],
						"1.625": [30.62, 0, 0],
						"1.6667": [27.22, 0, 0],
						"1.7083": [22.85, 0, 0],
						"1.75": [17.5, 0, 0],
						"1.7917": [12.15, 0, 0],
						"1.8333": [7.78, 0, 0],
						"1.875": [4.37, 0, 0],
						"1.9167": [1.94, 0, 0],
						"1.9583": [0.49, 0, 0],
						"2.0": [0, 0, 0]
					},
					"position": {
						"0.0": [0, 0, 0],
						"0.0417": [0, 0.08, -0.17],
						"0.0833": [0, 0.17, -0.33],
						"0.125": [0, 0.25, -0.5],
						"0.1667": [0, 0.33, -0.67],
						"0.2083": [0, 0.42, -0.83],
						"0.25": [0, 0.5, -1],
						"0.2917": [0, 0.58, -1.17],
						"0.3333": [0, 0.67, -1.33],
						"0.375": [0, 0.75, -1.5],
						"0.4167": [0, 0.83, -1.67],
						"0.4583": [0, 0.92, -1.83],
						"0.5": [0, 1, -2],
						"0.5417": [0, 0.96, -1.83],
						"0.5833": [0, 0.92, -1.67],
						"0.625": [0, 0.88, -1.5],
						"0.6667": [0, 0.83, -1.33],
						"0.7083": [0, 0.79, -1.17],
						"0.75": [0, 0.75, -1],
						"0.7917": [0, 0.71, -0.83],
						"0.8333": [0, 0.67, -0.67],
						"0.875": [0, 0.63, -0.5],
						"0.9167": [0, 0.58, -0.33],
						"0.9583": [0, 0.54, -0.17],
						"1.0": [0, 0.5, 0],
						"1.0417": [0, 0.46, 0.17],
						"1.0833": [0, 0.42, 0.33],
						"1.125": [0, 0.38, 0.5],
						"1.1667": [0, 0.33, 0.67],
						"1.2083": [0, 0.29, 0.83],
						"1.25": [0, 0.25, 1],
						"1.2917": [0, 0.21, 1.17],
						"1.3333": [0, 0.17, 1.33],
						"1.375": [0, 0.12, 1.5],
						"1.4167": [0, 0.08, 1.67],
						"1.4583": [0, 0.04, 1.83],
						"1.5": [0, 0, 2],
						"1.5417": [0, 0, 1.83],
						"1.5833": [0, 0, 1.67],
						"1.625": [0, 0, 1.5],
						"1.6667": [0, 0, 1.33],
						"1.7083": [0, 0, 1.17],
						"1.75": [0, 0, 1],
						"1.7917": [0, 0, 0.83],
						"1.8333": [0, 0, 0.67],
						"1.875": [0, 0, 0.5],
						"1.9167": [0, 0, 0.33],
						"1.9583": [0, 0, 0.17],
						"2.0": [0, 0, 0]
					}
				}
			}
		},
		"animation.geometry.pigzombie.summon": {
			"loop": "hold_on_last_frame",
			"animation_length": 3.33333,
			"bones": {
				"staff": {
					"rotation": {
						"1.2083": [0, 0, 0],
						"1.25": [0.66, 0, 0],
						"1.2917": [1.22, 0, 0],
						"1.3333": [1.68, 0, 0],
						"1.375": [2.04, 0, 0],
						"1.4167": [2.3, 0, 0],
						"1.4583": [2.45, 0, 0],
						"1.5": [2.5, 0, 0],
						"1.5417": [2.48, 0, 0],
						"1.5833": [2.42, 0, 0],
						"1.625": [2.32, 0, 0],
						"1.6667": [2.19, 0, 0],
						"1.7083": [2.01, 0, 0],
						"1.75": [1.8, 0, 0],
						"1.7917": [1.54, 0, 0],
						"1.8333": [1.25, 0, 0],
						"1.875": [0.96, 0, 0],
						"1.9167": [0.7, 0, 0],
						"1.9583": [0.49, 0, 0],
						"2.0": [0.31, 0, 0],
						"2.0417": [0.18, 0, 0],
						"2.0833": [0.08, 0, 0],
						"2.125": [0.02, 0, 0],
						"2.1667": [0, 0, 0]
					}
				},
				"body_top": {
					"rotation": {
						"0.5833": [0, 0, 0.22],
						"0.625": [-3.8, 0, 0.22],
						"0.6667": [-7.2, 0, 0.22],
						"0.7083": [-10.2, 0, 0.22],
						"0.75": [-12.8, 0, 0.22],
						"0.7917": [-15, 0, 0.22],
						"0.8333": [-16.8, 0, 0.22],
						"0.875": [-18.2, 0, 0.22],
						"0.9167": [-19.2, 0, 0.22],
						"0.9583": [-19.8, 0, 0.22],
						"1.0": [-20, 0, 0.22],
						"1.0417": [-20, 0, 0.22],
						"1.0833": [-20, 0, 0.22],
						"1.125": [-20, 0, 0.22],
						"1.1667": [-20, 0, 0.22],
						"1.2083": [-20, 0, 0.22],
						"1.25": [-19.15, 0, 0.22],
						"1.2917": [-13.24, 0, 0.22],
						"1.3333": [2.83, 0, 0.22],
						"1.375": [29.67, 0, 0.22],
						"1.4167": [45.74, 0, 0.22],
						"1.4583": [51.65, 0, 0.22],
						"1.5": [52.5, 0, 0.22],
						"1.5417": [52.09, 0, 0.22],
						"1.5833": [49.22, 0, 0.22],
						"1.625": [41.43, 0, 0.22],
						"1.6667": [26.25, 0, 0.22],
						"1.7083": [11.07, 0, 0.22],
						"1.75": [3.28, 0, 0.22],
						"1.7917": [0.41, 0, 0.22],
						"1.8333": [0, 0, 0.22]
					},
					"position": {
						"0.5833": [0, 0, 0],
						"0.625": [0, 0.38, -0.19],
						"0.6667": [0, 0.72, -0.36],
						"0.7083": [0, 1.02, -0.51],
						"0.75": [0, 1.28, -0.64],
						"0.7917": [0, 1.5, -0.75],
						"0.8333": [0, 1.68, -0.84],
						"0.875": [0, 1.82, -0.91],
						"0.9167": [0, 1.92, -0.96],
						"0.9583": [0, 1.98, -0.99],
						"1.0": [0, 2, -1],
						"1.0417": [0, 2, -1],
						"1.0833": [0, 2, -1],
						"1.125": [0, 2, -1],
						"1.1667": [0, 2, -1],
						"1.2083": [0, 2, -1],
						"1.25": [0, 2, -1],
						"1.2917": [0, 2, -1],
						"1.3333": [0, 2, -1],
						"1.375": [0, 2, -1],
						"1.4167": [0, 2, -1],
						"1.4583": [0, 2, -1],
						"1.5": [0, 2, -1],
						"1.5417": [0, 2, -0.78],
						"1.5833": [0, 2, -0.12],
						"1.625": [0, 2, 0.97],
						"1.6667": [0, 2, 2.5],
						"1.7083": [0, 2, 4.03],
						"1.75": [0, 2, 5.13],
						"1.7917": [0, 2, 5.78],
						"1.8333": [0, 2, 6],
						"1.875": [0, 1.97, 5.91],
						"1.9167": [0, 1.87, 5.62],
						"1.9583": [0, 1.72, 5.16],
						"2.0": [0, 1.5, 4.5],
						"2.0417": [0, 1.22, 3.66],
						"2.0833": [0, 0.87, 2.62],
						"2.125": [0, 0.47, 1.41],
						"2.1667": [0, 0, 0]
					},
					"scale": 1.008
				},
				"right_arms": {
					"rotation": {
						"0.3333": [0.87, 0, 0],
						"0.375": [-0.14, -0.26, 0],
						"0.4167": [-3.16, -1.03, 0],
						"0.4583": [-8.19, -2.32, -0.01],
						"0.5": [-15.24, -4.12, -0.02],
						"0.5417": [-24.31, -6.44, -0.02],
						"0.5833": [-35.39, -9.28, -0.04],
						"0.625": [-48.48, -12.63, -0.05],
						"0.6667": [-63.59, -16.5, -0.06],
						"0.7083": [-80.71, -20.88, -0.08],
						"0.75": [-99.84, -25.78, -0.1],
						"0.7917": [-106.76, -22.89, 2.67],
						"0.8333": [-113.02, -20.27, 5.18],
						"0.875": [-118.62, -17.94, 7.42],
						"0.9167": [-123.56, -15.87, 9.39],
						"0.9583": [-127.85, -14.09, 11.11],
						"1.0": [-131.47, -12.57, 12.56],
						"1.0417": [-134.44, -11.33, 13.74],
						"1.0833": [-136.74, -10.37, 14.67],
						"1.125": [-138.39, -9.68, 15.33],
						"1.1667": [-139.38, -9.27, 15.72],
						"1.2083": [-139.71, -9.13, 15.85],
						"1.25": [-139.71, -9.13, 15.85],
						"1.2917": [-139.71, -9.13, 15.85],
						"1.3333": [-139.71, -9.13, 15.85],
						"1.375": [-139.71, -9.13, 15.85],
						"1.4167": [-139.71, -9.13, 15.85],
						"1.4583": [-139.71, -9.13, 15.85],
						"1.5": [-139.71, -9.13, 15.85],
						"1.5417": [-139.71, -9.13, 15.85],
						"1.5833": [-139.71, -9.13, 15.85],
						"1.625": [-139.71, -9.13, 15.85],
						"1.6667": [-139.71, -9.13, 15.85],
						"1.7083": [-139.71, -9.13, 15.85],
						"1.75": [-139.71, -9.13, 15.85],
						"1.7917": [-136.9, -8.95, 15.54],
						"1.8333": [-128.46, -8.4, 14.59],
						"1.875": [-114.4, -7.49, 13],
						"1.9167": [-94.72, -6.21, 10.78],
						"1.9583": [-69.42, -4.57, 7.93],
						"2.0": [-44.11, -2.92, 5.07],
						"2.0417": [-24.43, -1.64, 2.85],
						"2.0833": [-10.38, -0.73, 1.27],
						"2.125": [-1.94, -0.18, 0.32],
						"2.1667": [0.87, 0, 0]
					},
					"position": {
						"0.3333": [0, 0, 0],
						"0.375": [0.38, 0, -0.57],
						"0.4167": [0.72, 0, -1.08],
						"0.4583": [1.02, 0, -1.53],
						"0.5": [1.28, 0, -1.92],
						"0.5417": [1.5, 0, -2.25],
						"0.5833": [1.68, 0, -2.52],
						"0.625": [1.82, 0, -2.73],
						"0.6667": [1.92, 0, -2.88],
						"0.7083": [1.98, 0, -2.97],
						"0.75": [2, 0, -3],
						"0.7917": [2, 0.02, -2.98],
						"0.8333": [2, 0.07, -2.93],
						"0.875": [2, 0.15, -2.85],
						"0.9167": [2, 0.26, -2.74],
						"0.9583": [2, 0.41, -2.59],
						"1.0": [2, 0.59, -2.41],
						"1.0417": [2, 0.74, -2.26],
						"1.0833": [2, 0.85, -2.15],
						"1.125": [2, 0.93, -2.07],
						"1.1667": [2, 0.98, -2.02],
						"1.2083": [2, 1, -2],
						"1.25": [2, 1, -2],
						"1.2917": [2, 1, -2],
						"1.3333": [2, 1, -2],
						"1.375": [2, 1, -2],
						"1.4167": [2, 1, -2],
						"1.4583": [2, 1, -2],
						"1.5": [2, 1, -2],
						"1.5417": [2, 1, -2],
						"1.5833": [2, 1, -2],
						"1.625": [2, 1, -2],
						"1.6667": [2, 1, -2],
						"1.7083": [2, 1, -2],
						"1.75": [2, 1, -2],
						"1.7917": [1.98, 0.99, -1.98],
						"1.8333": [1.92, 0.96, -1.92],
						"1.875": [1.82, 0.91, -1.82],
						"1.9167": [1.68, 0.84, -1.68],
						"1.9583": [1.5, 0.75, -1.5],
						"2.0": [1.28, 0.64, -1.28],
						"2.0417": [1.02, 0.51, -1.02],
						"2.0833": [0.72, 0.36, -0.72],
						"2.125": [0.38, 0.19, -0.38],
						"2.1667": [0, 0, 0]
					}
				},
				"left_arms": {
					"rotation": {
						"0.25": [1, 0, -0.25],
						"0.2917": [-0.04, 0.28, -0.42],
						"0.3333": [-3.18, 1.13, -0.91],
						"0.375": [-8.4, 2.55, -1.74],
						"0.4167": [-15.72, 4.54, -2.9],
						"0.4583": [-25.12, 7.09, -4.39],
						"0.5": [-36.62, 10.21, -6.21],
						"0.5417": [-50.2, 13.9, -8.36],
						"0.5833": [-65.88, 18.15, -10.85],
						"0.625": [-83.64, 22.97, -13.66],
						"0.6667": [-103.5, 28.36, -16.81],
						"0.7083": [-113.71, 25.99, -18.5],
						"0.75": [-122.23, 24.02, -19.91],
						"0.7917": [-129.2, 22.41, -21.07],
						"0.8333": [-134.78, 21.12, -21.99],
						"0.875": [-139.13, 20.11, -22.71],
						"0.9167": [-142.4, 19.35, -23.25],
						"0.9583": [-144.74, 18.81, -23.64],
						"1.0": [-146.31, 18.45, -23.9],
						"1.0417": [-147.26, 18.23, -24.06],
						"1.0833": [-147.75, 18.12, -24.14],
						"1.125": [-147.93, 18.07, -24.17],
						"1.1667": [-147.96, 18.07, -24.18],
						"1.2083": [-147.96, 18.07, -24.18],
						"1.25": [-147.96, 18.07, -24.18],
						"1.2917": [-147.96, 18.07, -24.18],
						"1.3333": [-147.96, 18.07, -24.18],
						"1.375": [-147.96, 18.07, -24.18],
						"1.4167": [-147.96, 18.07, -24.18],
						"1.4583": [-147.96, 18.07, -24.18],
						"1.5": [-147.96, 18.07, -24.18],
						"1.5417": [-147.96, 18.07, -24.18],
						"1.5833": [-147.96, 18.07, -24.18],
						"1.625": [-147.96, 18.07, -24.18],
						"1.6667": [-147.96, 18.07, -24.18],
						"1.7083": [-144.98, 17.71, -23.7],
						"1.75": [-136.04, 16.62, -22.26],
						"1.7917": [-121.14, 14.82, -19.87],
						"1.8333": [-100.29, 12.29, -16.52],
						"1.875": [-73.48, 9.03, -12.21],
						"1.9167": [-46.67, 5.78, -7.91],
						"1.9583": [-25.81, 3.25, -4.56],
						"2.0": [-10.92, 1.45, -2.16],
						"2.0417": [-1.98, 0.36, -0.73],
						"2.0833": [1, 0, -0.25]
					},
					"position": {
						"0.25": [0, 0, 0],
						"0.2917": [0, 0, -0.3],
						"0.3333": [0, 0, -0.6],
						"0.375": [0, 0, -0.9],
						"0.4167": [0, 0, -1.2],
						"0.4583": [0, 0, -1.5],
						"0.5": [0, 0, -1.8],
						"0.5417": [0, 0, -2.1],
						"0.5833": [0, 0, -2.4],
						"0.625": [0, 0, -2.7],
						"0.6667": [0, 0, -3],
						"0.7083": [0, 0.17, -2.92],
						"0.75": [0, 0.33, -2.83],
						"0.7917": [0, 0.5, -2.75],
						"0.8333": [0, 0.67, -2.67],
						"0.875": [0, 0.83, -2.58],
						"0.9167": [0, 1, -2.5],
						"0.9583": [0, 1.17, -2.42],
						"1.0": [0, 1.33, -2.33],
						"1.0417": [0, 1.5, -2.25],
						"1.0833": [0, 1.67, -2.17],
						"1.125": [0, 1.83, -2.08],
						"1.1667": [0, 2, -2],
						"1.2083": [0, 2, -2],
						"1.25": [0, 2, -2],
						"1.2917": [0, 2, -2],
						"1.3333": [0, 2, -2],
						"1.375": [0, 2, -2],
						"1.4167": [0, 2, -2],
						"1.4583": [0, 2, -2],
						"1.5": [0, 2, -2],
						"1.5417": [0, 2, -2],
						"1.5833": [0, 2, -2],
						"1.625": [0, 2, -2],
						"1.6667": [0, 2, -2],
						"1.7083": [0, 1.8, -1.8],
						"1.75": [0, 1.6, -1.6],
						"1.7917": [0, 1.4, -1.4],
						"1.8333": [0, 1.2, -1.2],
						"1.875": [0, 1, -1],
						"1.9167": [0, 0.8, -0.8],
						"1.9583": [0, 0.6, -0.6],
						"2.0": [0, 0.4, -0.4],
						"2.0417": [0, 0.2, -0.2],
						"2.0833": [0, 0, 0]
					}
				},
				"head": {
					"rotation": {
						"0.5": [0.65, 0, 0.38],
						"0.5417": [0.2, 0, 0.38],
						"0.5833": [-1.15, 0, 0.38],
						"0.625": [-3.4, 0, 0.38],
						"0.6667": [-6.55, 0, 0.38],
						"0.7083": [-10.6, 0, 0.38],
						"0.75": [-14.65, 0, 0.38],
						"0.7917": [-17.8, 0, 0.38],
						"0.8333": [-20.05, 0, 0.38],
						"0.875": [-21.4, 0, 0.38],
						"0.9167": [-21.85, 0, 0.38],
						"0.9583": [-21.85, 0, 0.38],
						"1.0": [-21.85, 0, 0.38],
						"1.0417": [-21.85, 0, 0.38],
						"1.0833": [-21.85, 0, 0.38],
						"1.125": [-21.85, 0, 0.38],
						"1.1667": [-21.85, 0, 0.38],
						"1.2083": [-21.85, 0, 0.38],
						"1.25": [-20.63, 0, 0.38],
						"1.2917": [-16.95, 0, 0.38],
						"1.3333": [-10.83, 0, 0.38],
						"1.375": [-2.87, 0, 0.38],
						"1.4167": [3.25, 0, 0.38],
						"1.4583": [6.93, 0, 0.38],
						"1.5": [8.15, 0, 0.38],
						"1.5417": [8.12, 0, 0.38],
						"1.5833": [8.03, 0, 0.38],
						"1.625": [7.89, 0, 0.38],
						"1.6667": [7.68, 0, 0.38],
						"1.7083": [7.42, 0, 0.38],
						"1.75": [7.1, 0, 0.38],
						"1.7917": [6.71, 0, 0.38],
						"1.8333": [6.27, 0, 0.38],
						"1.875": [5.78, 0, 0.38],
						"1.9167": [5.22, 0, 0.38],
						"1.9583": [4.61, 0, 0.38],
						"2.0": [3.93, 0, 0.38],
						"2.0417": [3.2, 0, 0.38],
						"2.0833": [2.41, 0, 0.38],
						"2.125": [1.56, 0, 0.38],
						"2.1667": [0.65, 0, 0.38]
					}
				},
				"hair": {
					"rotation": {
						"0.5": [0, 0, 0.5],
						"0.5417": [6.39, 0, 0.5],
						"0.5833": [12.22, 0, 0.5],
						"0.625": [17.5, 0, 0.5],
						"0.6667": [22.22, 0, 0.5],
						"0.7083": [26.39, 0, 0.5],
						"0.75": [30, 0, 0.5],
						"0.7917": [33.06, 0, 0.5],
						"0.8333": [35.56, 0, 0.5],
						"0.875": [37.5, 0, 0.5],
						"0.9167": [38.89, 0, 0.5],
						"0.9583": [39.72, 0, 0.5],
						"1.0": [40, 0, 0.5],
						"1.0417": [40, 0, 0.5],
						"1.0833": [40, 0, 0.5],
						"1.125": [40, 0, 0.5],
						"1.1667": [40, 0, 0.5],
						"1.2083": [40, 0, 0.5],
						"1.25": [37.96, 0, 0.5],
						"1.2917": [31.84, 0, 0.5],
						"1.3333": [21.63, 0, 0.5],
						"1.375": [8.37, 0, 0.5],
						"1.4167": [-1.84, 0, 0.5],
						"1.4583": [-7.96, 0, 0.5],
						"1.5": [-10, 0, 0.5],
						"1.5417": [-9.96, 0, 0.5],
						"1.5833": [-9.84, 0, 0.5],
						"1.625": [-9.65, 0, 0.5],
						"1.6667": [-9.37, 0, 0.5],
						"1.7083": [-9.02, 0, 0.5],
						"1.75": [-8.59, 0, 0.5],
						"1.7917": [-8.09, 0, 0.5],
						"1.8333": [-7.5, 0, 0.5],
						"1.875": [-6.84, 0, 0.5],
						"1.9167": [-6.09, 0, 0.5],
						"1.9583": [-5.27, 0, 0.5],
						"2.0": [-4.37, 0, 0.5],
						"2.0417": [-3.4, 0, 0.5],
						"2.0833": [-2.34, 0, 0.5],
						"2.125": [-1.21, 0, 0.5],
						"2.1667": [0, 0, 0.5]
					}
				},
				"ring": {
					"rotation": [1, 0, 0]
				},
				"right_ear": {
					"rotation": [0, 0, 1.5]
				},
				"left_ear": {
					"rotation": [0, 0, -0.75]
				},
				"cape": {
					"rotation": {
						"0.0": [0.38, 0, 0],
						"0.0417": [0.38, 0, 0],
						"0.0833": [0.4, 0, 0],
						"0.125": [0.45, 0, 0],
						"0.1667": [0.55, 0, 0],
						"0.2083": [0.72, 0, 0],
						"0.25": [0.97, 0, 0],
						"0.2917": [1.32, 0, 0],
						"0.3333": [1.78, 0, 0],
						"0.375": [2.37, 0, 0],
						"0.4167": [3.11, 0, 0],
						"0.4583": [4.02, 0, 0],
						"0.5": [5.1, 0, 0],
						"0.5417": [6.38, 0, 0],
						"0.5833": [7.88, 0, 0],
						"0.625": [10.25, 0, 0],
						"0.6667": [12.38, 0, 0],
						"0.7083": [14.25, 0, 0],
						"0.75": [15.88, 0, 0],
						"0.7917": [17.25, 0, 0],
						"0.8333": [18.38, 0, 0],
						"0.875": [19.25, 0, 0],
						"0.9167": [19.88, 0, 0],
						"0.9583": [20.25, 0, 0],
						"1.0": [20.38, 0, 0],
						"1.0417": [20.38, 0, 0],
						"1.0833": [20.38, 0, 0],
						"1.125": [20.38, 0, 0],
						"1.1667": [20.38, 0, 0],
						"1.2083": [20.38, 0, 0],
						"1.25": [19.36, 0, 0],
						"1.2917": [16.3, 0, 0],
						"1.3333": [11.2, 0, 0],
						"1.375": [4.56, 0, 0],
						"1.4167": [-0.54, 0, 0],
						"1.4583": [-3.6, 0, 0],
						"1.5": [-4.62, 0, 0],
						"1.5417": [-4.62, 0, 0],
						"1.5833": [-4.6, 0, 0],
						"1.625": [-4.54, 0, 0],
						"1.6667": [-4.42, 0, 0],
						"1.7083": [-4.24, 0, 0],
						"1.75": [-3.96, 0, 0],
						"1.7917": [-3.57, 0, 0],
						"1.8333": [-3.06, 0, 0],
						"1.875": [-2.4, 0, 0],
						"1.9167": [-1.57, 0, 0],
						"1.9583": [-0.56, 0, 0],
						"2.0": [0.65, 0, 0],
						"2.0417": [2.08, 0, 0],
						"2.0833": [3.75, 0, 0],
						"2.125": [5.68, 0, 0],
						"2.1667": [7.88, 0, 0]
					}
				},
				"stone": {
					"rotation": [51.96, 45, 0]
				},
				"body": {
					"position": {
						"0.0": [0, 0, 0],
						"0.0417": [0, -0.03, -0.11],
						"0.0833": [0, -0.11, -0.44],
						"0.125": [0, -0.25, -1],
						"0.1667": [0, -0.44, -1.78],
						"0.2083": [0, -0.69, -2.78],
						"0.25": [0, -1, -4],
						"0.2917": [0, -1.61, -5.22],
						"0.3333": [0, -2.11, -6.22],
						"0.375": [0, -2.5, -7],
						"0.4167": [0, -2.78, -7.56],
						"0.4583": [0, -2.94, -7.89],
						"0.5": [0, -3, -8],
						"0.5417": [0, -3, -8],
						"0.5833": [0, -3, -8],
						"0.625": [0, -3, -8],
						"0.6667": [0, -3, -8],
						"0.7083": [0, -3, -8],
						"0.75": [0, -3, -8],
						"0.7917": [0, -3, -8],
						"0.8333": [0, -3, -8],
						"0.875": [0, -3, -8],
						"0.9167": [0, -3, -8],
						"0.9583": [0, -3, -8],
						"1.0": [0, -3, -8],
						"1.0417": [0, -3, -8],
						"1.0833": [0, -3, -8],
						"1.125": [0, -3, -8],
						"1.1667": [0, -3, -8],
						"1.2083": [0, -3, -8],
						"1.25": [0, -3, -8],
						"1.2917": [0, -3, -8],
						"1.3333": [0, -3, -8],
						"1.375": [0, -3, -8],
						"1.4167": [0, -3, -8],
						"1.4583": [0, -3, -8],
						"1.5": [0, -3, -8],
						"1.5417": [0, -3, -8],
						"1.5833": [0, -3, -8],
						"1.625": [0, -3, -8],
						"1.6667": [0, -3, -8],
						"1.7083": [0, -3, -8],
						"1.75": [0, -3, -8],
						"1.7917": [0, -3, -8],
						"1.8333": [0, -3, -8],
						"1.875": [0, -2.95, -7.87],
						"1.9167": [0, -2.81, -7.5],
						"1.9583": [0, -2.58, -6.87],
						"2.0": [0, -2.25, -6],
						"2.0417": [0, -1.83, -4.87],
						"2.0833": [0, -1.31, -3.5],
						"2.125": [0, -0.7, -1.87],
						"2.1667": [0, 0, 0]
					}
				},
				"right_legs": {
					"rotation": {
						"0.0": [0, 0, 0],
						"0.0417": [4.58, 0, 0],
						"0.0833": [8.33, 0, 0],
						"0.125": [11.25, 0, 0],
						"0.1667": [13.33, 0, 0],
						"0.2083": [14.58, 0, 0],
						"0.25": [15, 0, 0],
						"0.2917": [14.17, 0, 0],
						"0.3333": [11.67, 0, 0],
						"0.375": [7.5, 0, 0],
						"0.4167": [3.33, 0, 0],
						"0.4583": [0.83, 0, 0],
						"0.5": [0, 0, 0],
						"0.5417": [0, 0, 0],
						"0.5833": [0, 0, 0],
						"0.625": [0, 0, 0],
						"0.6667": [0, 0, 0],
						"0.7083": [0, 0, 0],
						"0.75": [0, 0, 0],
						"0.7917": [0, 0, 0],
						"0.8333": [0, 0, 0],
						"0.875": [0, 0, 0],
						"0.9167": [0, 0, 0],
						"0.9583": [0, 0, 0],
						"1.0": [0, 0, 0],
						"1.0417": [0, 0, 0],
						"1.0833": [0, 0, 0],
						"1.125": [0, 0, 0],
						"1.1667": [0, 0, 0],
						"1.2083": [0, 0, 0],
						"1.25": [0, 0, 0],
						"1.2917": [0, 0, 0],
						"1.3333": [0, 0, 0],
						"1.375": [0, 0, 0],
						"1.4167": [0, 0, 0],
						"1.4583": [0.35, 0, 0],
						"1.5": [1.4, 0, 0],
						"1.5417": [3.15, 0, 0],
						"1.5833": [5.6, 0, 0],
						"1.625": [8.75, 0, 0],
						"1.6667": [11.9, 0, 0],
						"1.7083": [14.35, 0, 0],
						"1.75": [16.1, 0, 0],
						"1.7917": [17.15, 0, 0],
						"1.8333": [17.5, 0, 0],
						"1.875": [17.23, 0, 0],
						"1.9167": [16.41, 0, 0],
						"1.9583": [15.04, 0, 0],
						"2.0": [13.12, 0, 0],
						"2.0417": [10.66, 0, 0],
						"2.0833": [7.66, 0, 0],
						"2.125": [4.1, 0, 0],
						"2.1667": [0, 0, 0]
					},
					"position": {
						"0.0": [0, 0, 0],
						"0.0417": [0, 0.61, -0.92],
						"0.0833": [0, 1.11, -1.67],
						"0.125": [0, 1.5, -2.25],
						"0.1667": [0, 1.78, -2.67],
						"0.2083": [0, 1.94, -2.92],
						"0.25": [0, 2, -3],
						"0.2917": [0, 2.06, -2.94],
						"0.3333": [0, 2.22, -2.78],
						"0.375": [0, 2.5, -2.5],
						"0.4167": [0, 2.78, -2.22],
						"0.4583": [0, 2.94, -2.06],
						"0.5": [0, 3, -2],
						"0.5417": [0, 3, -2],
						"0.5833": [0, 3, -2],
						"0.625": [0, 3, -2],
						"0.6667": [0, 3, -2],
						"0.7083": [0, 3, -2],
						"0.75": [0, 3, -2],
						"0.7917": [0, 3, -2],
						"0.8333": [0, 3, -2],
						"0.875": [0, 3, -2],
						"0.9167": [0, 3, -2],
						"0.9583": [0, 3, -2],
						"1.0": [0, 3, -2],
						"1.0417": [0, 3, -2],
						"1.0833": [0, 3, -2],
						"1.125": [0, 3, -2],
						"1.1667": [0, 3, -2],
						"1.2083": [0, 3, -2],
						"1.25": [0, 3, -2],
						"1.2917": [0, 3, -2],
						"1.3333": [0, 3, -2],
						"1.375": [0, 3, -2],
						"1.4167": [0, 3, -2],
						"1.4583": [0, 3, -1.84],
						"1.5": [0, 3, -1.36],
						"1.5417": [0, 3, -0.56],
						"1.5833": [0, 3, 0.56],
						"1.625": [0, 3, 2],
						"1.6667": [0, 3, 3.44],
						"1.7083": [0, 3, 4.56],
						"1.75": [0, 3, 5.36],
						"1.7917": [0, 3, 5.84],
						"1.8333": [0, 3, 6],
						"1.875": [0, 2.95, 5.91],
						"1.9167": [0, 2.81, 5.62],
						"1.9583": [0, 2.58, 5.16],
						"2.0": [0, 2.25, 4.5],
						"2.0417": [0, 1.83, 3.66],
						"2.0833": [0, 1.31, 2.62],
						"2.125": [0, 0.7, 1.41],
						"2.1667": [0, 0, 0]
					}
				},
				"left_legs": {
					"rotation": {
						"0.0": [0, 0, 0],
						"0.0417": [0.49, 0, 0],
						"0.0833": [1.94, 0, 0],
						"0.125": [4.38, 0, 0],
						"0.1667": [7.78, 0, 0],
						"0.2083": [12.15, 0, 0],
						"0.25": [17.5, 0, 0],
						"0.2917": [24.37, 0, 0],
						"0.3333": [30, 0, 0],
						"0.375": [34.38, 0, 0],
						"0.4167": [37.5, 0, 0],
						"0.4583": [39.38, 0, 0],
						"0.5": [40, 0, 0],
						"0.5417": [40, 0, 0],
						"0.5833": [40, 0, 0],
						"0.625": [40, 0, 0],
						"0.6667": [40, 0, 0],
						"0.7083": [40, 0, 0],
						"0.75": [40, 0, 0],
						"0.7917": [40, 0, 0],
						"0.8333": [40, 0, 0],
						"0.875": [40, 0, 0],
						"0.9167": [40, 0, 0],
						"0.9583": [40, 0, 0],
						"1.0": [40, 0, 0],
						"1.0417": [40, 0, 0],
						"1.0833": [40, 0, 0],
						"1.125": [40, 0, 0],
						"1.1667": [40, 0, 0],
						"1.2083": [39.97, 0, 0],
						"1.25": [39.72, 0, 0],
						"1.2917": [39.06, 0, 0],
						"1.3333": [37.78, 0, 0],
						"1.375": [35.66, 0, 0],
						"1.4167": [32.5, 0, 0],
						"1.4583": [23, 0, 0],
						"1.5": [14.5, 0, 0],
						"1.5417": [7, 0, 0],
						"1.5833": [0.5, 0, 0],
						"1.625": [-5, 0, 0],
						"1.6667": [-9.5, 0, 0],
						"1.7083": [-13, 0, 0],
						"1.75": [-15.5, 0, 0],
						"1.7917": [-17, 0, 0],
						"1.8333": [-17.5, 0, 0],
						"1.875": [-17.23, 0, 0],
						"1.9167": [-16.41, 0, 0],
						"1.9583": [-15.04, 0, 0],
						"2.0": [-13.12, 0, 0],
						"2.0417": [-10.66, 0, 0],
						"2.0833": [-7.66, 0, 0],
						"2.125": [-4.1, 0, 0],
						"2.1667": [0, 0, 0]
					},
					"position": {
						"0.0": [0, 0, 0],
						"0.0417": [0, 0.31, 0.61],
						"0.0833": [0, 0.56, 1.11],
						"0.125": [0, 0.75, 1.5],
						"0.1667": [0, 0.89, 1.78],
						"0.2083": [0, 0.97, 1.94],
						"0.25": [0, 1, 2],
						"0.2917": [0, 1, 1.94],
						"0.3333": [0, 1, 1.78],
						"0.375": [0, 1, 1.5],
						"0.4167": [0, 1, 1.22],
						"0.4583": [0, 1, 1.06],
						"0.5": [0, 1, 1],
						"0.5417": [0, 1, 1],
						"0.5833": [0, 1, 1],
						"0.625": [0, 1, 1],
						"0.6667": [0, 1, 1],
						"0.7083": [0, 1, 1],
						"0.75": [0, 1, 1],
						"0.7917": [0, 1, 1],
						"0.8333": [0, 1, 1],
						"0.875": [0, 1, 1],
						"0.9167": [0, 1, 1],
						"0.9583": [0, 1, 1],
						"1.0": [0, 1, 1],
						"1.0417": [0, 1, 1],
						"1.0833": [0, 1, 1],
						"1.125": [0, 1, 1],
						"1.1667": [0, 1, 1],
						"1.2083": [0, 1.06, 0.89],
						"1.25": [0, 1.22, 0.56],
						"1.2917": [0, 1.5, 0],
						"1.3333": [0, 1.78, -0.56],
						"1.375": [0, 1.94, -0.89],
						"1.4167": [0, 2, -1],
						"1.4583": [0, 2.02, -0.88],
						"1.5": [0, 2.08, -0.52],
						"1.5417": [0, 2.18, 0.08],
						"1.5833": [0, 2.32, 0.92],
						"1.625": [0, 2.5, 2],
						"1.6667": [0, 2.68, 3.08],
						"1.7083": [0, 2.82, 3.92],
						"1.75": [0, 2.92, 4.52],
						"1.7917": [0, 2.98, 4.88],
						"1.8333": [0, 3, 5],
						"1.875": [0, 2.94, 4.9],
						"1.9167": [0, 2.77, 4.62],
						"1.9583": [0, 2.49, 4.16],
						"2.0": [0, 2.12, 3.54],
						"2.0417": [0, 1.67, 2.78],
						"2.0833": [0, 1.15, 1.91],
						"2.125": [0, 0.59, 0.98],
						"2.1667": [0, 0, 0]
					}
				}
			},
			"particle_effects": {}
		},
		"animation.geometry.pigzombie.death": {
			"animation_length": 2,
			"bones": {
				"staff": {
					"rotation": [0, 0, 0]
				},
				"body_top": {
					"rotation": {
						"0.125": [0, 0, 0.22],
						"0.1667": [8.69, 1.58, -1.52],
						"0.2083": [16.22, 2.95, -3.02],
						"0.25": [22.59, 4.11, -4.29],
						"0.2917": [27.8, 5.05, -5.34],
						"0.3333": [31.85, 5.79, -6.15],
						"0.375": [34.75, 6.32, -6.72],
						"0.4167": [36.48, 6.63, -7.07],
						"0.4583": [37.06, 6.74, -7.19],
						"0.5": [36.99, 6.74, -7.19],
						"0.5417": [36.75, 6.74, -7.19],
						"0.5833": [36.36, 6.74, -7.19],
						"0.625": [35.81, 6.74, -7.19],
						"0.6667": [35.11, 6.74, -7.19],
						"0.7083": [34.25, 6.74, -7.19],
						"0.75": [33.23, 6.74, -7.19],
						"0.7917": [32.06, 6.74, -7.19],
						"0.8333": [30.89, 6.74, -7.19],
						"0.875": [29.87, 6.74, -7.19],
						"0.9167": [29.01, 6.74, -7.19],
						"0.9583": [28.31, 6.74, -7.19],
						"1.0": [27.76, 6.74, -7.19],
						"1.0417": [27.37, 6.74, -7.19],
						"1.0833": [27.14, 6.74, -7.19],
						"1.125": [27.06, 6.74, -7.19]
					},
					"scale": 1.008
				},
				"right_arms": {
					"rotation": {
						"0.1667": [0.87, 0, 0],
						"0.2083": [-16.8, 4.62, 3.49],
						"0.25": [-32.12, 8.63, 6.51],
						"0.2917": [-45.08, 12.01, 9.06],
						"0.3333": [-55.69, 14.79, 11.15],
						"0.375": [-63.93, 16.94, 12.78],
						"0.4167": [-69.82, 18.48, 13.94],
						"0.4583": [-73.36, 19.41, 14.64],
						"0.5": [-74.54, 19.72, 14.87],
						"0.5417": [-73.96, 20.18, 15.36],
						"0.5833": [-72.24, 21.56, 16.82],
						"0.625": [-69.38, 23.87, 19.26],
						"0.6667": [-65.36, 27.1, 22.67],
						"0.7083": [-60.2, 31.26, 27.06],
						"0.75": [-53.89, 36.34, 32.42],
						"0.7917": [-46.44, 42.34, 38.75],
						"0.8333": [-37.83, 49.27, 46.07],
						"0.875": [-29.23, 56.2, 53.38],
						"0.9167": [-21.78, 62.2, 59.71],
						"0.9583": [-15.47, 67.28, 65.07],
						"1.0": [-10.31, 71.44, 69.46],
						"1.0417": [-6.29, 74.67, 72.87],
						"1.0833": [-3.43, 76.98, 75.31],
						"1.125": [-1.7, 78.36, 76.77],
						"1.1667": [-1.13, 78.83, 77.26]
					},
					"position": {
						"0.1667": [0, 0, 0],
						"0.2083": [0, 0, -0.47],
						"0.25": [0, 0, -0.87],
						"0.2917": [0, 0, -1.22],
						"0.3333": [0, 0, -1.5],
						"0.375": [0, 0, -1.72],
						"0.4167": [0, 0, -1.87],
						"0.4583": [0, 0, -1.97],
						"0.5": [0, 0, -2],
						"0.5417": [-0.01, 0, -1.99],
						"0.5833": [-0.03, 0, -1.97],
						"0.625": [-0.07, 0, -1.93],
						"0.6667": [-0.12, 0, -1.88],
						"0.7083": [-0.2, 0, -1.8],
						"0.75": [-0.28, 0, -1.72],
						"0.7917": [-0.38, 0, -1.62],
						"0.8333": [-0.5, 0, -1.5],
						"0.875": [-0.62, 0, -1.38],
						"0.9167": [-0.72, 0, -1.28],
						"0.9583": [-0.8, 0, -1.2],
						"1.0": [-0.87, 0, -1.13],
						"1.0417": [-0.93, 0, -1.07],
						"1.0833": [-0.97, 0, -1.03],
						"1.125": [-0.99, 0, -1.01],
						"1.1667": [-1, 0, -1]
					}
				},
				"left_arms": {
					"rotation": {
						"0.0833": [1, 0, -0.25],
						"0.125": [-8.05, -2.31, -8.1],
						"0.1667": [-15.89, -4.3, -14.91],
						"0.2083": [-22.52, -5.99, -20.67],
						"0.25": [-27.95, -7.38, -25.38],
						"0.2917": [-32.18, -8.45, -29.05],
						"0.3333": [-35.19, -9.22, -31.67],
						"0.375": [-37, -9.68, -33.24],
						"0.4167": [-37.6, -9.84, -33.76],
						"0.4583": [-37.06, -10.39, -34.54],
						"0.5": [-35.41, -12.03, -36.87],
						"0.5417": [-32.67, -14.77, -40.75],
						"0.5833": [-28.83, -18.61, -46.18],
						"0.625": [-23.89, -23.55, -53.17],
						"0.6667": [-17.85, -29.58, -61.71],
						"0.7083": [-10.72, -36.71, -71.8],
						"0.75": [-2.49, -44.93, -83.44],
						"0.7917": [5.74, -53.16, -95.08],
						"0.8333": [12.87, -60.29, -105.18],
						"0.875": [18.91, -66.32, -113.71],
						"0.9167": [23.84, -71.26, -120.7],
						"0.9583": [27.68, -75.1, -126.13],
						"1.0": [30.43, -77.84, -130.02],
						"1.0417": [32.07, -79.48, -132.34],
						"1.0833": [32.62, -80.03, -133.12]
					},
					"position": {
						"0.0833": [0, 0, 0],
						"0.125": [0, -0.23, -0.47],
						"0.1667": [0, -0.44, -0.87],
						"0.2083": [0, -0.61, -1.22],
						"0.25": [0, -0.75, -1.5],
						"0.2917": [0, -0.86, -1.72],
						"0.3333": [0, -0.94, -1.87],
						"0.375": [0, -0.98, -1.97],
						"0.4167": [0, -1, -2],
						"0.4583": [0.02, -0.99, -1.99],
						"0.5": [0.06, -0.97, -1.97],
						"0.5417": [0.14, -0.93, -1.93],
						"0.5833": [0.25, -0.88, -1.87],
						"0.625": [0.39, -0.8, -1.8],
						"0.6667": [0.56, -0.72, -1.72],
						"0.7083": [0.77, -0.62, -1.62],
						"0.75": [1, -0.5, -1.5],
						"0.7917": [1.23, -0.38, -1.38],
						"0.8333": [1.44, -0.28, -1.28],
						"0.875": [1.61, -0.2, -1.2],
						"0.9167": [1.75, -0.13, -1.13],
						"0.9583": [1.86, -0.07, -1.07],
						"1.0": [1.94, -0.03, -1.03],
						"1.0417": [1.98, -0.01, -1.01],
						"1.0833": [2, 0, -1]
					}
				},
				"head": {
					"rotation": {
						"0.0": [0.65, 0, 0.38],
						"0.0417": [4.11, 0.5, 2.95],
						"0.0833": [7.11, 0.93, 5.18],
						"0.125": [9.65, 1.3, 7.06],
						"0.1667": [11.73, 1.6, 8.6],
						"0.2083": [13.34, 1.84, 9.8],
						"0.25": [14.49, 2, 10.66],
						"0.2917": [15.19, 2.1, 11.17],
						"0.3333": [15.42, 2.14, 11.35],
						"0.375": [15.22, 2.14, 11.35],
						"0.4167": [14.64, 2.14, 11.35],
						"0.4583": [13.66, 2.14, 11.35],
						"0.5": [12.29, 2.14, 11.35],
						"0.5417": [10.53, 2.14, 11.35],
						"0.5833": [8.39, 2.14, 11.35],
						"0.625": [5.85, 2.14, 11.35],
						"0.6667": [2.92, 2.14, 11.35],
						"0.7083": [-0.01, 2.14, 11.35],
						"0.75": [-2.55, 2.14, 11.35],
						"0.7917": [-4.7, 2.14, 11.35],
						"0.8333": [-6.46, 2.14, 11.35],
						"0.875": [-7.82, 2.14, 11.35],
						"0.9167": [-8.8, 2.14, 11.35],
						"0.9583": [-9.39, 2.14, 11.35],
						"1.0": [-9.58, 2.14, 11.35]
					}
				},
				"hair": {
					"rotation": {
						"0.0833": [0, 0, 0.5],
						"0.125": [-4.1, 0, 0.5],
						"0.1667": [-7.66, 0, 0.5],
						"0.2083": [-10.66, 0, 0.5],
						"0.25": [-13.12, 0, 0.5],
						"0.2917": [-15.04, 0, 0.5],
						"0.3333": [-16.41, 0, 0.5],
						"0.375": [-17.23, 0, 0.5],
						"0.4167": [-17.5, 0, 0.5]
					}
				},
				"ring": {
					"rotation": [1, 0, 0]
				},
				"right_ear": {
					"rotation": [0, 0, 1.5]
				},
				"left_ear": {
					"rotation": [0, 0, -0.75]
				},
				"cape": {
					"rotation": {
						"0.0833": [0.38, 0, 0],
						"0.125": [-0.79, 0, 0],
						"0.1667": [-1.81, 0, 0],
						"0.2083": [-2.67, 0, 0],
						"0.25": [-3.37, 0, 0],
						"0.2917": [-3.92, 0, 0],
						"0.3333": [-4.31, 0, 0],
						"0.375": [-4.54, 0, 0],
						"0.4167": [-4.62, 0, 0]
					}
				},
				"stone": {
					"rotation": [51.96, 45, 0]
				},
				"total": {
					"scale": {
						"1.5": [1, 1, 1],
						"1.5417": [1.0174, 1.0174, 1.0174],
						"1.5833": [1.0445, 1.0445, 1.0445],
						"1.625": [1.0438, 1.0438, 1.0438],
						"1.6667": [0.9779, 0.9779, 0.9779],
						"1.7083": [0.8091, 0.8091, 0.8091],
						"1.75": [0.5, 0.5, 0.5],
						"1.7917": [0.1909, 0.1909, 0.1909],
						"1.8333": [0.0221, 0.0221, 0.0221],
						"1.875": [-0.0438, -0.0438, -0.0438],
						"1.9167": [-0.0445, -0.0445, -0.0445],
						"1.9583": [-0.0174, -0.0174, -0.0174],
						"2.0": [0, 0, 0]
					}
				},
				"body": {
					"rotation": {
						"0.0": [0, 0, 0],
						"0.0417": [-0.04, 0, 0],
						"0.0833": [-0.35, 0, 0],
						"0.125": [-1.19, 0, 0],
						"0.1667": [-2.81, 0, 0],
						"0.2083": [-5.49, 0, 0],
						"0.25": [-9.49, 0, 0],
						"0.2917": [-15.07, 0, 0],
						"0.3333": [-22.5, 0, 0],
						"0.375": [-37.27, 0, 0],
						"0.4167": [-50.76, 0, 0],
						"0.4583": [-62.97, 0, 0],
						"0.5": [-73.89, 0, 0],
						"0.5417": [-83.52, 0, 0],
						"0.5833": [-91.87, 0, 0],
						"0.625": [-98.94, 0, 0],
						"0.6667": [-104.72, 0, 0],
						"0.7083": [-109.22, 0, 0],
						"0.75": [-112.43, 0, 0],
						"0.7917": [-114.36, 0, 0],
						"0.8333": [-115, 0, 0]
					},
					"position": {
						"0.0": [0, 0, 0],
						"0.0417": [0, 0.1, 0.27],
						"0.0833": [0, 0.38, 1.07],
						"0.125": [0, 0.84, 2.36],
						"0.1667": [0, 1.46, 4.1],
						"0.2083": [0, 2.22, 6.22],
						"0.25": [0, 3.09, 8.64],
						"0.2917": [0, 4.02, 11.27],
						"0.3333": [0, 5, 14],
						"0.375": [0, 1.55, 17.91],
						"0.4167": [0, -1.32, 21.16],
						"0.4583": [0, -3.67, 23.83],
						"0.5": [0, -5.56, 25.96],
						"0.5417": [0, -7.02, 27.63],
						"0.5833": [0, -8.12, 28.88],
						"0.625": [0, -8.91, 29.77],
						"0.6667": [0, -9.44, 30.37],
						"0.7083": [0, -9.77, 30.73],
						"0.75": [0, -9.93, 30.92],
						"0.7917": [0, -9.99, 30.99],
						"0.8333": [0, -10, 31]
					}
				},
				"right_legs": {
					"rotation": {
						"0.2083": [0, 0, 0],
						"0.25": [-7.65, 3.28, 4.15],
						"0.2917": [-14.27, 6.12, 7.74],
						"0.3333": [-19.88, 8.52, 10.78],
						"0.375": [-24.46, 10.49, 13.27],
						"0.4167": [-28.03, 12.02, 15.2],
						"0.4583": [-30.58, 13.11, 16.59],
						"0.5": [-32.11, 13.77, 17.42],
						"0.5417": [-32.62, 13.99, 17.69],
						"0.5833": [-32.21, 13.77, 17.8],
						"0.625": [-31, 13.1, 18.13],
						"0.6667": [-28.97, 12, 18.69],
						"0.7083": [-26.13, 10.45, 19.46],
						"0.75": [-22.48, 8.46, 20.46],
						"0.7917": [-18.01, 6.02, 21.67],
						"0.8333": [-12.74, 3.14, 23.11],
						"0.875": [-6.65, -0.18, 24.77],
						"0.9167": [-0.57, -3.5, 26.43],
						"0.9583": [4.71, -6.37, 27.87],
						"1.0": [9.17, -8.81, 29.09],
						"1.0417": [12.82, -10.8, 30.08],
						"1.0833": [15.66, -12.35, 30.86],
						"1.125": [17.69, -13.46, 31.41],
						"1.1667": [18.91, -14.12, 31.74],
						"1.2083": [19.31, -14.34, 31.85]
					},
					"position": {
						"0.2083": [0, 0, 0],
						"0.25": [-0.23, 0, -0.23],
						"0.2917": [-0.44, 0, -0.44],
						"0.3333": [-0.61, 0, -0.61],
						"0.375": [-0.75, 0, -0.75],
						"0.4167": [-0.86, 0, -0.86],
						"0.4583": [-0.94, 0, -0.94],
						"0.5": [-0.98, 0, -0.98],
						"0.5417": [-1, 0, -1],
						"0.5833": [-1, 0, -0.99],
						"0.625": [-1, 0, -0.97],
						"0.6667": [-1, 0, -0.93],
						"0.7083": [-1, 0, -0.87],
						"0.75": [-1, 0, -0.8],
						"0.7917": [-1, 0, -0.72],
						"0.8333": [-1, 0, -0.62],
						"0.875": [-1, 0, -0.5],
						"0.9167": [-1, 0, -0.38],
						"0.9583": [-1, 0, -0.28],
						"1.0": [-1, 0, -0.2],
						"1.0417": [-1, 0, -0.13],
						"1.0833": [-1, 0, -0.07],
						"1.125": [-1, 0, -0.03],
						"1.1667": [-1, 0, -0.01],
						"1.2083": [-1, 0, 0]
					}
				},
				"left_legs": {
					"rotation": {
						"0.0833": [0, 0, 0],
						"0.125": [-4.04, 1.93, -3.66],
						"0.1667": [-7.55, 3.59, -6.84],
						"0.2083": [-10.51, 5.01, -9.52],
						"0.25": [-12.94, 6.16, -11.72],
						"0.2917": [-14.83, 7.06, -13.43],
						"0.3333": [-16.18, 7.7, -14.65],
						"0.375": [-16.99, 8.09, -15.38],
						"0.4167": [-17.25, 8.21, -15.63],
						"0.4583": [-16.92, 8.27, -15.73],
						"0.5": [-15.93, 8.42, -16.06],
						"0.5417": [-14.29, 8.69, -16.59],
						"0.5833": [-11.98, 9.05, -17.34],
						"0.625": [-9.01, 9.52, -18.31],
						"0.6667": [-5.38, 10.1, -19.48],
						"0.7083": [-1.09, 10.78, -20.88],
						"0.75": [3.86, 11.56, -22.48],
						"0.7917": [8.81, 12.35, -24.09],
						"0.8333": [13.1, 13.03, -25.48],
						"0.875": [16.73, 13.6, -26.66],
						"0.9167": [19.7, 14.07, -27.63],
						"0.9583": [22.01, 14.44, -28.38],
						"1.0": [23.66, 14.7, -28.91],
						"1.0417": [24.65, 14.86, -29.23],
						"1.0833": [24.98, 14.91, -29.34]
					},
					"position": {
						"0.0833": [0, 0, 0],
						"0.125": [0.23, 0.23, -0.23],
						"0.1667": [0.44, 0.44, -0.44],
						"0.2083": [0.61, 0.61, -0.61],
						"0.25": [0.75, 0.75, -0.75],
						"0.2917": [0.86, 0.86, -0.86],
						"0.3333": [0.94, 0.94, -0.94],
						"0.375": [0.98, 0.98, -0.98],
						"0.4167": [1, 1, -1],
						"0.4583": [1.01, 1, -0.99],
						"0.5": [1.03, 1, -0.97],
						"0.5417": [1.07, 1, -0.93],
						"0.5833": [1.13, 1, -0.88],
						"0.625": [1.2, 1, -0.8],
						"0.6667": [1.28, 1, -0.72],
						"0.7083": [1.38, 1, -0.62],
						"0.75": [1.5, 1, -0.5],
						"0.7917": [1.62, 1, -0.38],
						"0.8333": [1.72, 1, -0.28],
						"0.875": [1.8, 1, -0.2],
						"0.9167": [1.87, 1, -0.13],
						"0.9583": [1.93, 1, -0.07],
						"1.0": [1.97, 1, -0.03],
						"1.0417": [1.99, 1, -0.01],
						"1.0833": [2, 1, 0]
					}
				}
			}
		}
	},
	"geckolib_format_version": 2
}